LOB,Client,SurveyDate,ReqOrRec,DateIssued,RequiredByDate,RiskImprovementTitle,Status,StatusDate,RiskEngineer,Underwriter,DaysToComplete,IsOpen,DaysOverdue,HasDeadline,LeadTimeDays,RiskCategory,EngineerLoad,ClientOpenImprovements
Liability,760FDDEA5C9B57F9AC08B6F5589F1ED7,2024-05-02,Requirement,2024-05-07,2024-08-07,Workplace_Transport,In Process,,47B79BD259E22596FFC4BE2FFBBE5C5A,1D7B33FC26CA22C2011AAA97FECC43D8,,True,377.0,True,92.0,Other,217,7
Property,760FDDEA5C9B57F9AC08B6F5589F1ED7,2024-05-02,Requirement,2024-05-07,2024-07-07,Electrical_Maintenance,In Process,,47B79BD259E22596FFC4BE2FFBBE5C5A,1D7B33FC26CA22C2011AAA97FECC43D8,,True,408.0,True,61.0,Other,217,7
Property,760FDDEA5C9B57F9AC08B6F5589F1ED7,2024-05-02,Requirement,2024-05-07,2024-06-07,External_Storage,In Process,,47B79BD259E22596FFC4BE2FFBBE5C5A,1D7B33FC26CA22C2011AAA97FECC43D8,,True,438.0,True,31.0,Other,217,7
Liability,760FDDEA5C9B57F9AC08B6F5589F1ED7,2024-05-02,Requirement,2024-05-07,2024-07-07,Personal_Protective_Equipment,In Process,,47B79BD259E22596FFC4BE2FFBBE5C5A,1D7B33FC26CA22C2011AAA97FECC43D8,,True,408.0,True,61.0,Other,217,7
Property,760FDDEA5C9B57F9AC08B6F5589F1ED7,2024-05-02,Requirement,2024-05-07,2024-07-07,Business_Continuity,In Process,,47B79BD259E22596FFC4BE2FFBBE5C5A,1D7B33FC26CA22C2011AAA97FECC43D8,,True,408.0,True,61.0,Other,217,7
Liability,760FDDEA5C9B57F9AC08B6F5589F1ED7,2024-05-02,Requirement,2024-05-07,2024-06-07,Contractor_Controls,In Process,,47B79BD259E22596FFC4BE2FFBBE5C5A,1D7B33FC26CA22C2011AAA97FECC43D8,,True,438.0,True,31.0,Other,217,7
Property,760FDDEA5C9B57F9AC08B6F5589F1ED7,2024-05-02,Recommendation,2024-05-07,,Sprinkler_Protection,In Process,,47B79BD259E22596FFC4BE2FFBBE5C5A,1D7B33FC26CA22C2011AAA97FECC43D8,,True,0.0,False,,Other,217,7
Property,E75A271C859E6E118F2D9012F397D0B8,2023-01-30,Recommendation,2023-02-03,,Permits_to_Work,In Process,2023-02-03,92A54B358B4CF53CCA4095E4697E1004,1D7B33FC26CA22C2011AAA97FECC43D8,0.0,True,0.0,False,,Other,254,4
Property,E75A271C859E6E118F2D9012F397D0B8,2023-01-30,Recommendation,2023-02-03,,Electrical_Maintenance,In Process,2023-02-03,92A54B358B4CF53CCA4095E4697E1004,1D7B33FC26CA22C2011AAA97FECC43D8,0.0,True,0.0,False,,Other,254,4
Property,E75A271C859E6E118F2D9012F397D0B8,2023-01-30,Recommendation,2023-02-03,,Utilities,In Process,2023-02-03,92A54B358B4CF53CCA4095E4697E1004,1D7B33FC26CA22C2011AAA97FECC43D8,0.0,True,0.0,False,,Other,254,4
Property,E75A271C859E6E118F2D9012F397D0B8,2023-01-30,Recommendation,2023-02-03,,Contractor_Controls,In Process,2023-02-03,92A54B358B4CF53CCA4095E4697E1004,1D7B33FC26CA22C2011AAA97FECC43D8,0.0,True,0.0,False,,Other,254,4
Liability,B5D50F749C63ACCAD464F0B0FC922570,2022-02-24,Requirement,2022-02-02,2022-04-22,Accident_Investigation,No Response,,90581D96B500FD2D3FD701A583409CB8,94A990462684A2FBB5DFC7FAB1C8975D,,True,1215.0,True,79.0,Other,34,1
Property,9FBB7FD4D9EBDE6369644C1420CA8D57,2023-04-19,Requirement,,,Storage_Hazards,In Process,,92A54B358B4CF53CCA4095E4697E1004,1D50EEEE3AA774EB670B89AE648FC40C,,True,0.0,False,,Other,254,2
Property,9FBB7FD4D9EBDE6369644C1420CA8D57,2023-04-19,Recommendation,,,Special_Fixed_Fire_Protection,In Process,,92A54B358B4CF53CCA4095E4697E1004,1D50EEEE3AA774EB670B89AE648FC40C,,True,0.0,False,,Other,254,2
Property,3CA67D68801623BB3152696DFCB3B5DB,2020-10-30,Recommendation,2020-03-08,,Electrical_Maintenance,Completed Verified,2021-07-13,5CE8266757B27623F18AB526111231B6,F4A5F77DBC261A64BD853D05F8410365,492.0,True,0.0,False,,Other,310,5
Property,3CA67D68801623BB3152696DFCB3B5DB,2020-10-30,Recommendation,2020-03-08,,Security,Agreed Long Term,2022-12-20,5CE8266757B27623F18AB526111231B6,F4A5F77DBC261A64BD853D05F8410365,1017.0,True,0.0,False,,Security,310,5
Property,3CA67D68801623BB3152696DFCB3B5DB,2020-10-30,Requirement,2020-03-08,2020-04-08,Security,In Process,2021-07-13,5CE8266757B27623F18AB526111231B6,F4A5F77DBC261A64BD853D05F8410365,492.0,True,1959.0,True,31.0,Security,310,5
Property,3CA67D68801623BB3152696DFCB3B5DB,2020-10-30,Requirement,2020-03-08,2020-06-08,Fire_Safety_Management,No Response,2023-08-03,5CE8266757B27623F18AB526111231B6,F4A5F77DBC261A64BD853D05F8410365,1243.0,True,1898.0,True,92.0,Other,310,5
Property,3CA67D68801623BB3152696DFCB3B5DB,2020-10-30,Requirement,2020-03-08,2020-06-08,General_Maintenance,No Response,2023-03-08,5CE8266757B27623F18AB526111231B6,F4A5F77DBC261A64BD853D05F8410365,1095.0,True,1898.0,True,92.0,Other,310,5
Liability,C6A561CA65ABFB5A5094721F2E2A9098,2024-03-26,Requirement,2024-03-28,2024-05-28,Contractor_Controls,No Response,,47B79BD259E22596FFC4BE2FFBBE5C5A,B78CC6909042016DAAA04D83BAC97E90,,True,448.0,True,61.0,Other,217,6
Liability,C6A561CA65ABFB5A5094721F2E2A9098,2024-03-26,Requirement,2024-03-28,2024-05-28,WRULD,No Response,,47B79BD259E22596FFC4BE2FFBBE5C5A,B78CC6909042016DAAA04D83BAC97E90,,True,448.0,True,61.0,Other,217,6
Liability,C6A561CA65ABFB5A5094721F2E2A9098,2024-03-26,Requirement,2024-03-28,2024-06-28,Legionella,No Response,,47B79BD259E22596FFC4BE2FFBBE5C5A,B78CC6909042016DAAA04D83BAC97E90,,True,417.0,True,92.0,Other,217,6
Liability,C6A561CA65ABFB5A5094721F2E2A9098,2024-03-26,Recommendation,2024-03-28,,Claims_Defensibility,No Response,,47B79BD259E22596FFC4BE2FFBBE5C5A,B78CC6909042016DAAA04D83BAC97E90,,True,0.0,False,,Other,217,6
Liability,C6A561CA65ABFB5A5094721F2E2A9098,2024-03-26,Recommendation,2024-03-28,,Emergency_Response,No Response,,47B79BD259E22596FFC4BE2FFBBE5C5A,B78CC6909042016DAAA04D83BAC97E90,,True,0.0,False,,Other,217,6
Liability,C6A561CA65ABFB5A5094721F2E2A9098,2024-03-26,Recommendation,2024-03-28,,Claims_Defensibility,No Response,,47B79BD259E22596FFC4BE2FFBBE5C5A,B78CC6909042016DAAA04D83BAC97E90,,True,0.0,False,,Other,217,6
Property,03ABB455465B208547106B499C9A4CDA,2023-12-18,Requirement,2023-12-22,2024-01-22,Flammable_Liquids,No Response,,47B79BD259E22596FFC4BE2FFBBE5C5A,5BC06F5800D415CC95E1349EDBACA425,,True,575.0,True,31.0,Other,217,9
Property,03ABB455465B208547106B499C9A4CDA,2023-12-18,Requirement,2023-12-22,2024-02-22,Heating_and_Cooling,No Response,,47B79BD259E22596FFC4BE2FFBBE5C5A,5BC06F5800D415CC95E1349EDBACA425,,True,544.0,True,62.0,Other,217,9
Property,03ABB455465B208547106B499C9A4CDA,2023-12-18,Requirement,2023-12-22,2024-03-22,Automatic_Fire_Detection,No Response,,47B79BD259E22596FFC4BE2FFBBE5C5A,5BC06F5800D415CC95E1349EDBACA425,,True,515.0,True,91.0,Other,217,9
Property,03ABB455465B208547106B499C9A4CDA,2023-12-18,Requirement,2023-12-22,2024-02-22,External_Storage,No Response,,47B79BD259E22596FFC4BE2FFBBE5C5A,5BC06F5800D415CC95E1349EDBACA425,,True,544.0,True,62.0,Other,217,9
Property,03ABB455465B208547106B499C9A4CDA,2023-12-18,Requirement,2023-12-22,2024-01-22,Automatic_Fire_Detection,No Response,,47B79BD259E22596FFC4BE2FFBBE5C5A,5BC06F5800D415CC95E1349EDBACA425,,True,575.0,True,31.0,Other,217,9
Property,03ABB455465B208547106B499C9A4CDA,2023-12-18,Requirement,2023-12-22,2024-04-22,General_Maintenance,No Response,,47B79BD259E22596FFC4BE2FFBBE5C5A,5BC06F5800D415CC95E1349EDBACA425,,True,484.0,True,122.0,Other,217,9
Property,03ABB455465B208547106B499C9A4CDA,2023-12-18,Requirement,2023-12-22,2024-03-22,Process_Hazards,No Response,,47B79BD259E22596FFC4BE2FFBBE5C5A,5BC06F5800D415CC95E1349EDBACA425,,True,515.0,True,91.0,Other,217,9
Property,03ABB455465B208547106B499C9A4CDA,2023-12-18,Recommendation,2023-12-22,,Housekeeping,No Response,,47B79BD259E22596FFC4BE2FFBBE5C5A,5BC06F5800D415CC95E1349EDBACA425,,True,0.0,False,,Housekeeping,217,9
Property,03ABB455465B208547106B499C9A4CDA,2023-12-18,Recommendation,2023-12-22,,Smoking,No Response,,47B79BD259E22596FFC4BE2FFBBE5C5A,5BC06F5800D415CC95E1349EDBACA425,,True,0.0,False,,Combustibles,217,9
Property,705591FA7BD47474978572607E2B7CB0,2021-06-14,Recommendation,2021-06-23,,Management_of_Change,Completed Verified,2022-03-28,7B6166324DC52F374D908E03602B1DAF,3138B8E6061FDF7CFAAA79279175CBCD,278.0,True,0.0,False,,Other,14,2
Property,705591FA7BD47474978572607E2B7CB0,2021-06-14,Recommendation,2021-06-23,,Impairment_Procedures,Completed Verified,2022-03-28,7B6166324DC52F374D908E03602B1DAF,3138B8E6061FDF7CFAAA79279175CBCD,278.0,True,0.0,False,,Other,14,2
Liability,44F87115DFD63060860A59B2BC69C5AA,2023-09-12,Requirement,2023-11-28,2023-02-01,RPE Face Fit Testing,No Response,,5CE8266757B27623F18AB526111231B6,1D7B33FC26CA22C2011AAA97FECC43D8,,True,930.0,True,-300.0,Maintenance,310,2
Liability,44F87115DFD63060860A59B2BC69C5AA,2023-09-12,Recommendation,2023-11-28,,IOSH Managing & Working Safely Courses,No Response,,5CE8266757B27623F18AB526111231B6,C556331DE98FF0977430DADE00C6C714,,True,0.0,False,,Other,310,2
Motor,30379BDC4D23E07C6DAF6899AC326E99,2022-07-11,Requirement,2022-07-12,2022-07-18,Management_safety_procedure_for_vehilces,Completed Verified,2022-08-22,534AC75C2E8AC3E3FE7BC32BB8C6E34A,A06B33D1EA28E90733617EC889D4E76E,41.0,True,1128.0,True,6.0,Other,79,8
Motor,30379BDC4D23E07C6DAF6899AC326E99,2022-07-11,Recommendation,2022-07-12,,Management_safety_procedure_for_vehilces,Completed Verified,2022-08-22,534AC75C2E8AC3E3FE7BC32BB8C6E34A,A06B33D1EA28E90733617EC889D4E76E,41.0,True,0.0,False,,Other,79,8
Motor,30379BDC4D23E07C6DAF6899AC326E99,2022-07-11,Requirement,2022-08-22,2022-08-30,Management_safety_procedure_for_vehilces,Completed Verified,2022-08-22,534AC75C2E8AC3E3FE7BC32BB8C6E34A,A06B33D1EA28E90733617EC889D4E76E,0.0,True,1085.0,True,8.0,Other,79,8
Motor,30379BDC4D23E07C6DAF6899AC326E99,2022-09-02,Requirement,2022-09-02,2022-09-16,Management_safety_procedure_for_vehilces,Completed Verified,2022-09-08,534AC75C2E8AC3E3FE7BC32BB8C6E34A,A06B33D1EA28E90733617EC889D4E76E,6.0,True,1068.0,True,14.0,Other,79,8
Motor,30379BDC4D23E07C6DAF6899AC326E99,2022-09-02,Requirement,2022-09-02,2022-09-16,Management_safety_procedure_for_vehilces,Completed Verified,2022-09-08,534AC75C2E8AC3E3FE7BC32BB8C6E34A,A06B33D1EA28E90733617EC889D4E76E,6.0,True,1068.0,True,14.0,Other,79,8
Motor,30379BDC4D23E07C6DAF6899AC326E99,2022-09-02,Requirement,2022-09-02,2022-09-16,Management_safety_procedure_for_vehilces,Completed Verified,2022-09-08,534AC75C2E8AC3E3FE7BC32BB8C6E34A,A06B33D1EA28E90733617EC889D4E76E,6.0,True,1068.0,True,14.0,Other,79,8
Motor,30379BDC4D23E07C6DAF6899AC326E99,2022-09-02,Requirement,2022-09-02,2022-09-16,Management_safety_procedure_for_vehilces,Completed Verified,2022-09-08,534AC75C2E8AC3E3FE7BC32BB8C6E34A,A06B33D1EA28E90733617EC889D4E76E,6.0,True,1068.0,True,14.0,Other,79,8
Motor,30379BDC4D23E07C6DAF6899AC326E99,2022-09-02,Requirement,2022-09-02,2022-09-16,Management_safety_procedure_for_vehilces,Completed Verified,2022-09-08,534AC75C2E8AC3E3FE7BC32BB8C6E34A,A06B33D1EA28E90733617EC889D4E76E,6.0,True,1068.0,True,14.0,Other,79,8
Property,8672525073063DB022DCA4FB3D6EC3A5,2023-04-19,Recommendation,,,Process_Hazards,In Process,2023-06-02,FBD1E7BA9564863B88D5C43CB833AFAF,F4A5F77DBC261A64BD853D05F8410365,,True,0.0,False,,Other,414,8
Property,8672525073063DB022DCA4FB3D6EC3A5,2023-04-19,Recommendation,,,Process_Hazards,In Process,2023-06-02,FBD1E7BA9564863B88D5C43CB833AFAF,F4A5F77DBC261A64BD853D05F8410365,,True,0.0,False,,Other,414,8
Property,8672525073063DB022DCA4FB3D6EC3A5,2023-04-19,Recommendation,,,Construction,In Process,2023-06-02,FBD1E7BA9564863B88D5C43CB833AFAF,F4A5F77DBC261A64BD853D05F8410365,,True,0.0,False,,Other,414,8
Property,8672525073063DB022DCA4FB3D6EC3A5,2023-04-19,Recommendation,,,Special_Fixed_Fire_Protection,In Process,2023-06-02,FBD1E7BA9564863B88D5C43CB833AFAF,F4A5F77DBC261A64BD853D05F8410365,,True,0.0,False,,Other,414,8
Property,8672525073063DB022DCA4FB3D6EC3A5,2023-05-17,Recommendation,,,Automatic_Fire_Detection,In Process,2023-06-02,FBD1E7BA9564863B88D5C43CB833AFAF,F4A5F77DBC261A64BD853D05F8410365,,True,0.0,False,,Other,414,8
Property,8672525073063DB022DCA4FB3D6EC3A5,2023-05-17,Recommendation,,,Special_Fixed_Fire_Protection,In Process,2023-06-02,FBD1E7BA9564863B88D5C43CB833AFAF,F4A5F77DBC261A64BD853D05F8410365,,True,0.0,False,,Other,414,8
Property,8672525073063DB022DCA4FB3D6EC3A5,2023-05-17,Recommendation,,,Housekeeping,In Process,2023-06-02,FBD1E7BA9564863B88D5C43CB833AFAF,F4A5F77DBC261A64BD853D05F8410365,,True,0.0,False,,Housekeeping,414,8
Property,8672525073063DB022DCA4FB3D6EC3A5,2023-05-17,Recommendation,,,Impairment_Procedures,In Process,2023-06-02,FBD1E7BA9564863B88D5C43CB833AFAF,F4A5F77DBC261A64BD853D05F8410365,,True,0.0,False,,Other,414,8
Property,3CC0D555724E0A7FEB197DD170BEE59E,2023-11-14,Requirement,2023-12-18,2024-02-18,Compartmentation,Completed Verified,,FBD1E7BA9564863B88D5C43CB833AFAF,5BC06F5800D415CC95E1349EDBACA425,,True,548.0,True,62.0,Other,414,5
Property,3CC0D555724E0A7FEB197DD170BEE59E,2023-11-14,Requirement,2023-12-18,2024-02-18,Compartmentation,Completed Verified,,FBD1E7BA9564863B88D5C43CB833AFAF,5BC06F5800D415CC95E1349EDBACA425,,True,548.0,True,62.0,Other,414,5
Property,3CC0D555724E0A7FEB197DD170BEE59E,2023-11-14,Requirement,2023-12-18,2024-02-18,Sprinkler_Protection,Completed Verified,,FBD1E7BA9564863B88D5C43CB833AFAF,5BC06F5800D415CC95E1349EDBACA425,,True,548.0,True,62.0,Other,414,5
Property,3CC0D555724E0A7FEB197DD170BEE59E,2023-11-14,Requirement,2023-12-18,2024-02-18,Process_Hazards,Completed Verified,,FBD1E7BA9564863B88D5C43CB833AFAF,5BC06F5800D415CC95E1349EDBACA425,,True,548.0,True,62.0,Other,414,5
Property,3CC0D555724E0A7FEB197DD170BEE59E,2023-11-14,Requirement,2023-12-18,2024-02-18,Sprinkler_Protection,Completed Verified,,FBD1E7BA9564863B88D5C43CB833AFAF,5BC06F5800D415CC95E1349EDBACA425,,True,548.0,True,62.0,Other,414,5
Liability,07CCA1487367D40BA8611BE215676AFD,2024-01-24,Recommendation,2024-01-30,,Slips_Trips_Falls,No Response,,47B79BD259E22596FFC4BE2FFBBE5C5A,AA53CA0B650DFD85C4F59FA156F7A2CC,,True,0.0,False,,Other,217,1
Property,44296D283FE84B97DC77D82DE59F1B1F,2022-07-07,Requirement,2022-07-12,2022-10-12,Security,Completed Not Verified,2023-04-26,5CE8266757B27623F18AB526111231B6,79CBA1185463850DEDBA31F172F1DC5B,288.0,True,1042.0,True,92.0,Security,310,6
Property,44296D283FE84B97DC77D82DE59F1B1F,2022-07-07,Requirement,2022-07-12,2022-10-12,Security,Completed Not Verified,2023-04-26,5CE8266757B27623F18AB526111231B6,79CBA1185463850DEDBA31F172F1DC5B,288.0,True,1042.0,True,92.0,Security,310,6
Property,44296D283FE84B97DC77D82DE59F1B1F,2022-07-07,Requirement,2022-07-12,2022-10-12,Security,Completed Not Verified,2023-04-26,5CE8266757B27623F18AB526111231B6,79CBA1185463850DEDBA31F172F1DC5B,288.0,True,1042.0,True,92.0,Security,310,6
Property,44296D283FE84B97DC77D82DE59F1B1F,2022-07-07,Requirement,2022-07-12,2022-10-12,Security,Completed Not Verified,2023-04-26,5CE8266757B27623F18AB526111231B6,79CBA1185463850DEDBA31F172F1DC5B,288.0,True,1042.0,True,92.0,Security,310,6
Property,44296D283FE84B97DC77D82DE59F1B1F,2022-07-07,Requirement,2022-07-12,2022-10-12,Security,Completed Verified,2022-11-01,5CE8266757B27623F18AB526111231B6,79CBA1185463850DEDBA31F172F1DC5B,112.0,True,1042.0,True,92.0,Security,310,6
Property,44296D283FE84B97DC77D82DE59F1B1F,2022-07-07,Recommendation,2022-07-12,,Security,Completed Not Verified,2023-04-26,5CE8266757B27623F18AB526111231B6,79CBA1185463850DEDBA31F172F1DC5B,288.0,True,0.0,False,,Security,310,6
Property,18B5A802B4CB95B1D0F0E0EBFE8E1E09,2023-03-13,Requirement,2023-03-27,2023-06-28,Compartmentation,Completed Not Verified,2023-07-07,FBD1E7BA9564863B88D5C43CB833AFAF,94A990462684A2FBB5DFC7FAB1C8975D,102.0,True,783.0,True,93.0,Other,414,2
Property,18B5A802B4CB95B1D0F0E0EBFE8E1E09,2023-03-13,Requirement,2023-03-27,2023-06-28,Housekeeping,Completed Not Verified,2023-07-07,FBD1E7BA9564863B88D5C43CB833AFAF,94A990462684A2FBB5DFC7FAB1C8975D,102.0,True,783.0,True,93.0,Housekeeping,414,2
Property,6D4557058E9DCED0379A05B8A6A0B595,2024-05-19,Requirement,2024-06-06,2024-08-06,Compartmentation,In Process,2024-07-22,47B79BD259E22596FFC4BE2FFBBE5C5A,F003C44DEAB679AA2EDFAFF864C77402,46.0,True,378.0,True,61.0,Other,217,4
Property,6D4557058E9DCED0379A05B8A6A0B595,2024-05-19,Requirement,2024-06-06,2024-07-06,Automatic_Fire_Detection,In Process,2024-07-22,47B79BD259E22596FFC4BE2FFBBE5C5A,F003C44DEAB679AA2EDFAFF864C77402,46.0,True,409.0,True,30.0,Other,217,4
Property,6D4557058E9DCED0379A05B8A6A0B595,2024-05-19,Requirement,2024-06-06,2024-08-06,Fire_Safety_Management,In Process,2024-07-22,47B79BD259E22596FFC4BE2FFBBE5C5A,F003C44DEAB679AA2EDFAFF864C77402,46.0,True,378.0,True,61.0,Other,217,4
Property,6D4557058E9DCED0379A05B8A6A0B595,2024-05-19,Recommendation,2024-06-06,,Process_Hazards,In Process,2024-07-22,47B79BD259E22596FFC4BE2FFBBE5C5A,F003C44DEAB679AA2EDFAFF864C77402,46.0,True,0.0,False,,Other,217,4
Property,ED9AA810325FA7672257BDF9ACE7A81F,2024-05-28,Requirement,2024-06-06,2024-09-07,Compartmentation,No Response,,FBD1E7BA9564863B88D5C43CB833AFAF,5BC06F5800D415CC95E1349EDBACA425,,True,346.0,True,93.0,Other,414,28
Property,ED9AA810325FA7672257BDF9ACE7A81F,2024-05-28,Requirement,2024-06-06,2024-09-07,Fire_Safety_Management,No Response,,FBD1E7BA9564863B88D5C43CB833AFAF,5BC06F5800D415CC95E1349EDBACA425,,True,346.0,True,93.0,Other,414,28
Property,ED9AA810325FA7672257BDF9ACE7A81F,2024-05-28,Requirement,2024-06-06,2024-09-07,Flammable_Liquids,No Response,,FBD1E7BA9564863B88D5C43CB833AFAF,5BC06F5800D415CC95E1349EDBACA425,,True,346.0,True,93.0,Other,414,28
Property,ED9AA810325FA7672257BDF9ACE7A81F,2024-05-28,Requirement,2024-06-06,2024-09-07,Flammable_Liquids,No Response,,FBD1E7BA9564863B88D5C43CB833AFAF,5BC06F5800D415CC95E1349EDBACA425,,True,346.0,True,93.0,Other,414,28
Property,ED9AA810325FA7672257BDF9ACE7A81F,2024-05-28,Requirement,2024-06-06,2024-09-07,Process_Hazards,No Response,,FBD1E7BA9564863B88D5C43CB833AFAF,5BC06F5800D415CC95E1349EDBACA425,,True,346.0,True,93.0,Other,414,28
Property,ED9AA810325FA7672257BDF9ACE7A81F,2024-05-28,Requirement,2024-06-06,2024-09-07,Process_Hazards,No Response,,FBD1E7BA9564863B88D5C43CB833AFAF,5BC06F5800D415CC95E1349EDBACA425,,True,346.0,True,93.0,Other,414,28
Property,ED9AA810325FA7672257BDF9ACE7A81F,2024-05-28,Requirement,2024-06-06,2024-09-07,Housekeeping,No Response,,FBD1E7BA9564863B88D5C43CB833AFAF,5BC06F5800D415CC95E1349EDBACA425,,True,346.0,True,93.0,Housekeeping,414,28
Property,ED9AA810325FA7672257BDF9ACE7A81F,2024-05-28,Requirement,2024-06-06,2024-09-07,External_Storage,No Response,,FBD1E7BA9564863B88D5C43CB833AFAF,5BC06F5800D415CC95E1349EDBACA425,,True,346.0,True,93.0,Other,414,28
Property,ED9AA810325FA7672257BDF9ACE7A81F,2024-05-28,Requirement,2024-06-06,2024-09-07,Management_of_Change,No Response,,FBD1E7BA9564863B88D5C43CB833AFAF,5BC06F5800D415CC95E1349EDBACA425,,True,346.0,True,93.0,Other,414,28
Property,ED9AA810325FA7672257BDF9ACE7A81F,2024-05-30,Requirement,2024-06-06,2024-09-07,Construction,Completed Verified,,FBD1E7BA9564863B88D5C43CB833AFAF,5BC06F5800D415CC95E1349EDBACA425,,True,346.0,True,93.0,Other,414,28
Property,ED9AA810325FA7672257BDF9ACE7A81F,2024-05-30,Requirement,2024-06-06,2024-09-07,Automatic_Fire_Detection,Completed Not Verified,,FBD1E7BA9564863B88D5C43CB833AFAF,5BC06F5800D415CC95E1349EDBACA425,,True,346.0,True,93.0,Other,414,28
Property,ED9AA810325FA7672257BDF9ACE7A81F,2024-05-30,Requirement,2024-06-06,2024-09-07,Permits_to_Work,Completed Not Verified,,FBD1E7BA9564863B88D5C43CB833AFAF,5BC06F5800D415CC95E1349EDBACA425,,True,346.0,True,93.0,Other,414,28
Property,ED9AA810325FA7672257BDF9ACE7A81F,2024-05-30,Requirement,2024-06-06,2024-09-07,Maintenance,Under Review,,FBD1E7BA9564863B88D5C43CB833AFAF,5BC06F5800D415CC95E1349EDBACA425,,True,346.0,True,93.0,Maintenance,414,28
Property,ED9AA810325FA7672257BDF9ACE7A81F,2024-05-30,Requirement,2024-06-06,2024-09-07,External_Storage,Completed Not Verified,,FBD1E7BA9564863B88D5C43CB833AFAF,5BC06F5800D415CC95E1349EDBACA425,,True,346.0,True,93.0,Other,414,28
Property,ED9AA810325FA7672257BDF9ACE7A81F,2024-05-30,Requirement,2024-06-06,2024-09-07,Process_Hazards,No Response,,FBD1E7BA9564863B88D5C43CB833AFAF,5BC06F5800D415CC95E1349EDBACA425,,True,346.0,True,93.0,Other,414,28
Property,ED9AA810325FA7672257BDF9ACE7A81F,2024-05-30,Requirement,2024-06-06,2024-09-07,Sprinkler_Protection,No Response,,FBD1E7BA9564863B88D5C43CB833AFAF,5BC06F5800D415CC95E1349EDBACA425,,True,346.0,True,93.0,Other,414,28
Property,ED9AA810325FA7672257BDF9ACE7A81F,2024-05-30,Requirement,2024-06-06,2024-09-07,Special_Fixed_Fire_Protection,No Response,,FBD1E7BA9564863B88D5C43CB833AFAF,5BC06F5800D415CC95E1349EDBACA425,,True,346.0,True,93.0,Other,414,28
Property,ED9AA810325FA7672257BDF9ACE7A81F,2024-05-30,Requirement,2024-06-06,2024-09-07,Security,No Response,,FBD1E7BA9564863B88D5C43CB833AFAF,5BC06F5800D415CC95E1349EDBACA425,,True,346.0,True,93.0,Security,414,28
Property,ED9AA810325FA7672257BDF9ACE7A81F,2024-05-30,Requirement,2024-06-06,2024-09-07,Compartmentation,No Response,,FBD1E7BA9564863B88D5C43CB833AFAF,5BC06F5800D415CC95E1349EDBACA425,,True,346.0,True,93.0,Other,414,28
Property,ED9AA810325FA7672257BDF9ACE7A81F,2024-05-30,Requirement,2024-06-06,2024-09-07,Management_of_Change,No Response,,FBD1E7BA9564863B88D5C43CB833AFAF,5BC06F5800D415CC95E1349EDBACA425,,True,346.0,True,93.0,Other,414,28
Property,ED9AA810325FA7672257BDF9ACE7A81F,2024-05-28,Requirement,2024-06-06,2024-08-07,Flammable_Liquids,No Response,,FBD1E7BA9564863B88D5C43CB833AFAF,5BC06F5800D415CC95E1349EDBACA425,,True,377.0,True,62.0,Other,414,28
Property,ED9AA810325FA7672257BDF9ACE7A81F,2024-05-28,Requirement,2024-06-06,2024-08-07,Process_Hazards,No Response,,FBD1E7BA9564863B88D5C43CB833AFAF,5BC06F5800D415CC95E1349EDBACA425,,True,377.0,True,62.0,Other,414,28
Property,ED9AA810325FA7672257BDF9ACE7A81F,2024-05-28,Requirement,2024-06-06,2024-08-07,General_Maintenance,No Response,,FBD1E7BA9564863B88D5C43CB833AFAF,5BC06F5800D415CC95E1349EDBACA425,,True,377.0,True,62.0,Other,414,28
Property,ED9AA810325FA7672257BDF9ACE7A81F,2024-05-28,Requirement,2024-06-06,2024-08-07,Fire_Safety_Management,No Response,,FBD1E7BA9564863B88D5C43CB833AFAF,5BC06F5800D415CC95E1349EDBACA425,,True,377.0,True,62.0,Other,414,28
Property,ED9AA810325FA7672257BDF9ACE7A81F,2024-05-28,Requirement,2024-06-06,2024-08-07,Process_Hazards,No Response,,FBD1E7BA9564863B88D5C43CB833AFAF,5BC06F5800D415CC95E1349EDBACA425,,True,377.0,True,62.0,Other,414,28
Property,ED9AA810325FA7672257BDF9ACE7A81F,2024-05-28,Requirement,2024-06-06,2024-08-07,Fire_Safety_Management,No Response,,FBD1E7BA9564863B88D5C43CB833AFAF,5BC06F5800D415CC95E1349EDBACA425,,True,377.0,True,62.0,Other,414,28
Property,ED9AA810325FA7672257BDF9ACE7A81F,2024-05-28,Requirement,2024-06-06,2024-08-07,Housekeeping,No Response,,FBD1E7BA9564863B88D5C43CB833AFAF,5BC06F5800D415CC95E1349EDBACA425,,True,377.0,True,62.0,Housekeeping,414,28
Property,ED9AA810325FA7672257BDF9ACE7A81F,2024-05-28,Recommendation,2024-06-06,,Compartmentation,No Response,,FBD1E7BA9564863B88D5C43CB833AFAF,5BC06F5800D415CC95E1349EDBACA425,,True,0.0,False,,Other,414,28
Property,EDC8922965E8BC747E3E5799DE1578A9,2021-05-04,Requirement,2021-05-10,2021-09-10,Process_Hazards,Completed Not Verified,2022-04-26,92A54B358B4CF53CCA4095E4697E1004,F4A5F77DBC261A64BD853D05F8410365,351.0,True,1439.0,True,123.0,Other,254,5
Property,EDC8922965E8BC747E3E5799DE1578A9,2021-05-04,Requirement,2021-05-10,2021-07-10,Housekeeping,Completed Verified,2021-06-18,92A54B358B4CF53CCA4095E4697E1004,F4A5F77DBC261A64BD853D05F8410365,39.0,True,1501.0,True,61.0,Housekeeping,254,5
Property,EDC8922965E8BC747E3E5799DE1578A9,2021-05-04,Requirement,2021-05-10,2021-09-10,Process_Hazards,Completed Verified,2021-06-18,92A54B358B4CF53CCA4095E4697E1004,F4A5F77DBC261A64BD853D05F8410365,39.0,True,1439.0,True,123.0,Other,254,5
Property,EDC8922965E8BC747E3E5799DE1578A9,2021-05-04,Requirement,2021-05-10,2021-09-10,Process_Hazards,Completed Verified,2021-06-18,92A54B358B4CF53CCA4095E4697E1004,F4A5F77DBC261A64BD853D05F8410365,39.0,True,1439.0,True,123.0,Other,254,5
Property,EDC8922965E8BC747E3E5799DE1578A9,2021-05-04,Requirement,2021-05-10,2021-09-10,External_Storage,Completed Verified,2022-03-28,92A54B358B4CF53CCA4095E4697E1004,F4A5F77DBC261A64BD853D05F8410365,322.0,True,1439.0,True,123.0,Other,254,5
Motor,62E8B5EA7622474A20EAE2D695B2102A,2021-10-14,Recommendation,2021-10-14,,Fleet_Risk_Management,No Response,,FBD1E7BA9564863B88D5C43CB833AFAF,4BAEE84AF7A92177C9064DDC2FC010CE,,True,0.0,False,,Other,414,5
Motor,62E8B5EA7622474A20EAE2D695B2102A,2021-10-14,Recommendation,2021-10-14,,Fleet_Risk_Management,No Response,,FBD1E7BA9564863B88D5C43CB833AFAF,4BAEE84AF7A92177C9064DDC2FC010CE,,True,0.0,False,,Other,414,5
Motor,62E8B5EA7622474A20EAE2D695B2102A,2021-10-14,Recommendation,2021-10-14,,Fleet_Risk_Management,No Response,,FBD1E7BA9564863B88D5C43CB833AFAF,4BAEE84AF7A92177C9064DDC2FC010CE,,True,0.0,False,,Other,414,5
Motor,62E8B5EA7622474A20EAE2D695B2102A,2021-10-14,Recommendation,2021-10-14,,Fleet_Risk_Management,No Response,,FBD1E7BA9564863B88D5C43CB833AFAF,4BAEE84AF7A92177C9064DDC2FC010CE,,True,0.0,False,,Other,414,5
Motor,62E8B5EA7622474A20EAE2D695B2102A,2021-10-14,Recommendation,2021-10-14,,Fleet_Risk_Management,No Response,,FBD1E7BA9564863B88D5C43CB833AFAF,4BAEE84AF7A92177C9064DDC2FC010CE,,True,0.0,False,,Other,414,5
Property,25E6EDA39828266DDB287258014932FB,2021-07-14,Recommendation,2021-07-22,,Process_Hazards,Completed Verified,2022-12-06,5CE8266757B27623F18AB526111231B6,3138B8E6061FDF7CFAAA79279175CBCD,502.0,True,0.0,False,,Other,310,10
Property,25E6EDA39828266DDB287258014932FB,2021-07-14,Recommendation,2021-07-22,,Management_of_Change,Completed Verified,2021-10-29,5CE8266757B27623F18AB526111231B6,3138B8E6061FDF7CFAAA79279175CBCD,99.0,True,0.0,False,,Other,310,10
Property,25E6EDA39828266DDB287258014932FB,2021-07-14,Recommendation,2021-07-22,,Automatic_Fire_Detection,Completed Not Verified,2022-06-13,5CE8266757B27623F18AB526111231B6,3138B8E6061FDF7CFAAA79279175CBCD,326.0,True,0.0,False,,Other,310,10
Property,25E6EDA39828266DDB287258014932FB,2021-07-14,Recommendation,2021-07-22,,Electrical_Maintenance,Completed Not Verified,2022-06-13,5CE8266757B27623F18AB526111231B6,3138B8E6061FDF7CFAAA79279175CBCD,326.0,True,0.0,False,,Other,310,10
Property,25E6EDA39828266DDB287258014932FB,2021-07-14,Recommendation,2021-07-22,,Process_Hazards,Completed Not Verified,2022-06-13,5CE8266757B27623F18AB526111231B6,3138B8E6061FDF7CFAAA79279175CBCD,326.0,True,0.0,False,,Other,310,10
Property,25E6EDA39828266DDB287258014932FB,2021-07-14,Recommendation,2021-07-22,,Construction,In Process,2021-10-29,5CE8266757B27623F18AB526111231B6,3138B8E6061FDF7CFAAA79279175CBCD,99.0,True,0.0,False,,Other,310,10
Property,25E6EDA39828266DDB287258014932FB,2021-07-29,Recommendation,2021-08-06,,Special_Fixed_Fire_Protection,Completed Not Verified,2022-06-13,5CE8266757B27623F18AB526111231B6,3138B8E6061FDF7CFAAA79279175CBCD,311.0,True,0.0,False,,Other,310,10
Property,25E6EDA39828266DDB287258014932FB,2021-07-29,Recommendation,2021-08-06,,External_Storage,Completed Not Verified,2022-06-13,5CE8266757B27623F18AB526111231B6,3138B8E6061FDF7CFAAA79279175CBCD,311.0,True,0.0,False,,Other,310,10
Property,25E6EDA39828266DDB287258014932FB,2021-07-29,Requirement,2021-08-06,2021-11-06,General_Maintenance,Completed Verified,2021-10-29,5CE8266757B27623F18AB526111231B6,3138B8E6061FDF7CFAAA79279175CBCD,84.0,True,1382.0,True,92.0,Other,310,10
Property,25E6EDA39828266DDB287258014932FB,2021-07-29,Requirement,2021-08-06,2021-11-06,General_Maintenance,Completed Verified,2021-10-29,5CE8266757B27623F18AB526111231B6,3138B8E6061FDF7CFAAA79279175CBCD,84.0,True,1382.0,True,92.0,Other,310,10
Property,6FF9A392D8017E91061FCA7A0D2BCDDB,2021-08-19,Recommendation,2021-08-23,,Management_of_Change,In Process,2022-11-04,5CE8266757B27623F18AB526111231B6,F4A5F77DBC261A64BD853D05F8410365,438.0,True,0.0,False,,Other,310,28
Property,6FF9A392D8017E91061FCA7A0D2BCDDB,2021-08-19,Requirement,2021-08-23,2021-09-23,Management_of_Change,Completed Verified,2022-07-05,5CE8266757B27623F18AB526111231B6,F4A5F77DBC261A64BD853D05F8410365,316.0,True,1426.0,True,31.0,Other,310,28
Property,6FF9A392D8017E91061FCA7A0D2BCDDB,2021-08-19,Requirement,2021-08-23,2021-09-23,Process_Hazards,Completed Verified,2022-11-04,5CE8266757B27623F18AB526111231B6,F4A5F77DBC261A64BD853D05F8410365,438.0,True,1426.0,True,31.0,Other,310,28
Property,6FF9A392D8017E91061FCA7A0D2BCDDB,2021-08-19,Requirement,2021-08-23,2021-11-23,Emergency_Response,Completed Verified,2022-07-05,5CE8266757B27623F18AB526111231B6,F4A5F77DBC261A64BD853D05F8410365,316.0,True,1365.0,True,92.0,Other,310,28
Property,6FF9A392D8017E91061FCA7A0D2BCDDB,2021-08-19,Requirement,2021-08-23,2021-12-23,Process_Hazards,In Process,2023-08-30,5CE8266757B27623F18AB526111231B6,F4A5F77DBC261A64BD853D05F8410365,737.0,True,1335.0,True,122.0,Other,310,28
Property,6FF9A392D8017E91061FCA7A0D2BCDDB,2021-08-19,Requirement,2021-08-23,2021-11-23,Compartmentation,No Plans,2022-11-04,5CE8266757B27623F18AB526111231B6,F4A5F77DBC261A64BD853D05F8410365,438.0,True,1365.0,True,92.0,Other,310,28
Property,6FF9A392D8017E91061FCA7A0D2BCDDB,2021-08-19,Requirement,2021-08-23,2022-02-23,Compartmentation,No Plans,2022-11-04,5CE8266757B27623F18AB526111231B6,F4A5F77DBC261A64BD853D05F8410365,438.0,True,1273.0,True,184.0,Other,310,28
Property,6FF9A392D8017E91061FCA7A0D2BCDDB,2021-11-16,Recommendation,2021-11-26,,External_Storage,Completed Not Verified,2022-04-13,5CE8266757B27623F18AB526111231B6,F4A5F77DBC261A64BD853D05F8410365,138.0,True,0.0,False,,Other,310,28
Property,6FF9A392D8017E91061FCA7A0D2BCDDB,2021-11-16,Recommendation,2021-11-26,,Construction,Completed Not Verified,2022-04-13,5CE8266757B27623F18AB526111231B6,F4A5F77DBC261A64BD853D05F8410365,138.0,True,0.0,False,,Other,310,28
Property,6FF9A392D8017E91061FCA7A0D2BCDDB,2021-11-16,Recommendation,2021-11-26,,Process_Hazards,Completed Not Verified,2022-04-13,5CE8266757B27623F18AB526111231B6,F4A5F77DBC261A64BD853D05F8410365,138.0,True,0.0,False,,Other,310,28
Property,6FF9A392D8017E91061FCA7A0D2BCDDB,2021-11-16,Recommendation,2021-11-26,,Compartmentation,Completed Not Verified,2022-04-13,5CE8266757B27623F18AB526111231B6,F4A5F77DBC261A64BD853D05F8410365,138.0,True,0.0,False,,Other,310,28
Property,6FF9A392D8017E91061FCA7A0D2BCDDB,2021-11-16,Recommendation,2021-11-26,,Compartmentation,Completed Not Verified,2022-04-13,5CE8266757B27623F18AB526111231B6,F4A5F77DBC261A64BD853D05F8410365,138.0,True,0.0,False,,Other,310,28
Property,6FF9A392D8017E91061FCA7A0D2BCDDB,2021-11-16,Recommendation,2021-11-26,,Automatic_Fire_Detection,Completed Not Verified,2022-04-13,5CE8266757B27623F18AB526111231B6,F4A5F77DBC261A64BD853D05F8410365,138.0,True,0.0,False,,Other,310,28
Property,6FF9A392D8017E91061FCA7A0D2BCDDB,2021-11-16,Recommendation,2021-11-26,,Process_Hazards,Completed Not Verified,2022-04-13,5CE8266757B27623F18AB526111231B6,F4A5F77DBC261A64BD853D05F8410365,138.0,True,0.0,False,,Other,310,28
Property,6FF9A392D8017E91061FCA7A0D2BCDDB,2021-11-16,Recommendation,2021-11-26,,Business_Continuity,In Process,2022-04-13,5CE8266757B27623F18AB526111231B6,F4A5F77DBC261A64BD853D05F8410365,138.0,True,0.0,False,,Other,310,28
Property,6FF9A392D8017E91061FCA7A0D2BCDDB,2021-11-16,Recommendation,2021-11-26,,Electrical_Maintenance,In Process,2022-04-13,5CE8266757B27623F18AB526111231B6,F4A5F77DBC261A64BD853D05F8410365,138.0,True,0.0,False,,Other,310,28
Property,6FF9A392D8017E91061FCA7A0D2BCDDB,2021-11-16,Recommendation,2021-11-26,,External_Storage,In Process,2022-04-13,5CE8266757B27623F18AB526111231B6,F4A5F77DBC261A64BD853D05F8410365,138.0,True,0.0,False,,Other,310,28
Property,6FF9A392D8017E91061FCA7A0D2BCDDB,2021-11-16,Recommendation,2021-11-26,,Compartmentation,In Process,2022-04-13,5CE8266757B27623F18AB526111231B6,F4A5F77DBC261A64BD853D05F8410365,138.0,True,0.0,False,,Other,310,28
Property,6FF9A392D8017E91061FCA7A0D2BCDDB,2021-11-16,Recommendation,2021-11-26,,Automatic_Fire_Detection,In Process,2022-04-13,5CE8266757B27623F18AB526111231B6,F4A5F77DBC261A64BD853D05F8410365,138.0,True,0.0,False,,Other,310,28
Property,6FF9A392D8017E91061FCA7A0D2BCDDB,2022-07-05,Requirement,2022-07-14,2022-08-14,Electrical_Maintenance,Completed Not Verified,2022-11-04,5CE8266757B27623F18AB526111231B6,F4A5F77DBC261A64BD853D05F8410365,113.0,True,1101.0,True,31.0,Other,310,28
Property,6FF9A392D8017E91061FCA7A0D2BCDDB,2022-07-05,Requirement,2022-07-14,2022-08-14,Inspections,In Process,2023-09-07,5CE8266757B27623F18AB526111231B6,F4A5F77DBC261A64BD853D05F8410365,420.0,True,1101.0,True,31.0,Other,310,28
Property,6FF9A392D8017E91061FCA7A0D2BCDDB,2022-07-05,Requirement,2022-07-14,2022-10-14,Compartmentation,No Plans,2023-09-07,5CE8266757B27623F18AB526111231B6,F4A5F77DBC261A64BD853D05F8410365,420.0,True,1040.0,True,92.0,Other,310,28
Property,6FF9A392D8017E91061FCA7A0D2BCDDB,2022-07-05,Requirement,2022-07-14,2023-01-14,Contractor_Controls,No Response,2023-09-07,5CE8266757B27623F18AB526111231B6,F4A5F77DBC261A64BD853D05F8410365,420.0,True,948.0,True,184.0,Other,310,28
Property,6FF9A392D8017E91061FCA7A0D2BCDDB,2022-07-05,Requirement,2022-07-14,2022-09-14,Management_of_Change,No Response,2023-09-07,5CE8266757B27623F18AB526111231B6,F4A5F77DBC261A64BD853D05F8410365,420.0,True,1070.0,True,62.0,Other,310,28
Property,6FF9A392D8017E91061FCA7A0D2BCDDB,2022-07-05,Requirement,2022-07-14,2022-10-14,General_Maintenance,In Process,2023-09-07,5CE8266757B27623F18AB526111231B6,F4A5F77DBC261A64BD853D05F8410365,420.0,True,1040.0,True,92.0,Other,310,28
Property,6FF9A392D8017E91061FCA7A0D2BCDDB,2022-07-05,Requirement,2022-07-14,2022-09-14,Impairment_Procedures,No Response,2023-09-07,5CE8266757B27623F18AB526111231B6,F4A5F77DBC261A64BD853D05F8410365,420.0,True,1070.0,True,62.0,Other,310,28
Property,6FF9A392D8017E91061FCA7A0D2BCDDB,2022-07-05,Requirement,2022-07-14,2023-01-14,General_Maintenance,No Response,2023-09-07,5CE8266757B27623F18AB526111231B6,F4A5F77DBC261A64BD853D05F8410365,420.0,True,948.0,True,184.0,Other,310,28
Property,6FF9A392D8017E91061FCA7A0D2BCDDB,2022-07-05,Recommendation,2022-07-14,,Business_Continuity,Agreed Long Term,2023-08-30,5CE8266757B27623F18AB526111231B6,F4A5F77DBC261A64BD853D05F8410365,412.0,True,0.0,False,,Other,310,28
Liability,3F7B52908ABBD889CD292CA660F52F7B,2022-12-08,Critical Requirement,2022-12-19,2023-01-31,Risk_Assessment,In Process,2023-07-06,5651D908D5B3AB8D4A8FE8089B4E7D83,6848AE6F8E786062F1B23476C9ECD258,199.0,True,931.0,True,43.0,Other,27,5
Liability,3F7B52908ABBD889CD292CA660F52F7B,2022-12-08,Requirement,2022-12-19,2023-01-31,Safe_Operating_Procedures,In Process,2023-06-13,5651D908D5B3AB8D4A8FE8089B4E7D83,6848AE6F8E786062F1B23476C9ECD258,176.0,True,931.0,True,43.0,Other,27,5
Liability,3F7B52908ABBD889CD292CA660F52F7B,2022-12-08,Requirement,2022-12-19,2023-01-31,Safe_Operating_Procedures,In Process,2023-06-13,5651D908D5B3AB8D4A8FE8089B4E7D83,6848AE6F8E786062F1B23476C9ECD258,176.0,True,931.0,True,43.0,Other,27,5
Liability,3F7B52908ABBD889CD292CA660F52F7B,2022-12-08,Requirement,2022-12-19,2023-01-31,Risk_Assessment,In Process,2023-07-06,5651D908D5B3AB8D4A8FE8089B4E7D83,6848AE6F8E786062F1B23476C9ECD258,199.0,True,931.0,True,43.0,Other,27,5
Liability,3F7B52908ABBD889CD292CA660F52F7B,2022-12-08,Requirement,2022-12-19,2023-01-31,Risk_Assessment,In Process,2023-06-13,5651D908D5B3AB8D4A8FE8089B4E7D83,6848AE6F8E786062F1B23476C9ECD258,176.0,True,931.0,True,43.0,Other,27,5
Property,2F6AB67BDD0084A4F1325F43D8A36591,2024-05-02,Requirement,2024-05-28,2024-08-28,Inspections,In Process,,FBD1E7BA9564863B88D5C43CB833AFAF,C6A0E7C2E78CED7F024313CB92B897A3,,True,356.0,True,92.0,Other,414,6
Property,2F6AB67BDD0084A4F1325F43D8A36591,2024-05-02,Requirement,2024-05-28,2024-08-28,Security,In Process,,FBD1E7BA9564863B88D5C43CB833AFAF,C6A0E7C2E78CED7F024313CB92B897A3,,True,356.0,True,92.0,Security,414,6
Property,2F6AB67BDD0084A4F1325F43D8A36591,2024-05-02,Requirement,2024-05-28,2024-08-28,Security,In Process,,FBD1E7BA9564863B88D5C43CB833AFAF,C6A0E7C2E78CED7F024313CB92B897A3,,True,356.0,True,92.0,Security,414,6
Property,2F6AB67BDD0084A4F1325F43D8A36591,2024-05-02,Requirement,2024-05-28,2024-08-28,Security,In Process,,FBD1E7BA9564863B88D5C43CB833AFAF,C6A0E7C2E78CED7F024313CB92B897A3,,True,356.0,True,92.0,Security,414,6
Property,2F6AB67BDD0084A4F1325F43D8A36591,2024-05-02,Requirement,2024-05-28,2024-08-28,Fire_Safety_Management,In Process,,FBD1E7BA9564863B88D5C43CB833AFAF,C6A0E7C2E78CED7F024313CB92B897A3,,True,356.0,True,92.0,Other,414,6
Property,2F6AB67BDD0084A4F1325F43D8A36591,2024-05-02,Requirement,2024-05-28,2024-08-28,Management_of_Change,In Process,,FBD1E7BA9564863B88D5C43CB833AFAF,C6A0E7C2E78CED7F024313CB92B897A3,,True,356.0,True,92.0,Other,414,6
Property,3D8FB897584A06A2E0A2D6E33A448F57,2023-02-07,Recommendation,2023-02-15,,Business_Continuity,In Process,2023-02-17,5CE8266757B27623F18AB526111231B6,3A52F3C22ED6FCDE5BF696A6C02C9E73,2.0,True,0.0,False,,Other,310,3
Property,3D8FB897584A06A2E0A2D6E33A448F57,2023-02-07,Recommendation,2023-02-15,,Fire_Service_and_Water_Supplies,In Process,2023-02-17,5CE8266757B27623F18AB526111231B6,3A52F3C22ED6FCDE5BF696A6C02C9E73,2.0,True,0.0,False,,Other,310,3
Property,3D8FB897584A06A2E0A2D6E33A448F57,2023-02-07,Recommendation,2023-02-15,,Process_Hazards,In Process,2023-02-17,5CE8266757B27623F18AB526111231B6,3A52F3C22ED6FCDE5BF696A6C02C9E73,2.0,True,0.0,False,,Other,310,3
Property,87E88544A2352414E76C392C103231A3,2022-02-02,Recommendation,2022-05-25,,External_Storage,No Response,,FBD1E7BA9564863B88D5C43CB833AFAF,94A990462684A2FBB5DFC7FAB1C8975D,,True,0.0,False,,Other,414,2
Property,87E88544A2352414E76C392C103231A3,2022-02-02,Recommendation,2022-05-25,,General_Maintenance,No Response,,FBD1E7BA9564863B88D5C43CB833AFAF,94A990462684A2FBB5DFC7FAB1C8975D,,True,0.0,False,,Other,414,2
Property,AC163B5ED438330D231A882A06417B80,2024-05-24,Requirement,2024-07-05,2024-08-30,General_Maintenance,In Process,2024-07-25,FBD1E7BA9564863B88D5C43CB833AFAF,25EC916D56B8212E569DBF2E4E4B51D4,20.0,True,354.0,True,56.0,Other,414,5
Property,AC163B5ED438330D231A882A06417B80,2024-05-24,Requirement,2024-07-05,2024-08-30,Process_Hazards,In Process,2024-07-25,FBD1E7BA9564863B88D5C43CB833AFAF,25EC916D56B8212E569DBF2E4E4B51D4,20.0,True,354.0,True,56.0,Other,414,5
Property,AC163B5ED438330D231A882A06417B80,2024-05-24,Requirement,2024-07-05,2024-08-30,Fire_Safety_Management,In Process,2024-07-25,FBD1E7BA9564863B88D5C43CB833AFAF,25EC916D56B8212E569DBF2E4E4B51D4,20.0,True,354.0,True,56.0,Other,414,5
Property,AC163B5ED438330D231A882A06417B80,2024-05-24,Requirement,2024-07-05,2024-08-30,Special_Fixed_Fire_Protection,Under Review,2024-07-25,FBD1E7BA9564863B88D5C43CB833AFAF,25EC916D56B8212E569DBF2E4E4B51D4,20.0,True,354.0,True,56.0,Other,414,5
Property,AC163B5ED438330D231A882A06417B80,2024-05-24,Recommendation,2024-07-05,2024-08-30,Security,No Plans Agreed,2024-07-25,FBD1E7BA9564863B88D5C43CB833AFAF,25EC916D56B8212E569DBF2E4E4B51D4,20.0,True,354.0,True,56.0,Security,414,5
Property,13EDAB3172484C10BA25A4AD69EB9A31,2021-11-25,Recommendation,2022-03-29,,External_Storage,Under Review,2022-11-24,FBD1E7BA9564863B88D5C43CB833AFAF,6848AE6F8E786062F1B23476C9ECD258,240.0,True,0.0,False,,Other,414,56
Property,13EDAB3172484C10BA25A4AD69EB9A31,2021-11-25,Recommendation,2022-03-29,,General_Maintenance,Under Review,2022-11-24,FBD1E7BA9564863B88D5C43CB833AFAF,6848AE6F8E786062F1B23476C9ECD258,240.0,True,0.0,False,,Other,414,56
Property,13EDAB3172484C10BA25A4AD69EB9A31,2022-06-21,Requirement,2022-06-21,2023-01-01,Automatic_Fire_Detection,Completed Verified,2022-11-24,FBD1E7BA9564863B88D5C43CB833AFAF,6848AE6F8E786062F1B23476C9ECD258,156.0,True,961.0,True,194.0,Other,414,56
Property,13EDAB3172484C10BA25A4AD69EB9A31,2022-06-21,Requirement,2022-07-05,2023-01-01,Sprinkler_Protection,Completed Verified,2022-11-24,FBD1E7BA9564863B88D5C43CB833AFAF,6848AE6F8E786062F1B23476C9ECD258,142.0,True,961.0,True,180.0,Other,414,56
Property,13EDAB3172484C10BA25A4AD69EB9A31,2022-06-21,Requirement,2022-07-05,2022-10-31,Emergency_Response,Completed Not Verified,2023-03-28,FBD1E7BA9564863B88D5C43CB833AFAF,6848AE6F8E786062F1B23476C9ECD258,266.0,True,1023.0,True,118.0,Other,414,56
Property,13EDAB3172484C10BA25A4AD69EB9A31,2022-06-21,Requirement,2022-07-05,2023-01-01,Utilities,Completed Verified,2022-11-24,FBD1E7BA9564863B88D5C43CB833AFAF,6848AE6F8E786062F1B23476C9ECD258,142.0,True,961.0,True,180.0,Other,414,56
Property,13EDAB3172484C10BA25A4AD69EB9A31,2022-06-21,Requirement,2022-07-05,2023-01-01,Inspections,Completed Not Verified,2022-11-24,FBD1E7BA9564863B88D5C43CB833AFAF,6848AE6F8E786062F1B23476C9ECD258,142.0,True,961.0,True,180.0,Other,414,56
Property,13EDAB3172484C10BA25A4AD69EB9A31,2022-06-21,Requirement,2022-07-05,2022-10-31,General_Maintenance,Completed Not Verified,2022-11-24,FBD1E7BA9564863B88D5C43CB833AFAF,6848AE6F8E786062F1B23476C9ECD258,142.0,True,1023.0,True,118.0,Other,414,56
Property,13EDAB3172484C10BA25A4AD69EB9A31,2022-06-21,Requirement,2022-07-05,2022-10-31,Fire_Service_and_Water_Supplies,Completed Verified,2023-03-28,FBD1E7BA9564863B88D5C43CB833AFAF,6848AE6F8E786062F1B23476C9ECD258,266.0,True,1023.0,True,118.0,Other,414,56
Property,13EDAB3172484C10BA25A4AD69EB9A31,2022-06-21,Requirement,2022-07-05,2023-01-01,Security,Completed Verified,2023-03-28,FBD1E7BA9564863B88D5C43CB833AFAF,6848AE6F8E786062F1B23476C9ECD258,266.0,True,961.0,True,180.0,Security,414,56
Property,13EDAB3172484C10BA25A4AD69EB9A31,2022-06-21,Requirement,2022-07-05,2022-10-31,Security,Completed Verified,2023-03-28,FBD1E7BA9564863B88D5C43CB833AFAF,6848AE6F8E786062F1B23476C9ECD258,266.0,True,1023.0,True,118.0,Security,414,56
Property,13EDAB3172484C10BA25A4AD69EB9A31,2022-06-21,Requirement,2022-07-05,2022-10-31,Security,Completed Verified,2023-03-28,FBD1E7BA9564863B88D5C43CB833AFAF,6848AE6F8E786062F1B23476C9ECD258,266.0,True,1023.0,True,118.0,Security,414,56
Property,13EDAB3172484C10BA25A4AD69EB9A31,2022-06-21,Requirement,2022-07-05,2022-10-31,Sprinkler_Protection,Completed Not Verified,2023-03-28,FBD1E7BA9564863B88D5C43CB833AFAF,6848AE6F8E786062F1B23476C9ECD258,266.0,True,1023.0,True,118.0,Other,414,56
Property,13EDAB3172484C10BA25A4AD69EB9A31,2022-06-21,Requirement,2022-07-05,2022-10-31,Security,Completed Verified,2022-07-11,FBD1E7BA9564863B88D5C43CB833AFAF,6848AE6F8E786062F1B23476C9ECD258,6.0,True,1023.0,True,118.0,Security,414,56
Property,13EDAB3172484C10BA25A4AD69EB9A31,2022-06-21,Recommendation,2022-07-05,,Security,Completed Verified,2023-03-28,FBD1E7BA9564863B88D5C43CB833AFAF,6848AE6F8E786062F1B23476C9ECD258,266.0,True,0.0,False,,Security,414,56
Property,13EDAB3172484C10BA25A4AD69EB9A31,2022-06-21,Requirement,2022-07-05,2023-01-01,Security,Completed Verified,2022-11-24,FBD1E7BA9564863B88D5C43CB833AFAF,6848AE6F8E786062F1B23476C9ECD258,142.0,True,961.0,True,180.0,Security,414,56
Property,13EDAB3172484C10BA25A4AD69EB9A31,2022-06-21,Recommendation,2022-07-05,,Security,Completed Not Verified,2022-11-24,FBD1E7BA9564863B88D5C43CB833AFAF,6848AE6F8E786062F1B23476C9ECD258,142.0,True,0.0,False,,Security,414,56
Property,13EDAB3172484C10BA25A4AD69EB9A31,2022-06-21,Requirement,2022-07-05,2023-01-01,General_Maintenance,In Process,2022-11-24,FBD1E7BA9564863B88D5C43CB833AFAF,6848AE6F8E786062F1B23476C9ECD258,142.0,True,961.0,True,180.0,Other,414,56
Property,13EDAB3172484C10BA25A4AD69EB9A31,2023-03-06,Requirement,2023-03-31,2023-05-30,Storage_Hazards,In Process,2023-05-30,FBD1E7BA9564863B88D5C43CB833AFAF,6848AE6F8E786062F1B23476C9ECD258,60.0,True,812.0,True,60.0,Other,414,56
Property,13EDAB3172484C10BA25A4AD69EB9A31,2023-03-06,Requirement,2023-03-31,2023-05-30,External_Storage,In Process,2023-05-30,FBD1E7BA9564863B88D5C43CB833AFAF,6848AE6F8E786062F1B23476C9ECD258,60.0,True,812.0,True,60.0,Other,414,56
Property,13EDAB3172484C10BA25A4AD69EB9A31,2023-03-06,Requirement,2023-03-31,2023-05-30,Asbestos,In Process,2023-05-30,FBD1E7BA9564863B88D5C43CB833AFAF,6848AE6F8E786062F1B23476C9ECD258,60.0,True,812.0,True,60.0,Other,414,56
Property,13EDAB3172484C10BA25A4AD69EB9A31,2023-03-06,Requirement,2023-03-31,2023-05-30,Storage_Hazards,In Process,2023-05-30,FBD1E7BA9564863B88D5C43CB833AFAF,6848AE6F8E786062F1B23476C9ECD258,60.0,True,812.0,True,60.0,Other,414,56
Property,13EDAB3172484C10BA25A4AD69EB9A31,2023-03-06,Requirement,2023-03-31,2023-05-30,General_Maintenance,In Process,2023-05-30,FBD1E7BA9564863B88D5C43CB833AFAF,6848AE6F8E786062F1B23476C9ECD258,60.0,True,812.0,True,60.0,Other,414,56
Property,13EDAB3172484C10BA25A4AD69EB9A31,2023-03-06,Recommendation,2023-03-31,,Housekeeping,In Process,2023-05-30,FBD1E7BA9564863B88D5C43CB833AFAF,6848AE6F8E786062F1B23476C9ECD258,60.0,True,0.0,False,,Housekeeping,414,56
Property,13EDAB3172484C10BA25A4AD69EB9A31,2023-03-06,Recommendation,2023-03-31,,Compartmentation,In Process,2023-05-30,FBD1E7BA9564863B88D5C43CB833AFAF,6848AE6F8E786062F1B23476C9ECD258,60.0,True,0.0,False,,Other,414,56
Property,13EDAB3172484C10BA25A4AD69EB9A31,2023-03-06,Requirement,2023-03-31,2023-06-30,Management_of_Change,Under Review,2023-05-30,FBD1E7BA9564863B88D5C43CB833AFAF,6848AE6F8E786062F1B23476C9ECD258,60.0,True,781.0,True,91.0,Other,414,56
Property,13EDAB3172484C10BA25A4AD69EB9A31,2023-03-06,Requirement,2023-03-31,2023-06-30,Special_Fixed_Fire_Protection,Under Review,2023-05-30,FBD1E7BA9564863B88D5C43CB833AFAF,6848AE6F8E786062F1B23476C9ECD258,60.0,True,781.0,True,91.0,Other,414,56
Property,13EDAB3172484C10BA25A4AD69EB9A31,2023-03-06,Requirement,2023-03-31,2023-06-30,Compartmentation,Under Review,2023-05-30,FBD1E7BA9564863B88D5C43CB833AFAF,6848AE6F8E786062F1B23476C9ECD258,60.0,True,781.0,True,91.0,Other,414,56
Property,13EDAB3172484C10BA25A4AD69EB9A31,2023-03-06,Requirement,2023-03-31,2023-06-30,Compartmentation,Under Review,2023-05-30,FBD1E7BA9564863B88D5C43CB833AFAF,6848AE6F8E786062F1B23476C9ECD258,60.0,True,781.0,True,91.0,Other,414,56
Property,13EDAB3172484C10BA25A4AD69EB9A31,2023-03-06,Requirement,2023-03-31,2023-06-30,External_Storage,Under Review,2023-05-30,FBD1E7BA9564863B88D5C43CB833AFAF,6848AE6F8E786062F1B23476C9ECD258,60.0,True,781.0,True,91.0,Other,414,56
Property,13EDAB3172484C10BA25A4AD69EB9A31,2023-03-06,Requirement,2023-03-31,2023-06-30,Process_Hazards,In Process,2023-05-30,FBD1E7BA9564863B88D5C43CB833AFAF,6848AE6F8E786062F1B23476C9ECD258,60.0,True,781.0,True,91.0,Other,414,56
Property,13EDAB3172484C10BA25A4AD69EB9A31,2023-03-06,Requirement,2023-03-31,2023-06-30,Compartmentation,In Process,2023-05-30,FBD1E7BA9564863B88D5C43CB833AFAF,6848AE6F8E786062F1B23476C9ECD258,60.0,True,781.0,True,91.0,Other,414,56
Property,13EDAB3172484C10BA25A4AD69EB9A31,2023-03-06,Requirement,2023-03-31,2023-06-30,Sprinkler_Protection,In Process,2023-05-30,FBD1E7BA9564863B88D5C43CB833AFAF,6848AE6F8E786062F1B23476C9ECD258,60.0,True,781.0,True,91.0,Other,414,56
Property,13EDAB3172484C10BA25A4AD69EB9A31,2023-03-06,Recommendation,2023-03-31,,Special_Fixed_Fire_Protection,In Process,2023-05-30,FBD1E7BA9564863B88D5C43CB833AFAF,6848AE6F8E786062F1B23476C9ECD258,60.0,True,0.0,False,,Other,414,56
Property,13EDAB3172484C10BA25A4AD69EB9A31,2023-03-06,Requirement,2023-03-31,2023-04-30,Storage_Hazards,Completed Verified,2023-06-30,FBD1E7BA9564863B88D5C43CB833AFAF,6848AE6F8E786062F1B23476C9ECD258,91.0,True,842.0,True,30.0,Other,414,56
Property,13EDAB3172484C10BA25A4AD69EB9A31,2023-03-06,Requirement,2023-03-31,2023-05-30,Storage_Hazards,Completed Verified,2023-06-30,FBD1E7BA9564863B88D5C43CB833AFAF,6848AE6F8E786062F1B23476C9ECD258,91.0,True,812.0,True,60.0,Other,414,56
Property,13EDAB3172484C10BA25A4AD69EB9A31,2023-03-06,Requirement,2023-03-31,2023-06-30,security,Completed Not Verified,2023-06-30,FBD1E7BA9564863B88D5C43CB833AFAF,6848AE6F8E786062F1B23476C9ECD258,91.0,True,781.0,True,91.0,Security,414,56
Property,13EDAB3172484C10BA25A4AD69EB9A31,2023-03-06,Requirement,2023-03-31,2023-05-30,Sprinkler_Protection,Completed Not Verified,2023-06-30,FBD1E7BA9564863B88D5C43CB833AFAF,6848AE6F8E786062F1B23476C9ECD258,91.0,True,812.0,True,60.0,Other,414,56
Property,13EDAB3172484C10BA25A4AD69EB9A31,2023-03-06,Requirement,2023-03-31,2023-06-30,Management_of_Change,Completed Not Verified,2023-05-30,FBD1E7BA9564863B88D5C43CB833AFAF,6848AE6F8E786062F1B23476C9ECD258,60.0,True,781.0,True,91.0,Other,414,56
Property,13EDAB3172484C10BA25A4AD69EB9A31,2023-03-06,Requirement,2023-03-31,2023-06-30,Management_of_Change,Completed Verified,2023-06-30,FBD1E7BA9564863B88D5C43CB833AFAF,6848AE6F8E786062F1B23476C9ECD258,91.0,True,781.0,True,91.0,Other,414,56
Property,13EDAB3172484C10BA25A4AD69EB9A31,2023-03-06,Recommendation,2023-03-31,,Process_Hazards,Completed Verified,2023-06-30,FBD1E7BA9564863B88D5C43CB833AFAF,6848AE6F8E786062F1B23476C9ECD258,91.0,True,0.0,False,,Other,414,56
Property,13EDAB3172484C10BA25A4AD69EB9A31,2023-04-03,Requirement,2023-04-12,2023-07-12,security,No Response,,FBD1E7BA9564863B88D5C43CB833AFAF,6848AE6F8E786062F1B23476C9ECD258,,True,769.0,True,91.0,Security,414,56
Property,13EDAB3172484C10BA25A4AD69EB9A31,2023-04-03,Requirement,2023-04-12,2023-07-12,security,No Response,,FBD1E7BA9564863B88D5C43CB833AFAF,6848AE6F8E786062F1B23476C9ECD258,,True,769.0,True,91.0,Security,414,56
Property,13EDAB3172484C10BA25A4AD69EB9A31,2023-04-03,Requirement,2023-04-12,2023-07-12,General_Maintenance,No Response,,FBD1E7BA9564863B88D5C43CB833AFAF,6848AE6F8E786062F1B23476C9ECD258,,True,769.0,True,91.0,Other,414,56
Property,13EDAB3172484C10BA25A4AD69EB9A31,2023-04-03,Requirement,2023-04-12,2023-07-12,Housekeeping,No Response,,FBD1E7BA9564863B88D5C43CB833AFAF,6848AE6F8E786062F1B23476C9ECD258,,True,769.0,True,91.0,Housekeeping,414,56
Property,13EDAB3172484C10BA25A4AD69EB9A31,2023-04-03,Requirement,2023-04-12,2023-07-12,security,No Response,,FBD1E7BA9564863B88D5C43CB833AFAF,6848AE6F8E786062F1B23476C9ECD258,,True,769.0,True,91.0,Security,414,56
Property,13EDAB3172484C10BA25A4AD69EB9A31,2023-04-03,Requirement,2023-04-12,2023-07-12,Housekeeping,No Response,,FBD1E7BA9564863B88D5C43CB833AFAF,6848AE6F8E786062F1B23476C9ECD258,,True,769.0,True,91.0,Housekeeping,414,56
Property,13EDAB3172484C10BA25A4AD69EB9A31,2023-04-03,Requirement,2023-04-12,2023-07-12,General_Maintenance,No Response,,FBD1E7BA9564863B88D5C43CB833AFAF,6848AE6F8E786062F1B23476C9ECD258,,True,769.0,True,91.0,Other,414,56
Property,13EDAB3172484C10BA25A4AD69EB9A31,2023-04-03,Requirement,2023-04-12,2023-07-12,security,No Response,,FBD1E7BA9564863B88D5C43CB833AFAF,6848AE6F8E786062F1B23476C9ECD258,,True,769.0,True,91.0,Security,414,56
Property,13EDAB3172484C10BA25A4AD69EB9A31,2023-04-03,Recommendation,2023-04-12,,security,No Response,,FBD1E7BA9564863B88D5C43CB833AFAF,6848AE6F8E786062F1B23476C9ECD258,,True,0.0,False,,Security,414,56
Property,13EDAB3172484C10BA25A4AD69EB9A31,2023-04-03,Requirement,2023-04-12,2023-07-12,Housekeeping,No Response,,FBD1E7BA9564863B88D5C43CB833AFAF,6848AE6F8E786062F1B23476C9ECD258,,True,769.0,True,91.0,Housekeeping,414,56
Property,13EDAB3172484C10BA25A4AD69EB9A31,2023-04-03,Requirement,2023-04-12,2023-07-12,Automatic_Fire_Detection,No Response,,FBD1E7BA9564863B88D5C43CB833AFAF,6848AE6F8E786062F1B23476C9ECD258,,True,769.0,True,91.0,Other,414,56
Property,13EDAB3172484C10BA25A4AD69EB9A31,2023-04-03,Requirement,2023-04-12,2023-07-12,Contractor_Controls,No Response,,FBD1E7BA9564863B88D5C43CB833AFAF,6848AE6F8E786062F1B23476C9ECD258,,True,769.0,True,91.0,Other,414,56
Property,13EDAB3172484C10BA25A4AD69EB9A31,2023-04-03,Requirement,2023-04-12,2023-07-12,Housekeeping,No Response,,FBD1E7BA9564863B88D5C43CB833AFAF,6848AE6F8E786062F1B23476C9ECD258,,True,769.0,True,91.0,Housekeeping,414,56
Property,13EDAB3172484C10BA25A4AD69EB9A31,2023-04-03,Requirement,2023-04-12,2023-07-12,Electrical_Maintenance,No Response,,FBD1E7BA9564863B88D5C43CB833AFAF,6848AE6F8E786062F1B23476C9ECD258,,True,769.0,True,91.0,Other,414,56
Property,13EDAB3172484C10BA25A4AD69EB9A31,2023-04-03,Requirement,2023-04-12,2023-07-12,Automatic_Fire_Detection,No Response,,FBD1E7BA9564863B88D5C43CB833AFAF,6848AE6F8E786062F1B23476C9ECD258,,True,769.0,True,91.0,Other,414,56
Property,94FF3934095DC19B8B7B561705F28735,2024-03-08,Requirement,2024-03-21,2024-05-21,Process_Hazards,No Response,,FBD1E7BA9564863B88D5C43CB833AFAF,6848AE6F8E786062F1B23476C9ECD258,,True,455.0,True,61.0,Other,414,2
Property,94FF3934095DC19B8B7B561705F28735,2024-03-08,Requirement,2024-03-21,2024-05-21,Automatic_Fire_Detection,No Response,,FBD1E7BA9564863B88D5C43CB833AFAF,6848AE6F8E786062F1B23476C9ECD258,,True,455.0,True,61.0,Other,414,2
Motor,ADA4DADC0733E94BF5B031CD3416EE5E,2024-06-13,Recommendation,2024-06-24,,Fleet_Risk_Management,In Process,,534AC75C2E8AC3E3FE7BC32BB8C6E34A,112C61A276D0376F2F6B25DD3A337B1D,,True,0.0,False,,Other,79,4
Motor,ADA4DADC0733E94BF5B031CD3416EE5E,2024-06-13,Recommendation,2024-06-24,,Fleet_Risk_Management,In Process,,534AC75C2E8AC3E3FE7BC32BB8C6E34A,112C61A276D0376F2F6B25DD3A337B1D,,True,0.0,False,,Other,79,4
Motor,ADA4DADC0733E94BF5B031CD3416EE5E,2024-06-13,Recommendation,2024-06-24,,Fleet_Risk_Management,In Process,,534AC75C2E8AC3E3FE7BC32BB8C6E34A,112C61A276D0376F2F6B25DD3A337B1D,,True,0.0,False,,Other,79,4
Motor,ADA4DADC0733E94BF5B031CD3416EE5E,2024-06-13,Recommendation,2024-06-24,,Fleet_Risk_Management,In Process,,534AC75C2E8AC3E3FE7BC32BB8C6E34A,112C61A276D0376F2F6B25DD3A337B1D,,True,0.0,False,,Other,79,4
Property,F2CB32EA28AE65DCACF6AF341E8CF5B7,2020-10-21,Recommendation,2020-10-22,,Emergency_Response,Completed Verified,2021-09-15,FBD1E7BA9564863B88D5C43CB833AFAF,1D7B33FC26CA22C2011AAA97FECC43D8,328.0,True,0.0,False,,Other,414,5
Property,F2CB32EA28AE65DCACF6AF341E8CF5B7,2020-10-21,Recommendation,2022-10-22,,Electrical_Maintenance,In Process,2021-09-15,FBD1E7BA9564863B88D5C43CB833AFAF,1D7B33FC26CA22C2011AAA97FECC43D8,-402.0,True,0.0,False,,Other,414,5
Property,F2CB32EA28AE65DCACF6AF341E8CF5B7,2020-10-21,Recommendation,2020-10-22,,Contractor_Controls,In Process,2021-09-15,FBD1E7BA9564863B88D5C43CB833AFAF,1D7B33FC26CA22C2011AAA97FECC43D8,328.0,True,0.0,False,,Other,414,5
Property,F2CB32EA28AE65DCACF6AF341E8CF5B7,2020-10-21,Recommendation,2020-10-22,,Fire_Safety_Management,In Process,2021-09-15,FBD1E7BA9564863B88D5C43CB833AFAF,1D7B33FC26CA22C2011AAA97FECC43D8,328.0,True,0.0,False,,Other,414,5
Property,F2CB32EA28AE65DCACF6AF341E8CF5B7,2020-10-21,Recommendation,2020-10-22,,Inspections,In Process,2021-09-15,FBD1E7BA9564863B88D5C43CB833AFAF,1D7B33FC26CA22C2011AAA97FECC43D8,328.0,True,0.0,False,,Other,414,5
Property,BBA1866C0E3947465D4ED1AFD3DCCCB4,2022-07-25,Requirement,2022-11-16,2023-05-16,Compartmentation,Completed Verified,2022-10-12,92A54B358B4CF53CCA4095E4697E1004,58806E006B14B04A535784A5462D09B0,-35.0,True,826.0,True,181.0,Other,254,6
Property,BBA1866C0E3947465D4ED1AFD3DCCCB4,2022-07-25,Requirement,2022-11-16,2023-05-16,External_Storage,Completed Not Verified,2022-10-12,92A54B358B4CF53CCA4095E4697E1004,58806E006B14B04A535784A5462D09B0,-35.0,True,826.0,True,181.0,Other,254,6
Property,BBA1866C0E3947465D4ED1AFD3DCCCB4,2022-07-25,Requirement,2022-11-16,2023-05-16,External_Storage,Under Review,2022-10-12,92A54B358B4CF53CCA4095E4697E1004,58806E006B14B04A535784A5462D09B0,-35.0,True,826.0,True,181.0,Other,254,6
Property,BBA1866C0E3947465D4ED1AFD3DCCCB4,2022-07-25,Recommendation,2022-11-16,,Storage_Hazards,No Response,,92A54B358B4CF53CCA4095E4697E1004,58806E006B14B04A535784A5462D09B0,,True,0.0,False,,Other,254,6
Property,BBA1866C0E3947465D4ED1AFD3DCCCB4,2022-07-25,Recommendation,2022-11-16,,Electrical_Maintenance,No Response,,92A54B358B4CF53CCA4095E4697E1004,58806E006B14B04A535784A5462D09B0,,True,0.0,False,,Other,254,6
Property,BBA1866C0E3947465D4ED1AFD3DCCCB4,2022-07-25,Recommendation,2022-11-16,,Utilities,No Response,,92A54B358B4CF53CCA4095E4697E1004,58806E006B14B04A535784A5462D09B0,,True,0.0,False,,Other,254,6
Property,9574E5CA42DFFA9FBFB30077447FF3A6,2021-06-08,Recommendation,2021-06-17,,Emergency_Response,Completed Not Verified,2021-08-02,FBD1E7BA9564863B88D5C43CB833AFAF,79CBA1185463850DEDBA31F172F1DC5B,46.0,True,0.0,False,,Other,414,3
Property,9574E5CA42DFFA9FBFB30077447FF3A6,2021-06-08,Recommendation,2021-06-17,,General_Maintenance,Completed Not Verified,2021-08-02,FBD1E7BA9564863B88D5C43CB833AFAF,79CBA1185463850DEDBA31F172F1DC5B,46.0,True,0.0,False,,Other,414,3
Property,9574E5CA42DFFA9FBFB30077447FF3A6,2021-06-08,Recommendation,2021-06-17,,Business_Continuity,Under Review,2021-08-02,FBD1E7BA9564863B88D5C43CB833AFAF,79CBA1185463850DEDBA31F172F1DC5B,46.0,True,0.0,False,,Other,414,3
Motor,1409756AA7B6FEBD0F98CD3E354EA86F,2022-07-05,Recommendation,2022-09-02,2022-12-02,Fleet_Risk_Management,Agreed Long Term,2022-11-24,FBD1E7BA9564863B88D5C43CB833AFAF,1D50EEEE3AA774EB670B89AE648FC40C,83.0,True,991.0,True,91.0,Other,414,4
Motor,1409756AA7B6FEBD0F98CD3E354EA86F,2022-07-05,Recommendation,2022-09-02,2022-12-02,Fleet_Risk_Management,Under Review,2022-11-24,FBD1E7BA9564863B88D5C43CB833AFAF,1D50EEEE3AA774EB670B89AE648FC40C,83.0,True,991.0,True,91.0,Other,414,4
Motor,1409756AA7B6FEBD0F98CD3E354EA86F,2022-07-05,Recommendation,2022-09-02,,Fleet_Risk_Management,Agreed Long Term,2022-11-24,FBD1E7BA9564863B88D5C43CB833AFAF,1D50EEEE3AA774EB670B89AE648FC40C,83.0,True,0.0,False,,Other,414,4
Motor,1409756AA7B6FEBD0F98CD3E354EA86F,2022-07-05,Recommendation,2022-09-02,2022-12-02,Fleet_Risk_Management,No Plans Agreed,2022-11-24,FBD1E7BA9564863B88D5C43CB833AFAF,1D50EEEE3AA774EB670B89AE648FC40C,83.0,True,991.0,True,91.0,Other,414,4
Liability,47F206EFF31A4435A76B215954DEDF5B,2023-11-20,Requirement,2024-01-08,2024-03-08,Flammable_Liquids,Completed Verified,2024-01-19,47B79BD259E22596FFC4BE2FFBBE5C5A,C556331DE98FF0977430DADE00C6C714,11.0,True,529.0,True,60.0,Other,217,5
Liability,47F206EFF31A4435A76B215954DEDF5B,2023-11-20,Requirement,2024-01-08,2024-02-08,Slips_Trips_Falls,Completed Verified,2024-01-19,47B79BD259E22596FFC4BE2FFBBE5C5A,C556331DE98FF0977430DADE00C6C714,11.0,True,558.0,True,31.0,Other,217,5
Liability,47F206EFF31A4435A76B215954DEDF5B,2023-11-20,Requirement,2024-01-08,2024-03-08,Risk_Assessment,No Response,,47B79BD259E22596FFC4BE2FFBBE5C5A,C556331DE98FF0977430DADE00C6C714,,True,529.0,True,60.0,Other,217,5
Liability,47F206EFF31A4435A76B215954DEDF5B,2023-11-20,Recommendation,2024-01-08,,Management_safety_procedure_for_vehilces,Completed Verified,2024-01-19,47B79BD259E22596FFC4BE2FFBBE5C5A,C556331DE98FF0977430DADE00C6C714,11.0,True,0.0,False,,Other,217,5
Liability,47F206EFF31A4435A76B215954DEDF5B,2023-11-20,Recommendation,2024-01-08,,Process_Hazards,Completed Verified,2024-01-19,47B79BD259E22596FFC4BE2FFBBE5C5A,C556331DE98FF0977430DADE00C6C714,11.0,True,0.0,False,,Other,217,5
Property,C118E4EBD7FDB18AEDEAB2114C5FBC5F,2023-12-13,Requirement,2024-01-16,2024-04-16,Electrical_Maintenance,No Response,,47B79BD259E22596FFC4BE2FFBBE5C5A,3138B8E6061FDF7CFAAA79279175CBCD,,True,490.0,True,91.0,Other,217,18
Property,C118E4EBD7FDB18AEDEAB2114C5FBC5F,2023-12-13,Recommendation,2024-01-16,,Special_Fixed_Fire_Protection,No Response,,47B79BD259E22596FFC4BE2FFBBE5C5A,3138B8E6061FDF7CFAAA79279175CBCD,,True,0.0,False,,Other,217,18
Property,C118E4EBD7FDB18AEDEAB2114C5FBC5F,2023-12-13,Recommendation,2024-01-16,,Electrical_Maintenance,No Response,,47B79BD259E22596FFC4BE2FFBBE5C5A,3138B8E6061FDF7CFAAA79279175CBCD,,True,0.0,False,,Other,217,18
Property,C118E4EBD7FDB18AEDEAB2114C5FBC5F,2023-12-13,Recommendation,2024-01-16,,General_Maintenance,No Response,,47B79BD259E22596FFC4BE2FFBBE5C5A,3138B8E6061FDF7CFAAA79279175CBCD,,True,0.0,False,,Other,217,18
Property,C118E4EBD7FDB18AEDEAB2114C5FBC5F,2023-12-13,Recommendation,2024-01-16,,General_Maintenance,No Response,,47B79BD259E22596FFC4BE2FFBBE5C5A,3138B8E6061FDF7CFAAA79279175CBCD,,True,0.0,False,,Other,217,18
Property,C118E4EBD7FDB18AEDEAB2114C5FBC5F,2023-12-13,Recommendation,2024-01-16,,Security,No Response,,47B79BD259E22596FFC4BE2FFBBE5C5A,3138B8E6061FDF7CFAAA79279175CBCD,,True,0.0,False,,Security,217,18
Property,C118E4EBD7FDB18AEDEAB2114C5FBC5F,2024-02-06,Requirement,2024-02-09,2024-05-09,Electrical_Maintenance,In Process,2024-07-18,47B79BD259E22596FFC4BE2FFBBE5C5A,3138B8E6061FDF7CFAAA79279175CBCD,160.0,True,467.0,True,90.0,Other,217,18
Property,C118E4EBD7FDB18AEDEAB2114C5FBC5F,2024-02-06,Requirement,2024-02-09,2024-05-09,General_Maintenance,Completed Verified,2024-07-18,47B79BD259E22596FFC4BE2FFBBE5C5A,3138B8E6061FDF7CFAAA79279175CBCD,160.0,True,467.0,True,90.0,Other,217,18
Property,C118E4EBD7FDB18AEDEAB2114C5FBC5F,2024-02-06,Requirement,2024-02-09,2024-04-09,Construction,Completed Verified,2024-04-18,47B79BD259E22596FFC4BE2FFBBE5C5A,3138B8E6061FDF7CFAAA79279175CBCD,69.0,True,497.0,True,60.0,Other,217,18
Property,C118E4EBD7FDB18AEDEAB2114C5FBC5F,2024-02-06,Requirement,2024-02-09,2024-05-09,Construction,In Process,2024-07-18,47B79BD259E22596FFC4BE2FFBBE5C5A,3138B8E6061FDF7CFAAA79279175CBCD,160.0,True,467.0,True,90.0,Other,217,18
Property,C118E4EBD7FDB18AEDEAB2114C5FBC5F,2024-02-06,Recommendation,2024-02-09,,Special_Fixed_Fire_Protection,No Response,,47B79BD259E22596FFC4BE2FFBBE5C5A,3138B8E6061FDF7CFAAA79279175CBCD,,True,0.0,False,,Other,217,18
Property,C118E4EBD7FDB18AEDEAB2114C5FBC5F,2024-02-06,Recommendation,2024-02-09,,Contractor_Controls,No Response,,47B79BD259E22596FFC4BE2FFBBE5C5A,3138B8E6061FDF7CFAAA79279175CBCD,,True,0.0,False,,Other,217,18
Property,C118E4EBD7FDB18AEDEAB2114C5FBC5F,2024-02-06,Recommendation,2024-02-09,,Electrical_Maintenance,No Response,,47B79BD259E22596FFC4BE2FFBBE5C5A,3138B8E6061FDF7CFAAA79279175CBCD,,True,0.0,False,,Other,217,18
Property,C118E4EBD7FDB18AEDEAB2114C5FBC5F,2024-02-06,Recommendation,2024-02-09,,Electrical_Maintenance,No Response,,47B79BD259E22596FFC4BE2FFBBE5C5A,3138B8E6061FDF7CFAAA79279175CBCD,,True,0.0,False,,Other,217,18
Property,C118E4EBD7FDB18AEDEAB2114C5FBC5F,2024-02-06,Recommendation,2024-02-09,,Security,No Response,,47B79BD259E22596FFC4BE2FFBBE5C5A,3138B8E6061FDF7CFAAA79279175CBCD,,True,0.0,False,,Security,217,18
Property,C118E4EBD7FDB18AEDEAB2114C5FBC5F,2024-02-14,Recommendation,2024-02-16,,Storage_Hazards,No Response,,47B79BD259E22596FFC4BE2FFBBE5C5A,3138B8E6061FDF7CFAAA79279175CBCD,,True,0.0,False,,Other,217,18
Property,C118E4EBD7FDB18AEDEAB2114C5FBC5F,2024-02-14,Recommendation,2024-02-16,,Management_of_Change,No Response,,47B79BD259E22596FFC4BE2FFBBE5C5A,3138B8E6061FDF7CFAAA79279175CBCD,,True,0.0,False,,Other,217,18
Property,C118E4EBD7FDB18AEDEAB2114C5FBC5F,2024-02-14,Recommendation,2024-02-16,,Business_Continuity,No Response,,47B79BD259E22596FFC4BE2FFBBE5C5A,3138B8E6061FDF7CFAAA79279175CBCD,,True,0.0,False,,Other,217,18
Property,8AF20F36E6DD45762064462CBE1F4086,2020-07-14,Recommendation,2022-06-16,,Storage_Hazards,Completed Not Verified,2022-12-20,92A54B358B4CF53CCA4095E4697E1004,B86FC6B051F63D73DE262D4C34E3A0A9,187.0,True,0.0,False,,Other,254,101
Property,8AF20F36E6DD45762064462CBE1F4086,2020-07-14,Recommendation,2022-06-16,,General_Maintenance,Completed Not Verified,2022-12-20,92A54B358B4CF53CCA4095E4697E1004,B86FC6B051F63D73DE262D4C34E3A0A9,187.0,True,0.0,False,,Other,254,101
Property,8AF20F36E6DD45762064462CBE1F4086,2020-07-14,Recommendation,2022-06-16,,Process_Hazards,Completed Not Verified,2022-12-20,92A54B358B4CF53CCA4095E4697E1004,B86FC6B051F63D73DE262D4C34E3A0A9,187.0,True,0.0,False,,Other,254,101
Property,8AF20F36E6DD45762064462CBE1F4086,2020-11-09,Recommendation,2020-11-09,,Sprinkler_Protection,Completed Verified,2022-12-20,92A54B358B4CF53CCA4095E4697E1004,B86FC6B051F63D73DE262D4C34E3A0A9,771.0,True,0.0,False,,Other,254,101
Property,8AF20F36E6DD45762064462CBE1F4086,2020-11-09,Requirement,2020-11-09,2020-12-01,Fire_Safety_Management,Completed Verified,2022-12-20,92A54B358B4CF53CCA4095E4697E1004,B86FC6B051F63D73DE262D4C34E3A0A9,771.0,True,1722.0,True,22.0,Other,254,101
Property,8AF20F36E6DD45762064462CBE1F4086,2020-11-09,Requirement,2020-11-09,2021-01-31,Heating_and_Cooling,Completed Verified,2022-12-20,92A54B358B4CF53CCA4095E4697E1004,B86FC6B051F63D73DE262D4C34E3A0A9,771.0,True,1661.0,True,83.0,Other,254,101
Property,8AF20F36E6DD45762064462CBE1F4086,2020-11-09,Requirement,2020-11-09,2021-01-31,Security,Completed Not Verified,2022-12-20,92A54B358B4CF53CCA4095E4697E1004,B86FC6B051F63D73DE262D4C34E3A0A9,771.0,True,1661.0,True,83.0,Security,254,101
Property,8AF20F36E6DD45762064462CBE1F4086,2020-11-09,Requirement,2020-11-09,2021-12-10,External_Storage,Completed Not Verified,2022-12-20,92A54B358B4CF53CCA4095E4697E1004,B86FC6B051F63D73DE262D4C34E3A0A9,771.0,True,1348.0,True,396.0,Other,254,101
Property,8AF20F36E6DD45762064462CBE1F4086,2020-11-09,Requirement,2020-11-09,2021-01-10,Flammable_Liquids,Completed Not Verified,2022-12-20,92A54B358B4CF53CCA4095E4697E1004,B86FC6B051F63D73DE262D4C34E3A0A9,771.0,True,1682.0,True,62.0,Other,254,101
Property,8AF20F36E6DD45762064462CBE1F4086,2020-11-09,Requirement,2020-11-09,2020-12-10,Housekeeping,Completed Not Verified,2022-12-20,92A54B358B4CF53CCA4095E4697E1004,B86FC6B051F63D73DE262D4C34E3A0A9,771.0,True,1713.0,True,31.0,Housekeeping,254,101
Property,8AF20F36E6DD45762064462CBE1F4086,2020-11-09,Requirement,2020-11-09,2021-01-31,Electrical_Maintenance,Completed Not Verified,2022-12-20,92A54B358B4CF53CCA4095E4697E1004,B86FC6B051F63D73DE262D4C34E3A0A9,771.0,True,1661.0,True,83.0,Other,254,101
Property,8AF20F36E6DD45762064462CBE1F4086,2020-11-09,Recommendation,2020-11-09,,Fire_Safety_Management,In Process,2022-12-20,92A54B358B4CF53CCA4095E4697E1004,B86FC6B051F63D73DE262D4C34E3A0A9,771.0,True,0.0,False,,Other,254,101
Property,8AF20F36E6DD45762064462CBE1F4086,2020-11-09,Recommendation,2020-11-09,,Fire_Safety_Management,In Process,2022-12-20,92A54B358B4CF53CCA4095E4697E1004,B86FC6B051F63D73DE262D4C34E3A0A9,771.0,True,0.0,False,,Other,254,101
Property,8AF20F36E6DD45762064462CBE1F4086,2021-04-21,Recommendation,2021-04-22,,General_Maintenance,No Response,,92A54B358B4CF53CCA4095E4697E1004,B86FC6B051F63D73DE262D4C34E3A0A9,,True,0.0,False,,Other,254,101
Property,8AF20F36E6DD45762064462CBE1F4086,2021-04-21,Recommendation,2021-04-22,,Automatic_Fire_Detection,In Process,2021-05-27,92A54B358B4CF53CCA4095E4697E1004,B86FC6B051F63D73DE262D4C34E3A0A9,35.0,True,0.0,False,,Other,254,101
Property,8AF20F36E6DD45762064462CBE1F4086,2021-04-21,Requirement,2021-04-22,2021-05-21,Heating_and_Cooling,No Response,,92A54B358B4CF53CCA4095E4697E1004,B86FC6B051F63D73DE262D4C34E3A0A9,,True,1551.0,True,29.0,Other,254,101
Property,8AF20F36E6DD45762064462CBE1F4086,2021-04-21,Requirement,2021-04-22,2021-05-21,Housekeeping,No Response,,92A54B358B4CF53CCA4095E4697E1004,B86FC6B051F63D73DE262D4C34E3A0A9,,True,1551.0,True,29.0,Housekeeping,254,101
Property,8AF20F36E6DD45762064462CBE1F4086,2021-04-21,Requirement,2021-04-22,2021-05-21,Flammable_Liquids,No Response,,92A54B358B4CF53CCA4095E4697E1004,B86FC6B051F63D73DE262D4C34E3A0A9,,True,1551.0,True,29.0,Other,254,101
Property,8AF20F36E6DD45762064462CBE1F4086,2021-04-21,Requirement,2021-04-22,2021-05-21,Process_Hazards,In Process,2023-05-27,92A54B358B4CF53CCA4095E4697E1004,B86FC6B051F63D73DE262D4C34E3A0A9,765.0,True,1551.0,True,29.0,Other,254,101
Property,8AF20F36E6DD45762064462CBE1F4086,2021-04-21,Requirement,2021-04-22,2021-07-21,Storage_Hazards,Completed Not Verified,2021-05-27,92A54B358B4CF53CCA4095E4697E1004,B86FC6B051F63D73DE262D4C34E3A0A9,35.0,True,1490.0,True,90.0,Other,254,101
Property,8AF20F36E6DD45762064462CBE1F4086,2021-04-21,Requirement,2021-04-22,2021-07-21,Housekeeping,Completed Not Verified,2021-05-27,92A54B358B4CF53CCA4095E4697E1004,B86FC6B051F63D73DE262D4C34E3A0A9,35.0,True,1490.0,True,90.0,Housekeeping,254,101
Property,8AF20F36E6DD45762064462CBE1F4086,2021-04-21,Requirement,2021-04-22,2021-07-21,Storage_Hazards,Completed Not Verified,2021-05-27,92A54B358B4CF53CCA4095E4697E1004,B86FC6B051F63D73DE262D4C34E3A0A9,35.0,True,1490.0,True,90.0,Other,254,101
Property,8AF20F36E6DD45762064462CBE1F4086,2021-04-26,Requirement,2021-04-28,2021-05-28,Heating_and_Cooling,Completed Not Verified,2021-06-30,92A54B358B4CF53CCA4095E4697E1004,B86FC6B051F63D73DE262D4C34E3A0A9,63.0,True,1544.0,True,30.0,Other,254,101
Property,8AF20F36E6DD45762064462CBE1F4086,2021-04-26,Requirement,2021-04-28,2021-05-28,Electrical_Maintenance,Completed Not Verified,2021-06-30,92A54B358B4CF53CCA4095E4697E1004,B86FC6B051F63D73DE262D4C34E3A0A9,63.0,True,1544.0,True,30.0,Other,254,101
Property,8AF20F36E6DD45762064462CBE1F4086,2021-04-26,Requirement,2021-04-28,2021-05-28,Housekeeping,In Process,2021-06-15,92A54B358B4CF53CCA4095E4697E1004,B86FC6B051F63D73DE262D4C34E3A0A9,48.0,True,1544.0,True,30.0,Housekeeping,254,101
Property,8AF20F36E6DD45762064462CBE1F4086,2021-04-26,Requirement,2021-04-28,2021-07-28,Housekeeping,No Response,,92A54B358B4CF53CCA4095E4697E1004,B86FC6B051F63D73DE262D4C34E3A0A9,,True,1483.0,True,91.0,Housekeeping,254,101
Property,8AF20F36E6DD45762064462CBE1F4086,2021-04-26,Requirement,2021-04-28,2021-07-28,Emergency_Response,No Response,,92A54B358B4CF53CCA4095E4697E1004,B86FC6B051F63D73DE262D4C34E3A0A9,,True,1483.0,True,91.0,Other,254,101
Property,8AF20F36E6DD45762064462CBE1F4086,2021-04-26,Requirement,2021-04-28,2021-07-28,Sprinkler_Protection,No Response,,92A54B358B4CF53CCA4095E4697E1004,B86FC6B051F63D73DE262D4C34E3A0A9,,True,1483.0,True,91.0,Other,254,101
Property,8AF20F36E6DD45762064462CBE1F4086,2021-04-26,Requirement,2021-04-28,2021-07-28,Sprinkler_Protection,Under Review,2021-05-21,92A54B358B4CF53CCA4095E4697E1004,B86FC6B051F63D73DE262D4C34E3A0A9,23.0,True,1483.0,True,91.0,Other,254,101
Property,8AF20F36E6DD45762064462CBE1F4086,2021-04-26,Requirement,2021-04-28,2021-07-28,Sprinkler_Protection,In Process,2021-05-27,92A54B358B4CF53CCA4095E4697E1004,B86FC6B051F63D73DE262D4C34E3A0A9,29.0,True,1483.0,True,91.0,Other,254,101
Property,8AF20F36E6DD45762064462CBE1F4086,2021-04-26,Requirement,2021-04-28,2021-07-28,Flammable_Liquids,Completed Not Verified,2021-05-27,92A54B358B4CF53CCA4095E4697E1004,B86FC6B051F63D73DE262D4C34E3A0A9,29.0,True,1483.0,True,91.0,Other,254,101
Property,8AF20F36E6DD45762064462CBE1F4086,2021-05-12,Recommendation,2021-05-12,,Management_of_Change,Completed Verified,2021-06-02,92A54B358B4CF53CCA4095E4697E1004,B86FC6B051F63D73DE262D4C34E3A0A9,21.0,True,0.0,False,,Other,254,101
Property,8AF20F36E6DD45762064462CBE1F4086,2021-05-12,Recommendation,2021-05-12,,Electrical_Maintenance,No Response,,92A54B358B4CF53CCA4095E4697E1004,B86FC6B051F63D73DE262D4C34E3A0A9,,True,0.0,False,,Other,254,101
Property,8AF20F36E6DD45762064462CBE1F4086,2021-05-12,Recommendation,2021-05-12,,Automatic_Fire_Detection,No Response,,92A54B358B4CF53CCA4095E4697E1004,B86FC6B051F63D73DE262D4C34E3A0A9,,True,0.0,False,,Other,254,101
Property,8AF20F36E6DD45762064462CBE1F4086,2021-05-12,Recommendation,2021-05-12,,Inspections,No Response,,92A54B358B4CF53CCA4095E4697E1004,B86FC6B051F63D73DE262D4C34E3A0A9,,True,0.0,False,,Other,254,101
Property,8AF20F36E6DD45762064462CBE1F4086,2021-06-02,Recommendation,2021-08-23,,External_Storage,In Process,2022-12-20,92A54B358B4CF53CCA4095E4697E1004,B86FC6B051F63D73DE262D4C34E3A0A9,484.0,True,0.0,False,,Other,254,101
Property,8AF20F36E6DD45762064462CBE1F4086,2021-06-02,Recommendation,2021-08-23,,Housekeeping,In Process,2022-12-20,92A54B358B4CF53CCA4095E4697E1004,B86FC6B051F63D73DE262D4C34E3A0A9,484.0,True,0.0,False,,Housekeeping,254,101
Property,8AF20F36E6DD45762064462CBE1F4086,2021-06-02,Recommendation,2021-08-23,,General_Maintenance,In Process,2022-12-20,92A54B358B4CF53CCA4095E4697E1004,B86FC6B051F63D73DE262D4C34E3A0A9,484.0,True,0.0,False,,Other,254,101
Property,8AF20F36E6DD45762064462CBE1F4086,2021-08-04,Recommendation,2021-08-23,,External_Storage,In Process,2022-12-20,92A54B358B4CF53CCA4095E4697E1004,B86FC6B051F63D73DE262D4C34E3A0A9,484.0,True,0.0,False,,Other,254,101
Property,8AF20F36E6DD45762064462CBE1F4086,2021-08-04,Recommendation,2021-08-23,,Emergency_Response,In Process,2022-12-20,92A54B358B4CF53CCA4095E4697E1004,B86FC6B051F63D73DE262D4C34E3A0A9,484.0,True,0.0,False,,Other,254,101
Property,8AF20F36E6DD45762064462CBE1F4086,2021-08-04,Recommendation,2021-08-23,,Security,In Process,2022-12-20,92A54B358B4CF53CCA4095E4697E1004,B86FC6B051F63D73DE262D4C34E3A0A9,484.0,True,0.0,False,,Security,254,101
Property,8AF20F36E6DD45762064462CBE1F4086,2021-08-04,Recommendation,2021-08-23,,Fire_Safety_Management,In Process,2022-12-20,92A54B358B4CF53CCA4095E4697E1004,B86FC6B051F63D73DE262D4C34E3A0A9,484.0,True,0.0,False,,Other,254,101
Property,8AF20F36E6DD45762064462CBE1F4086,2021-08-04,Recommendation,2021-08-23,,General_Maintenance,In Process,2022-12-20,92A54B358B4CF53CCA4095E4697E1004,B86FC6B051F63D73DE262D4C34E3A0A9,484.0,True,0.0,False,,Other,254,101
Property,8AF20F36E6DD45762064462CBE1F4086,2021-08-04,Recommendation,2021-08-23,,Fire_Safety_Management,In Process,2022-12-20,92A54B358B4CF53CCA4095E4697E1004,B86FC6B051F63D73DE262D4C34E3A0A9,484.0,True,0.0,False,,Other,254,101
Property,8AF20F36E6DD45762064462CBE1F4086,2021-08-04,Recommendation,2021-08-23,,Fire_Safety_Management,In Process,2022-12-20,92A54B358B4CF53CCA4095E4697E1004,B86FC6B051F63D73DE262D4C34E3A0A9,484.0,True,0.0,False,,Other,254,101
Property,8AF20F36E6DD45762064462CBE1F4086,2021-08-04,Requirement,2021-08-23,2021-09-23,Housekeeping,In Process,2022-12-20,92A54B358B4CF53CCA4095E4697E1004,B86FC6B051F63D73DE262D4C34E3A0A9,484.0,True,1426.0,True,31.0,Housekeeping,254,101
Property,8AF20F36E6DD45762064462CBE1F4086,2021-08-04,Requirement,2021-08-23,2021-09-23,Electrical_Maintenance,In Process,2022-12-20,92A54B358B4CF53CCA4095E4697E1004,B86FC6B051F63D73DE262D4C34E3A0A9,484.0,True,1426.0,True,31.0,Other,254,101
Property,8AF20F36E6DD45762064462CBE1F4086,2021-08-04,Requirement,2021-08-23,2021-09-23,Impairment_Procedures,In Process,2022-12-20,92A54B358B4CF53CCA4095E4697E1004,B86FC6B051F63D73DE262D4C34E3A0A9,484.0,True,1426.0,True,31.0,Other,254,101
Property,8AF20F36E6DD45762064462CBE1F4086,2021-08-04,Requirement,2021-08-23,2021-09-23,Sprinkler_Protection,In Process,2022-12-20,92A54B358B4CF53CCA4095E4697E1004,B86FC6B051F63D73DE262D4C34E3A0A9,484.0,True,1426.0,True,31.0,Other,254,101
Property,8AF20F36E6DD45762064462CBE1F4086,2021-08-04,Requirement,2021-08-23,2021-09-23,Fire_Safety_Management,In Process,2022-12-20,92A54B358B4CF53CCA4095E4697E1004,B86FC6B051F63D73DE262D4C34E3A0A9,484.0,True,1426.0,True,31.0,Other,254,101
Property,8AF20F36E6DD45762064462CBE1F4086,2021-08-04,Requirement,2021-08-23,2021-12-31,Sprinkler_Protection,In Process,2022-12-20,92A54B358B4CF53CCA4095E4697E1004,B86FC6B051F63D73DE262D4C34E3A0A9,484.0,True,1327.0,True,130.0,Other,254,101
Property,8AF20F36E6DD45762064462CBE1F4086,2021-08-04,Requirement,2021-08-23,2021-09-23,General_Maintenance,In Process,2022-12-20,92A54B358B4CF53CCA4095E4697E1004,B86FC6B051F63D73DE262D4C34E3A0A9,484.0,True,1426.0,True,31.0,Other,254,101
Property,8AF20F36E6DD45762064462CBE1F4086,2021-08-04,Requirement,2021-08-23,2021-09-23,External_Storage,In Process,2022-12-20,92A54B358B4CF53CCA4095E4697E1004,B86FC6B051F63D73DE262D4C34E3A0A9,484.0,True,1426.0,True,31.0,Other,254,101
Property,8AF20F36E6DD45762064462CBE1F4086,2021-11-02,Requirement,2021-11-06,2022-01-06,External_Storage,In Process,2022-12-20,92A54B358B4CF53CCA4095E4697E1004,B86FC6B051F63D73DE262D4C34E3A0A9,409.0,True,1321.0,True,61.0,Other,254,101
Property,8AF20F36E6DD45762064462CBE1F4086,2021-11-02,Requirement,2021-11-06,2022-02-06,Security,In Process,2022-12-20,92A54B358B4CF53CCA4095E4697E1004,B86FC6B051F63D73DE262D4C34E3A0A9,409.0,True,1290.0,True,92.0,Security,254,101
Property,8AF20F36E6DD45762064462CBE1F4086,2021-11-02,Requirement,2021-11-06,2022-02-06,Emergency_Response,In Process,2022-12-20,92A54B358B4CF53CCA4095E4697E1004,B86FC6B051F63D73DE262D4C34E3A0A9,409.0,True,1290.0,True,92.0,Other,254,101
Motor,8AF20F36E6DD45762064462CBE1F4086,2022-05-18,Recommendation,2022-06-06,2022-09-06,Fleet_Risk_Management,No Plans Agreed,2022-09-09,FBD1E7BA9564863B88D5C43CB833AFAF,112C61A276D0376F2F6B25DD3A337B1D,95.0,True,1078.0,True,92.0,Other,414,101
Motor,8AF20F36E6DD45762064462CBE1F4086,2022-05-18,Recommendation,2022-06-06,2022-09-06,Fleet_Risk_Management,No Plans Agreed,2022-09-09,FBD1E7BA9564863B88D5C43CB833AFAF,112C61A276D0376F2F6B25DD3A337B1D,95.0,True,1078.0,True,92.0,Other,414,101
Motor,8AF20F36E6DD45762064462CBE1F4086,2022-05-18,Recommendation,2022-06-06,,Fleet_Risk_Management,No Plans Agreed,,FBD1E7BA9564863B88D5C43CB833AFAF,112C61A276D0376F2F6B25DD3A337B1D,,True,0.0,False,,Other,414,101
Liability,8AF20F36E6DD45762064462CBE1F4086,2023-07-12,Requirement,2023-11-09,2024-01-31,Risk_Assessment,No Response,2023-11-08,5651D908D5B3AB8D4A8FE8089B4E7D83,F4A5F77DBC261A64BD853D05F8410365,-1.0,True,566.0,True,83.0,Other,27,101
Liability,8AF20F36E6DD45762064462CBE1F4086,2023-07-12,Requirement,2023-11-09,2024-01-31,Risk_Assessment,No Response,2023-11-08,5651D908D5B3AB8D4A8FE8089B4E7D83,F4A5F77DBC261A64BD853D05F8410365,-1.0,True,566.0,True,83.0,Other,27,101
Liability,8AF20F36E6DD45762064462CBE1F4086,2023-07-12,Requirement,2023-11-09,2024-01-31,Process_Hazards,No Response,2023-11-08,5651D908D5B3AB8D4A8FE8089B4E7D83,F4A5F77DBC261A64BD853D05F8410365,-1.0,True,566.0,True,83.0,Other,27,101
Liability,8AF20F36E6DD45762064462CBE1F4086,2023-07-12,Recommendation,2023-11-09,,Claims_Defensibility,No Response,2023-11-08,5651D908D5B3AB8D4A8FE8089B4E7D83,F4A5F77DBC261A64BD853D05F8410365,-1.0,True,0.0,False,,Other,27,101
Liability,8AF20F36E6DD45762064462CBE1F4086,2023-07-12,Requirement,2023-12-08,2024-02-28,Contractor_Controls,No Response,2023-12-06,5651D908D5B3AB8D4A8FE8089B4E7D83,F4A5F77DBC261A64BD853D05F8410365,-2.0,True,538.0,True,82.0,Other,27,101
Liability,8AF20F36E6DD45762064462CBE1F4086,2023-07-12,Requirement,2023-12-08,2024-02-28,Workplace_Transport,No Response,2023-12-06,5651D908D5B3AB8D4A8FE8089B4E7D83,F4A5F77DBC261A64BD853D05F8410365,-2.0,True,538.0,True,82.0,Other,27,101
Liability,8AF20F36E6DD45762064462CBE1F4086,2023-07-12,Requirement,2023-12-08,2024-01-31,Housekeeping,No Response,2023-12-06,5651D908D5B3AB8D4A8FE8089B4E7D83,F4A5F77DBC261A64BD853D05F8410365,-2.0,True,566.0,True,54.0,Housekeeping,27,101
Liability,8AF20F36E6DD45762064462CBE1F4086,2023-07-12,Requirement,2023-12-08,2024-01-31,Risk_Assessment,No Response,2023-12-06,5651D908D5B3AB8D4A8FE8089B4E7D83,F4A5F77DBC261A64BD853D05F8410365,-2.0,True,566.0,True,54.0,Other,27,101
Property,8AF20F36E6DD45762064462CBE1F4086,2023-07-27,Critical Requirement,2023-10-12,2023-12-12,Sprinkler_Protection,No Response,,5CE8266757B27623F18AB526111231B6,F4A5F77DBC261A64BD853D05F8410365,,True,616.0,True,61.0,Other,310,101
Property,8AF20F36E6DD45762064462CBE1F4086,2023-07-27,Requirement,2023-10-12,2023-12-12,Fire_Safety_Management,No Response,,5CE8266757B27623F18AB526111231B6,F4A5F77DBC261A64BD853D05F8410365,,True,616.0,True,61.0,Other,310,101
Property,8AF20F36E6DD45762064462CBE1F4086,2023-07-27,Requirement,2023-10-12,2023-11-12,Housekeeping,No Response,,5CE8266757B27623F18AB526111231B6,F4A5F77DBC261A64BD853D05F8410365,,True,646.0,True,31.0,Housekeeping,310,101
Property,8AF20F36E6DD45762064462CBE1F4086,2023-07-27,Requirement,2023-10-12,2024-01-12,Fire_Safety_Management,No Response,,5CE8266757B27623F18AB526111231B6,F4A5F77DBC261A64BD853D05F8410365,,True,585.0,True,92.0,Other,310,101
Property,8AF20F36E6DD45762064462CBE1F4086,2023-07-27,Requirement,2023-10-12,2023-12-12,Fire_Safety_Management,No Response,,5CE8266757B27623F18AB526111231B6,F4A5F77DBC261A64BD853D05F8410365,,True,616.0,True,61.0,Other,310,101
Property,8AF20F36E6DD45762064462CBE1F4086,2023-07-27,Requirement,2023-10-12,2024-01-12,Maintenance,No Response,,5CE8266757B27623F18AB526111231B6,F4A5F77DBC261A64BD853D05F8410365,,True,585.0,True,92.0,Maintenance,310,101
Liability,8AF20F36E6DD45762064462CBE1F4086,2023-07-27,Requirement,2023-10-12,2023-11-12,Slips_Trips_Falls,No Response,2023-10-17,5651D908D5B3AB8D4A8FE8089B4E7D83,F4A5F77DBC261A64BD853D05F8410365,5.0,True,646.0,True,31.0,Other,27,101
Liability,8AF20F36E6DD45762064462CBE1F4086,2023-07-27,Requirement,2023-10-12,2024-03-12,Workplace_Transport,No Response,2023-10-17,5651D908D5B3AB8D4A8FE8089B4E7D83,F4A5F77DBC261A64BD853D05F8410365,5.0,True,525.0,True,152.0,Other,27,101
Liability,8AF20F36E6DD45762064462CBE1F4086,2023-07-27,Requirement,2023-10-12,2024-01-12,Fire_Safety_Management,No Response,2023-10-17,5651D908D5B3AB8D4A8FE8089B4E7D83,F4A5F77DBC261A64BD853D05F8410365,5.0,True,585.0,True,92.0,Other,27,101
Liability,8AF20F36E6DD45762064462CBE1F4086,2023-07-27,Recommendation,2023-10-17,,Housekeeping,No Response,2023-10-17,5651D908D5B3AB8D4A8FE8089B4E7D83,F4A5F77DBC261A64BD853D05F8410365,0.0,True,0.0,False,,Housekeeping,27,101
Liability,8AF20F36E6DD45762064462CBE1F4086,2023-07-27,Recommendation,2023-10-17,,Slips_Trips_Falls,No Response,2023-10-17,5651D908D5B3AB8D4A8FE8089B4E7D83,F4A5F77DBC261A64BD853D05F8410365,0.0,True,0.0,False,,Other,27,101
Property,8AF20F36E6DD45762064462CBE1F4086,2023-07-27,Recommendation,2023-10-17,,Electrical_Maintenance,No Response,2023-10-17,5CE8266757B27623F18AB526111231B6,F4A5F77DBC261A64BD853D05F8410365,0.0,True,0.0,False,,Other,310,101
Liability,8AF20F36E6DD45762064462CBE1F4086,2023-07-27,Recommendation,2023-10-17,,General_Maintenance,No Response,2023-10-17,5651D908D5B3AB8D4A8FE8089B4E7D83,F4A5F77DBC261A64BD853D05F8410365,0.0,True,0.0,False,,Other,27,101
Liability,8AF20F36E6DD45762064462CBE1F4086,2023-07-27,Recommendation,2023-10-17,,Slips_Trips_Falls,No Response,2023-10-17,5651D908D5B3AB8D4A8FE8089B4E7D83,F4A5F77DBC261A64BD853D05F8410365,0.0,True,0.0,False,,Other,27,101
Liability,8AF20F36E6DD45762064462CBE1F4086,2023-07-27,Recommendation,2023-10-17,,Safe_Operating_Procedures,No Response,2023-10-17,5651D908D5B3AB8D4A8FE8089B4E7D83,F4A5F77DBC261A64BD853D05F8410365,0.0,True,0.0,False,,Other,27,101
Liability,8AF20F36E6DD45762064462CBE1F4086,2023-07-27,Recommendation,2023-10-17,,Housekeeping,No Response,2023-10-17,5651D908D5B3AB8D4A8FE8089B4E7D83,F4A5F77DBC261A64BD853D05F8410365,0.0,True,0.0,False,,Housekeeping,27,101
Property,8AF20F36E6DD45762064462CBE1F4086,2023-08-01,Requirement,2023-10-13,2023-12-31,Sprinkler_Protection,No Response,,6B712DA7B7CCF80851BEB06DE6C32E6C,F4A5F77DBC261A64BD853D05F8410365,,True,597.0,True,79.0,Other,188,101
Property,8AF20F36E6DD45762064462CBE1F4086,2023-08-01,Requirement,2023-10-13,2023-12-31,Smoking,No Response,,6B712DA7B7CCF80851BEB06DE6C32E6C,F4A5F77DBC261A64BD853D05F8410365,,True,597.0,True,79.0,Combustibles,188,101
Property,8AF20F36E6DD45762064462CBE1F4086,2023-08-01,Requirement,2023-10-13,2023-12-31,Sprinkler_Protection,No Response,,6B712DA7B7CCF80851BEB06DE6C32E6C,F4A5F77DBC261A64BD853D05F8410365,,True,597.0,True,79.0,Other,188,101
Liability,8AF20F36E6DD45762064462CBE1F4086,2023-08-01,Requirement,2023-10-13,2024-04-30,Process_Hazards,No Response,2023-10-17,5651D908D5B3AB8D4A8FE8089B4E7D83,F4A5F77DBC261A64BD853D05F8410365,4.0,True,476.0,True,200.0,Other,27,101
Liability,8AF20F36E6DD45762064462CBE1F4086,2023-08-01,Requirement,2023-10-13,2023-11-13,Storage_Hazards,No Response,2023-10-17,5651D908D5B3AB8D4A8FE8089B4E7D83,F4A5F77DBC261A64BD853D05F8410365,4.0,True,645.0,True,31.0,Other,27,101
Liability,8AF20F36E6DD45762064462CBE1F4086,2023-08-01,Requirement,2023-10-13,2023-12-31,Lone_Working,No Response,2023-10-17,5651D908D5B3AB8D4A8FE8089B4E7D83,F4A5F77DBC261A64BD853D05F8410365,4.0,True,597.0,True,79.0,Other,27,101
Property,8AF20F36E6DD45762064462CBE1F4086,2023-08-01,Recommendation,2023-10-13,,Fire_Safety_Management,No Response,,6B712DA7B7CCF80851BEB06DE6C32E6C,F4A5F77DBC261A64BD853D05F8410365,,True,0.0,False,,Other,188,101
Property,8AF20F36E6DD45762064462CBE1F4086,2023-08-01,Recommendation,2023-10-13,,Fire_Safety_Management,No Response,,6B712DA7B7CCF80851BEB06DE6C32E6C,F4A5F77DBC261A64BD853D05F8410365,,True,0.0,False,,Other,188,101
Property,8AF20F36E6DD45762064462CBE1F4086,2023-08-01,Recommendation,2023-10-13,,General_Maintenance,No Response,,6B712DA7B7CCF80851BEB06DE6C32E6C,F4A5F77DBC261A64BD853D05F8410365,,True,0.0,False,,Other,188,101
Property,8AF20F36E6DD45762064462CBE1F4086,2023-08-01,Recommendation,2023-10-13,,Housekeeping,No Response,,6B712DA7B7CCF80851BEB06DE6C32E6C,F4A5F77DBC261A64BD853D05F8410365,,True,0.0,False,,Housekeeping,188,101
Property,8AF20F36E6DD45762064462CBE1F4086,2023-08-01,Recommendation,2023-10-13,,Fire_Safety_Management,No Response,,6B712DA7B7CCF80851BEB06DE6C32E6C,F4A5F77DBC261A64BD853D05F8410365,,True,0.0,False,,Other,188,101
Property,8AF20F36E6DD45762064462CBE1F4086,2023-08-01,Recommendation,2023-10-13,,Automatic_Fire_Detection,No Response,,6B712DA7B7CCF80851BEB06DE6C32E6C,F4A5F77DBC261A64BD853D05F8410365,,True,0.0,False,,Other,188,101
Liability,8AF20F36E6DD45762064462CBE1F4086,2023-08-01,Recommendation,2023-10-13,,General_Maintenance,No Response,2023-10-17,5651D908D5B3AB8D4A8FE8089B4E7D83,F4A5F77DBC261A64BD853D05F8410365,4.0,True,0.0,False,,Other,27,101
Liability,8AF20F36E6DD45762064462CBE1F4086,2023-08-01,Requirement,2023-10-13,2023-10-13,Fire_Safety_Management,Completed Verified,2023-10-17,5651D908D5B3AB8D4A8FE8089B4E7D83,F4A5F77DBC261A64BD853D05F8410365,4.0,True,676.0,True,0.0,Other,27,101
Property,8AF20F36E6DD45762064462CBE1F4086,2023-08-08,Requirement,2023-10-13,2023-12-31,Housekeeping,No Response,,6B712DA7B7CCF80851BEB06DE6C32E6C,F4A5F77DBC261A64BD853D05F8410365,,True,597.0,True,79.0,Housekeeping,188,101
Property,8AF20F36E6DD45762064462CBE1F4086,2023-08-08,Requirement,2023-10-13,2023-12-31,Storage_Hazards,No Response,,6B712DA7B7CCF80851BEB06DE6C32E6C,F4A5F77DBC261A64BD853D05F8410365,,True,597.0,True,79.0,Other,188,101
Property,8AF20F36E6DD45762064462CBE1F4086,2023-08-08,Recommendation,2023-09-01,,Housekeeping,No Response,,6B712DA7B7CCF80851BEB06DE6C32E6C,F4A5F77DBC261A64BD853D05F8410365,,True,0.0,False,,Housekeeping,188,101
Property,8AF20F36E6DD45762064462CBE1F4086,2023-08-08,Recommendation,2023-09-01,,Housekeeping,No Response,,6B712DA7B7CCF80851BEB06DE6C32E6C,F4A5F77DBC261A64BD853D05F8410365,,True,0.0,False,,Housekeeping,188,101
Property,62F5395F78B8E3019AFEF4E2CFE8FD58,2022-02-10,Recommendation,2022-04-11,,Compartmentation,No Response,2023-08-30,5CE8266757B27623F18AB526111231B6,B86FC6B051F63D73DE262D4C34E3A0A9,506.0,True,0.0,False,,Other,310,21
Property,62F5395F78B8E3019AFEF4E2CFE8FD58,2022-02-10,Recommendation,2022-04-11,,Security,No Response,2023-08-30,5CE8266757B27623F18AB526111231B6,B86FC6B051F63D73DE262D4C34E3A0A9,506.0,True,0.0,False,,Security,310,21
Property,62F5395F78B8E3019AFEF4E2CFE8FD58,2022-02-10,Recommendation,2022-04-11,,Management_of_Change,No Response,2023-08-30,5CE8266757B27623F18AB526111231B6,B86FC6B051F63D73DE262D4C34E3A0A9,506.0,True,0.0,False,,Other,310,21
Property,62F5395F78B8E3019AFEF4E2CFE8FD58,2022-02-10,Recommendation,2022-04-11,,Automatic_Fire_Detection,No Response,2023-08-30,5CE8266757B27623F18AB526111231B6,B86FC6B051F63D73DE262D4C34E3A0A9,506.0,True,0.0,False,,Other,310,21
Property,62F5395F78B8E3019AFEF4E2CFE8FD58,2022-02-16,Recommendation,2022-04-11,,Storage_Hazards,No Response,2023-08-30,5CE8266757B27623F18AB526111231B6,B86FC6B051F63D73DE262D4C34E3A0A9,506.0,True,0.0,False,,Other,310,21
Property,62F5395F78B8E3019AFEF4E2CFE8FD58,2022-02-16,Recommendation,2022-04-11,,Inspections,No Response,2023-08-30,5CE8266757B27623F18AB526111231B6,B86FC6B051F63D73DE262D4C34E3A0A9,506.0,True,0.0,False,,Other,310,21
Property,62F5395F78B8E3019AFEF4E2CFE8FD58,2022-02-22,Recommendation,2022-04-11,,Heating_and_Cooling,No Response,2023-08-30,5CE8266757B27623F18AB526111231B6,B86FC6B051F63D73DE262D4C34E3A0A9,506.0,True,0.0,False,,Other,310,21
Property,62F5395F78B8E3019AFEF4E2CFE8FD58,2022-02-22,Recommendation,2022-04-11,,Automatic_Fire_Detection,No Response,2023-08-30,5CE8266757B27623F18AB526111231B6,B86FC6B051F63D73DE262D4C34E3A0A9,506.0,True,0.0,False,,Other,310,21
Property,62F5395F78B8E3019AFEF4E2CFE8FD58,2022-02-22,Recommendation,2022-04-11,,General_Maintenance,No Response,2023-08-30,5CE8266757B27623F18AB526111231B6,B86FC6B051F63D73DE262D4C34E3A0A9,506.0,True,0.0,False,,Other,310,21
Property,62F5395F78B8E3019AFEF4E2CFE8FD58,2022-02-22,Recommendation,2022-04-11,,General_Maintenance,No Response,2023-08-30,5CE8266757B27623F18AB526111231B6,B86FC6B051F63D73DE262D4C34E3A0A9,506.0,True,0.0,False,,Other,310,21
Property,62F5395F78B8E3019AFEF4E2CFE8FD58,2022-02-22,Recommendation,2022-04-11,,Security,No Response,2023-08-30,5CE8266757B27623F18AB526111231B6,B86FC6B051F63D73DE262D4C34E3A0A9,506.0,True,0.0,False,,Security,310,21
Property,62F5395F78B8E3019AFEF4E2CFE8FD58,2022-02-22,Recommendation,2022-04-11,,Fire_Safety_Management,No Response,2023-08-30,5CE8266757B27623F18AB526111231B6,B86FC6B051F63D73DE262D4C34E3A0A9,506.0,True,0.0,False,,Other,310,21
Property,62F5395F78B8E3019AFEF4E2CFE8FD58,2022-02-23,Recommendation,2022-04-11,,Security,Completed Not Verified,2022-12-20,5CE8266757B27623F18AB526111231B6,B86FC6B051F63D73DE262D4C34E3A0A9,253.0,True,0.0,False,,Security,310,21
Property,62F5395F78B8E3019AFEF4E2CFE8FD58,2022-03-23,Recommendation,2022-04-11,,Business_Continuity,Completed Not Verified,2022-12-20,5CE8266757B27623F18AB526111231B6,B86FC6B051F63D73DE262D4C34E3A0A9,253.0,True,0.0,False,,Other,310,21
Property,62F5395F78B8E3019AFEF4E2CFE8FD58,2022-03-23,Recommendation,2022-04-11,,Process_Hazards,Completed Not Verified,2022-12-20,5CE8266757B27623F18AB526111231B6,B86FC6B051F63D73DE262D4C34E3A0A9,253.0,True,0.0,False,,Other,310,21
Property,62F5395F78B8E3019AFEF4E2CFE8FD58,2022-03-23,Recommendation,2022-04-11,,Security,Completed Not Verified,2022-12-20,5CE8266757B27623F18AB526111231B6,B86FC6B051F63D73DE262D4C34E3A0A9,253.0,True,0.0,False,,Security,310,21
Property,62F5395F78B8E3019AFEF4E2CFE8FD58,2022-03-23,Recommendation,2022-04-11,,Compartmentation,Completed Not Verified,2022-12-20,5CE8266757B27623F18AB526111231B6,B86FC6B051F63D73DE262D4C34E3A0A9,253.0,True,0.0,False,,Other,310,21
Property,62F5395F78B8E3019AFEF4E2CFE8FD58,2022-03-23,Recommendation,2022-04-11,,Heating_and_Cooling,Completed Not Verified,2022-12-20,5CE8266757B27623F18AB526111231B6,B86FC6B051F63D73DE262D4C34E3A0A9,253.0,True,0.0,False,,Other,310,21
Property,62F5395F78B8E3019AFEF4E2CFE8FD58,2022-03-23,Recommendation,2022-04-11,,External_Storage,Completed Not Verified,2022-12-20,5CE8266757B27623F18AB526111231B6,B86FC6B051F63D73DE262D4C34E3A0A9,253.0,True,0.0,False,,Other,310,21
Property,62F5395F78B8E3019AFEF4E2CFE8FD58,2022-03-23,Recommendation,2022-04-11,,Smoking,Completed Not Verified,2022-12-20,5CE8266757B27623F18AB526111231B6,B86FC6B051F63D73DE262D4C34E3A0A9,253.0,True,0.0,False,,Combustibles,310,21
Property,62F5395F78B8E3019AFEF4E2CFE8FD58,2022-03-23,Recommendation,2022-04-11,,Heating_and_Cooling,Completed Not Verified,2022-12-20,5CE8266757B27623F18AB526111231B6,B86FC6B051F63D73DE262D4C34E3A0A9,253.0,True,0.0,False,,Other,310,21
Property,0A253B4B844BFB32C08CE661B9875FF6,2021-06-07,Requirement,2021-07-14,2021-08-14,External_Storage,Completed Not Verified,2022-12-09,5CE8266757B27623F18AB526111231B6,25EC916D56B8212E569DBF2E4E4B51D4,513.0,True,1466.0,True,31.0,Other,310,24
Property,0A253B4B844BFB32C08CE661B9875FF6,2021-06-07,Requirement,2021-07-14,2021-10-14,Housekeeping,Completed Verified,2022-08-16,5CE8266757B27623F18AB526111231B6,25EC916D56B8212E569DBF2E4E4B51D4,398.0,True,1405.0,True,92.0,Housekeeping,310,24
Property,0A253B4B844BFB32C08CE661B9875FF6,2021-06-07,Recommendation,2021-07-14,,Sprinkler_Protection,No Plans Agreed,2021-10-11,5CE8266757B27623F18AB526111231B6,25EC916D56B8212E569DBF2E4E4B51D4,89.0,True,0.0,False,,Other,310,24
Property,0A253B4B844BFB32C08CE661B9875FF6,2021-06-07,Recommendation,2021-07-14,,Sprinkler_Protection,Completed Verified,2021-10-11,5CE8266757B27623F18AB526111231B6,25EC916D56B8212E569DBF2E4E4B51D4,89.0,True,0.0,False,,Other,310,24
Property,0A253B4B844BFB32C08CE661B9875FF6,2021-06-07,Recommendation,2021-07-14,,Emergency_Response,Completed Verified,2021-10-11,5CE8266757B27623F18AB526111231B6,25EC916D56B8212E569DBF2E4E4B51D4,89.0,True,0.0,False,,Other,310,24
Property,0A253B4B844BFB32C08CE661B9875FF6,2021-06-07,Requirement,2021-07-14,2021-10-14,General_Maintenance,Completed Verified,2022-08-16,5CE8266757B27623F18AB526111231B6,25EC916D56B8212E569DBF2E4E4B51D4,398.0,True,1405.0,True,92.0,Other,310,24
Property,0A253B4B844BFB32C08CE661B9875FF6,2021-06-07,Recommendation,2021-07-14,,Electrical_Maintenance,Completed Verified,2022-08-16,5CE8266757B27623F18AB526111231B6,25EC916D56B8212E569DBF2E4E4B51D4,398.0,True,0.0,False,,Other,310,24
Property,0A253B4B844BFB32C08CE661B9875FF6,2021-06-07,Recommendation,2021-07-14,,Sprinkler_Protection,In Process,2023-02-23,5CE8266757B27623F18AB526111231B6,25EC916D56B8212E569DBF2E4E4B51D4,589.0,True,0.0,False,,Other,310,24
Property,0A253B4B844BFB32C08CE661B9875FF6,2021-06-07,Requirement,2021-07-14,2022-01-14,Business_Continuity,In Process,2022-08-17,5CE8266757B27623F18AB526111231B6,25EC916D56B8212E569DBF2E4E4B51D4,399.0,True,1313.0,True,184.0,Other,310,24
Property,0A253B4B844BFB32C08CE661B9875FF6,2021-06-07,Requirement,2021-07-14,2021-10-14,Sprinkler_Protection,Under Review,2022-08-17,5CE8266757B27623F18AB526111231B6,25EC916D56B8212E569DBF2E4E4B51D4,399.0,True,1405.0,True,92.0,Other,310,24
Property,0A253B4B844BFB32C08CE661B9875FF6,2021-06-07,Requirement,2021-07-14,2021-10-14,Sprinkler_Protection,In Process,2023-02-23,5CE8266757B27623F18AB526111231B6,25EC916D56B8212E569DBF2E4E4B51D4,589.0,True,1405.0,True,92.0,Other,310,24
Property,0A253B4B844BFB32C08CE661B9875FF6,2021-06-07,Requirement,2021-07-14,2022-01-14,Business_Continuity,Under Review,2022-12-09,5CE8266757B27623F18AB526111231B6,25EC916D56B8212E569DBF2E4E4B51D4,513.0,True,1313.0,True,184.0,Other,310,24
Property,0A253B4B844BFB32C08CE661B9875FF6,2022-08-16,Requirement,2022-08-24,2023-02-24,Electrical_Maintenance,In Process,2022-12-09,5CE8266757B27623F18AB526111231B6,25EC916D56B8212E569DBF2E4E4B51D4,107.0,True,907.0,True,184.0,Other,310,24
Property,0A253B4B844BFB32C08CE661B9875FF6,2022-08-16,Requirement,2022-08-24,2023-08-24,Sprinkler_Protection,In Process,2023-02-23,5CE8266757B27623F18AB526111231B6,25EC916D56B8212E569DBF2E4E4B51D4,183.0,True,726.0,True,365.0,Other,310,24
Property,0A253B4B844BFB32C08CE661B9875FF6,2022-08-16,Requirement,2022-08-24,2023-02-24,Contractor_Controls,Under Review,2022-12-09,5CE8266757B27623F18AB526111231B6,25EC916D56B8212E569DBF2E4E4B51D4,107.0,True,907.0,True,184.0,Other,310,24
Property,0A253B4B844BFB32C08CE661B9875FF6,2022-08-16,Recommendation,2022-08-24,,Emergency_Response,Under Review,2022-12-09,5CE8266757B27623F18AB526111231B6,25EC916D56B8212E569DBF2E4E4B51D4,107.0,True,0.0,False,,Other,310,24
Property,0A253B4B844BFB32C08CE661B9875FF6,2022-08-16,Recommendation,2022-08-24,,Electrical_Maintenance,Under Review,2022-12-09,5CE8266757B27623F18AB526111231B6,25EC916D56B8212E569DBF2E4E4B51D4,107.0,True,0.0,False,,Other,310,24
Property,0A253B4B844BFB32C08CE661B9875FF6,2022-08-17,Requirement,2022-08-24,2023-08-22,Electrical_Maintenance,Completed Not Verified,2022-12-09,5CE8266757B27623F18AB526111231B6,25EC916D56B8212E569DBF2E4E4B51D4,107.0,True,728.0,True,363.0,Other,310,24
Property,0A253B4B844BFB32C08CE661B9875FF6,2022-08-17,Requirement,2022-08-24,2022-02-24,Sprinkler_Protection,In Process,2022-12-09,5CE8266757B27623F18AB526111231B6,25EC916D56B8212E569DBF2E4E4B51D4,107.0,True,1272.0,True,-181.0,Other,310,24
Property,0A253B4B844BFB32C08CE661B9875FF6,2022-08-17,Requirement,2022-08-24,2023-02-22,Contractor_Controls,Under Review,2022-12-09,5CE8266757B27623F18AB526111231B6,25EC916D56B8212E569DBF2E4E4B51D4,107.0,True,909.0,True,182.0,Other,310,24
Property,0A253B4B844BFB32C08CE661B9875FF6,2022-08-17,Requirement,2022-08-24,2023-02-22,Security,Under Review,2022-12-09,5CE8266757B27623F18AB526111231B6,25EC916D56B8212E569DBF2E4E4B51D4,107.0,True,909.0,True,182.0,Security,310,24
Property,0A253B4B844BFB32C08CE661B9875FF6,2022-08-17,Recommendation,2022-08-24,,Emergency_Response,Under Review,2023-03-23,5CE8266757B27623F18AB526111231B6,25EC916D56B8212E569DBF2E4E4B51D4,211.0,True,0.0,False,,Other,310,24
Property,0A253B4B844BFB32C08CE661B9875FF6,2022-08-17,Recommendation,2022-08-24,,Sprinkler_Protection,No Response,,5CE8266757B27623F18AB526111231B6,25EC916D56B8212E569DBF2E4E4B51D4,,True,0.0,False,,Other,310,24
Property,0A253B4B844BFB32C08CE661B9875FF6,2022-08-17,Recommendation,2022-08-24,,Compartmentation,No Response,,5CE8266757B27623F18AB526111231B6,25EC916D56B8212E569DBF2E4E4B51D4,,True,0.0,False,,Other,310,24
Property,AFA03BE6FE0FCBDA08FFDEDD30AE868D,2022-03-09,Requirement,2022-05-03,2022-08-03,Housekeeping,Completed Not Verified,2022-05-26,92A54B358B4CF53CCA4095E4697E1004,79CBA1185463850DEDBA31F172F1DC5B,23.0,True,1112.0,True,92.0,Housekeeping,254,11
Property,AFA03BE6FE0FCBDA08FFDEDD30AE868D,2022-03-09,Requirement,2022-05-03,2022-08-03,External_Storage,Completed Not Verified,2022-05-26,92A54B358B4CF53CCA4095E4697E1004,79CBA1185463850DEDBA31F172F1DC5B,23.0,True,1112.0,True,92.0,Other,254,11
Property,AFA03BE6FE0FCBDA08FFDEDD30AE868D,2022-03-09,Requirement,2022-05-03,2022-08-03,Storage_Hazards,Completed Not Verified,2022-05-26,92A54B358B4CF53CCA4095E4697E1004,79CBA1185463850DEDBA31F172F1DC5B,23.0,True,1112.0,True,92.0,Other,254,11
Property,AFA03BE6FE0FCBDA08FFDEDD30AE868D,2022-03-09,Requirement,2022-05-03,2022-08-03,General_Maintenance,Completed Not Verified,2022-05-26,92A54B358B4CF53CCA4095E4697E1004,79CBA1185463850DEDBA31F172F1DC5B,23.0,True,1112.0,True,92.0,Other,254,11
Property,AFA03BE6FE0FCBDA08FFDEDD30AE868D,2022-03-09,Requirement,2022-05-03,2022-08-03,Emergency_Response,Completed Not Verified,2022-05-26,92A54B358B4CF53CCA4095E4697E1004,79CBA1185463850DEDBA31F172F1DC5B,23.0,True,1112.0,True,92.0,Other,254,11
Property,AFA03BE6FE0FCBDA08FFDEDD30AE868D,2022-03-09,Requirement,2022-05-03,2022-08-03,Electrical_Maintenance,Completed Not Verified,2022-05-26,92A54B358B4CF53CCA4095E4697E1004,79CBA1185463850DEDBA31F172F1DC5B,23.0,True,1112.0,True,92.0,Other,254,11
Property,AFA03BE6FE0FCBDA08FFDEDD30AE868D,2022-03-09,Requirement,2022-05-03,2022-08-03,Permits_to_Work,Completed Not Verified,2022-05-26,92A54B358B4CF53CCA4095E4697E1004,79CBA1185463850DEDBA31F172F1DC5B,23.0,True,1112.0,True,92.0,Other,254,11
Property,AFA03BE6FE0FCBDA08FFDEDD30AE868D,2022-03-09,Requirement,2022-05-03,2022-08-03,General_Maintenance,In Process,2022-05-26,92A54B358B4CF53CCA4095E4697E1004,79CBA1185463850DEDBA31F172F1DC5B,23.0,True,1112.0,True,92.0,Other,254,11
Property,AFA03BE6FE0FCBDA08FFDEDD30AE868D,2022-03-09,Requirement,2022-05-03,2022-08-03,Fire_Safety_Management,In Process,2022-05-26,92A54B358B4CF53CCA4095E4697E1004,79CBA1185463850DEDBA31F172F1DC5B,23.0,True,1112.0,True,92.0,Other,254,11
Property,AFA03BE6FE0FCBDA08FFDEDD30AE868D,2022-03-09,Recommendation,2022-05-03,,Flammable_Liquids,Under Review,2022-05-26,92A54B358B4CF53CCA4095E4697E1004,79CBA1185463850DEDBA31F172F1DC5B,23.0,True,0.0,False,,Other,254,11
Property,AFA03BE6FE0FCBDA08FFDEDD30AE868D,2022-03-09,Recommendation,2022-05-03,,Business_Continuity,No Plans,2022-05-26,92A54B358B4CF53CCA4095E4697E1004,79CBA1185463850DEDBA31F172F1DC5B,23.0,True,0.0,False,,Other,254,11
Property,9D151EBE41DAE0799B073AD0FB858C56,2024-07-04,Requirement,2024-07-05,2024-10-09,Sprinkler_Protection,No Response,,47B79BD259E22596FFC4BE2FFBBE5C5A,1D50EEEE3AA774EB670B89AE648FC40C,,True,314.0,True,96.0,Other,217,20
Property,9D151EBE41DAE0799B073AD0FB858C56,2024-07-04,Requirement,2024-07-05,2024-08-09,Sprinkler_Protection,No Response,,47B79BD259E22596FFC4BE2FFBBE5C5A,1D50EEEE3AA774EB670B89AE648FC40C,,True,375.0,True,35.0,Other,217,20
Liability,9D151EBE41DAE0799B073AD0FB858C56,2024-07-04,Requirement,2024-07-05,2024-09-09,Risk_Assessment,No Response,,47B79BD259E22596FFC4BE2FFBBE5C5A,1D50EEEE3AA774EB670B89AE648FC40C,,True,344.0,True,66.0,Other,217,20
Liability,9D151EBE41DAE0799B073AD0FB858C56,2024-07-04,Requirement,2024-07-05,2024-09-09,Risk_Assessment,No Response,,47B79BD259E22596FFC4BE2FFBBE5C5A,1D50EEEE3AA774EB670B89AE648FC40C,,True,344.0,True,66.0,Other,217,20
Property,9D151EBE41DAE0799B073AD0FB858C56,2024-07-04,Requirement,2024-07-05,2024-09-09,Process_Hazards,No Response,,47B79BD259E22596FFC4BE2FFBBE5C5A,1D50EEEE3AA774EB670B89AE648FC40C,,True,344.0,True,66.0,Other,217,20
Liability,9D151EBE41DAE0799B073AD0FB858C56,2024-07-04,Requirement,2024-07-05,2024-09-09,Contractor_Controls,No Response,,47B79BD259E22596FFC4BE2FFBBE5C5A,1D50EEEE3AA774EB670B89AE648FC40C,,True,344.0,True,66.0,Other,217,20
Property,9D151EBE41DAE0799B073AD0FB858C56,2024-07-04,Requirement,2024-07-05,2024-09-09,Electrical_Maintenance,No Response,,47B79BD259E22596FFC4BE2FFBBE5C5A,1D50EEEE3AA774EB670B89AE648FC40C,,True,344.0,True,66.0,Other,217,20
Liability,9D151EBE41DAE0799B073AD0FB858C56,2024-07-04,Requirement,2024-07-05,2024-09-09,Safe_Systems_of_Work,No Response,,47B79BD259E22596FFC4BE2FFBBE5C5A,1D50EEEE3AA774EB670B89AE648FC40C,,True,344.0,True,66.0,Other,217,20
Liability,9D151EBE41DAE0799B073AD0FB858C56,2024-07-04,Requirement,2024-07-05,2024-09-09,Process_Hazards,No Response,,47B79BD259E22596FFC4BE2FFBBE5C5A,1D50EEEE3AA774EB670B89AE648FC40C,,True,344.0,True,66.0,Other,217,20
Property,9D151EBE41DAE0799B073AD0FB858C56,2024-07-04,Requirement,2024-07-05,2024-09-09,Flammable_Liquids,No Response,,47B79BD259E22596FFC4BE2FFBBE5C5A,1D50EEEE3AA774EB670B89AE648FC40C,,True,344.0,True,66.0,Other,217,20
Property,9D151EBE41DAE0799B073AD0FB858C56,2024-07-04,Requirement,2024-07-05,2024-09-09,Heating_and_Cooling,No Response,,47B79BD259E22596FFC4BE2FFBBE5C5A,1D50EEEE3AA774EB670B89AE648FC40C,,True,344.0,True,66.0,Other,217,20
Property,9D151EBE41DAE0799B073AD0FB858C56,2024-07-04,Requirement,2024-07-05,2024-09-09,Compartmentation,No Response,,47B79BD259E22596FFC4BE2FFBBE5C5A,1D50EEEE3AA774EB670B89AE648FC40C,,True,344.0,True,66.0,Other,217,20
Property,9D151EBE41DAE0799B073AD0FB858C56,2024-07-04,Recommendation,2024-07-05,,Housekeeping,No Response,,47B79BD259E22596FFC4BE2FFBBE5C5A,1D50EEEE3AA774EB670B89AE648FC40C,,True,0.0,False,,Housekeeping,217,20
Property,9D151EBE41DAE0799B073AD0FB858C56,2024-07-04,Recommendation,2024-07-05,,Business_Continuity,No Response,,47B79BD259E22596FFC4BE2FFBBE5C5A,1D50EEEE3AA774EB670B89AE648FC40C,,True,0.0,False,,Other,217,20
Property,9D151EBE41DAE0799B073AD0FB858C56,2024-07-04,Recommendation,2024-07-05,,Security,No Response,,47B79BD259E22596FFC4BE2FFBBE5C5A,1D50EEEE3AA774EB670B89AE648FC40C,,True,0.0,False,,Security,217,20
Property,9D151EBE41DAE0799B073AD0FB858C56,2024-07-04,Recommendation,2024-07-05,,Inspections,No Response,,47B79BD259E22596FFC4BE2FFBBE5C5A,1D50EEEE3AA774EB670B89AE648FC40C,,True,0.0,False,,Other,217,20
Property,9D151EBE41DAE0799B073AD0FB858C56,2024-07-04,Recommendation,2024-07-05,,Claims_Defensibility,No Response,,47B79BD259E22596FFC4BE2FFBBE5C5A,1D50EEEE3AA774EB670B89AE648FC40C,,True,0.0,False,,Other,217,20
Property,9D151EBE41DAE0799B073AD0FB858C56,2024-07-04,Recommendation,2024-07-05,,Claims_Defensibility,No Response,,47B79BD259E22596FFC4BE2FFBBE5C5A,1D50EEEE3AA774EB670B89AE648FC40C,,True,0.0,False,,Other,217,20
Property,9D151EBE41DAE0799B073AD0FB858C56,2024-07-04,Recommendation,2024-07-05,,Accident_Investigation,No Response,,47B79BD259E22596FFC4BE2FFBBE5C5A,1D50EEEE3AA774EB670B89AE648FC40C,,True,0.0,False,,Other,217,20
Property,9D151EBE41DAE0799B073AD0FB858C56,2024-07-04,Recommendation,2024-07-05,,Management_of_Change,No Response,,47B79BD259E22596FFC4BE2FFBBE5C5A,1D50EEEE3AA774EB670B89AE648FC40C,,True,0.0,False,,Other,217,20
Property,6A54C050B1E3B68FA66A788598CFE513,2023-05-02,Recommendation,2023-05-02,,Construction,Completed Verified,,92A54B358B4CF53CCA4095E4697E1004,7DC10E66DA5549D351765BD940B81BE9,,True,0.0,False,,Other,254,1
Motor,7C5D37A1FEBC592B6C9C2EF2519BCF00,2024-01-15,Recommendation,2024-03-15,2024-06-15,Fleet_Risk_Management,No Response,,534AC75C2E8AC3E3FE7BC32BB8C6E34A,C556331DE98FF0977430DADE00C6C714,,True,430.0,True,92.0,Other,79,7
Motor,7C5D37A1FEBC592B6C9C2EF2519BCF00,2024-01-15,Recommendation,2024-03-15,2024-06-15,Fleet_Risk_Management,No Response,,534AC75C2E8AC3E3FE7BC32BB8C6E34A,C556331DE98FF0977430DADE00C6C714,,True,430.0,True,92.0,Other,79,7
Motor,7C5D37A1FEBC592B6C9C2EF2519BCF00,2024-01-15,Recommendation,2024-03-15,2024-06-15,Fleet_Risk_Management,No Response,,534AC75C2E8AC3E3FE7BC32BB8C6E34A,C556331DE98FF0977430DADE00C6C714,,True,430.0,True,92.0,Other,79,7
Motor,7C5D37A1FEBC592B6C9C2EF2519BCF00,2024-01-15,Recommendation,2024-03-15,2024-06-15,Fleet_Risk_Management,No Response,,534AC75C2E8AC3E3FE7BC32BB8C6E34A,C556331DE98FF0977430DADE00C6C714,,True,430.0,True,92.0,Other,79,7
Motor,7C5D37A1FEBC592B6C9C2EF2519BCF00,2024-01-15,Recommendation,2024-03-15,2024-06-15,Fleet_Risk_Management,No Response,,534AC75C2E8AC3E3FE7BC32BB8C6E34A,C556331DE98FF0977430DADE00C6C714,,True,430.0,True,92.0,Other,79,7
Motor,7C5D37A1FEBC592B6C9C2EF2519BCF00,2024-01-15,Recommendation,2024-03-15,2024-06-15,Fleet_Risk_Management,No Response,,534AC75C2E8AC3E3FE7BC32BB8C6E34A,C556331DE98FF0977430DADE00C6C714,,True,430.0,True,92.0,Other,79,7
Motor,7C5D37A1FEBC592B6C9C2EF2519BCF00,2024-01-15,Recommendation,2024-03-15,2024-06-15,Root_Cause,No Response,,534AC75C2E8AC3E3FE7BC32BB8C6E34A,C556331DE98FF0977430DADE00C6C714,,True,430.0,True,92.0,Other,79,7
Property,4651556CC99EB19226BC26E64B0ADBAC,2023-10-16,Requirement,2023-11-01,2024-01-16,Explosive Atmosphere,In Process,,47B79BD259E22596FFC4BE2FFBBE5C5A,F4A5F77DBC261A64BD853D05F8410365,,True,581.0,True,76.0,Other,217,5
Property,4651556CC99EB19226BC26E64B0ADBAC,2023-10-16,Requirement,2023-11-01,2023-12-16,Fire_Safety_Management,In Process,,47B79BD259E22596FFC4BE2FFBBE5C5A,F4A5F77DBC261A64BD853D05F8410365,,True,612.0,True,45.0,Other,217,5
Property,4651556CC99EB19226BC26E64B0ADBAC,2023-10-16,Requirement,2023-11-01,2024-01-16,Electrical_Maintenance,In Process,,47B79BD259E22596FFC4BE2FFBBE5C5A,F4A5F77DBC261A64BD853D05F8410365,,True,581.0,True,76.0,Other,217,5
Property,4651556CC99EB19226BC26E64B0ADBAC,2023-10-16,Recommendation,2023-11-01,,Maintenance,In Process,,47B79BD259E22596FFC4BE2FFBBE5C5A,F4A5F77DBC261A64BD853D05F8410365,,True,0.0,False,,Maintenance,217,5
Motor,53942824CFC1FF12C6FCF949BCB24B9D,2022-08-18,Recommendation,2022-09-05,2022-12-05,Fleet_Risk_Management,No Plans Agreed,2022-10-19,FBD1E7BA9564863B88D5C43CB833AFAF,112C61A276D0376F2F6B25DD3A337B1D,44.0,True,988.0,True,91.0,Other,414,5
Motor,53942824CFC1FF12C6FCF949BCB24B9D,2022-08-18,Recommendation,2022-09-05,2022-12-05,Fleet_Risk_Management,No Plans Agreed,2022-10-19,FBD1E7BA9564863B88D5C43CB833AFAF,112C61A276D0376F2F6B25DD3A337B1D,44.0,True,988.0,True,91.0,Other,414,5
Motor,53942824CFC1FF12C6FCF949BCB24B9D,2022-08-18,Recommendation,2022-09-05,2022-12-05,Fleet_Risk_Management,No Plans Agreed,2022-10-19,FBD1E7BA9564863B88D5C43CB833AFAF,112C61A276D0376F2F6B25DD3A337B1D,44.0,True,988.0,True,91.0,Other,414,5
Motor,53942824CFC1FF12C6FCF949BCB24B9D,2022-08-18,Recommendation,2022-09-05,2022-12-05,Fleet_Risk_Management,Completed Verified,2022-09-14,FBD1E7BA9564863B88D5C43CB833AFAF,112C61A276D0376F2F6B25DD3A337B1D,9.0,True,988.0,True,91.0,Other,414,5
Motor,53942824CFC1FF12C6FCF949BCB24B9D,2022-08-18,Recommendation,2022-09-05,,Fleet_Risk_Management,No Plans Agreed,,FBD1E7BA9564863B88D5C43CB833AFAF,112C61A276D0376F2F6B25DD3A337B1D,,True,0.0,False,,Other,414,5
Property,4651556CC99EB19226BC26E64B0ADBAC,2023-10-16,Requirement,2023-11-01,2024-03-16,Business Continuity,In Process,,47B79BD259E22596FFC4BE2FFBBE5C5A,F4A5F77DBC261A64BD853D05F8410365,,True,521.0,True,136.0,Business Continuity,217,5
Motor,EDD9C611E423BF36CE89398BDD50FA76,2022-02-01,Requirement,2022-07-01,2023-05-07,Risk_Assessment,Agreed Long Term,2023-09-25,534AC75C2E8AC3E3FE7BC32BB8C6E34A,6848AE6F8E786062F1B23476C9ECD258,451.0,True,835.0,True,310.0,Other,79,4
Motor,EDD9C611E423BF36CE89398BDD50FA76,2022-11-02,Requirement,2022-11-07,2023-05-07,Management_safety_procedure_for_vehilces,Agreed Long Term,2023-09-25,534AC75C2E8AC3E3FE7BC32BB8C6E34A,6848AE6F8E786062F1B23476C9ECD258,322.0,True,835.0,True,181.0,Other,79,4
Motor,EDD9C611E423BF36CE89398BDD50FA76,2022-11-02,Requirement,2022-11-07,2023-05-07,Management_safety_procedure_for_vehilces,Agreed Long Term,2023-09-25,534AC75C2E8AC3E3FE7BC32BB8C6E34A,6848AE6F8E786062F1B23476C9ECD258,322.0,True,835.0,True,181.0,Other,79,4
Motor,EDD9C611E423BF36CE89398BDD50FA76,2022-12-02,Requirement,2022-02-07,2023-05-07,Accident_Investigation,Agreed Long Term,2023-09-25,534AC75C2E8AC3E3FE7BC32BB8C6E34A,6848AE6F8E786062F1B23476C9ECD258,595.0,True,835.0,True,454.0,Other,79,4
Property,6392281E984C77FF8E4B9EA4F5F4F3DC,2024-01-04,Recommendation,2024-03-20,,External_Storage,No Response,,07D935680B6501B2E42FE4BAEA021389,C90A918B859BD1E56CF99AF6246B128E,,True,0.0,False,,Other,11,2
Property,6392281E984C77FF8E4B9EA4F5F4F3DC,2024-01-05,Recommendation,2024-03-21,,External_Storage,No Response,,07D935680B6501B2E42FE4BAEA021389,C90A918B859BD1E56CF99AF6246B128E,,True,0.0,False,,Other,11,2
Motor,F29EFB5619C09DD8866AAFFA1ADA85EE,2022-08-19,Recommendation,2022-09-05,2022-12-05,Fleet_Risk_Management,No Plans Agreed,,FBD1E7BA9564863B88D5C43CB833AFAF,4BAEE84AF7A92177C9064DDC2FC010CE,,True,988.0,True,91.0,Other,414,4
Motor,F29EFB5619C09DD8866AAFFA1ADA85EE,2022-08-19,Recommendation,2022-09-05,2022-12-05,Fleet_Risk_Management,No Plans Agreed,,FBD1E7BA9564863B88D5C43CB833AFAF,4BAEE84AF7A92177C9064DDC2FC010CE,,True,988.0,True,91.0,Other,414,4
Motor,F29EFB5619C09DD8866AAFFA1ADA85EE,2022-08-19,Recommendation,2022-09-05,2022-12-05,Fleet_Risk_Management,No Plans Agreed,,FBD1E7BA9564863B88D5C43CB833AFAF,4BAEE84AF7A92177C9064DDC2FC010CE,,True,988.0,True,91.0,Other,414,4
Motor,F29EFB5619C09DD8866AAFFA1ADA85EE,2022-08-19,Recommendation,2022-09-05,2022-12-05,Fleet_Risk_Management,No Plans Agreed,,FBD1E7BA9564863B88D5C43CB833AFAF,4BAEE84AF7A92177C9064DDC2FC010CE,,True,988.0,True,91.0,Other,414,4
Property,7862DC70936F4F77E7FBC01BF13266FD,2023-05-24,Recommendation,,,Housekeeping,Completed Verified,2024-07-30,90581D96B500FD2D3FD701A583409CB8,C556331DE98FF0977430DADE00C6C714,,True,0.0,False,,Housekeeping,34,2
Liability,7862DC70936F4F77E7FBC01BF13266FD,2023-05-24,Recommendation,,,Contractor_Controls,Completed Verified,2024-07-30,90581D96B500FD2D3FD701A583409CB8,C556331DE98FF0977430DADE00C6C714,,True,0.0,False,,Other,34,2
Property,9947532F003353B5FDFF6DC7601C2E61,2022-10-04,Requirement,2022-10-10,2023-04-10,Security,No Response,,92A54B358B4CF53CCA4095E4697E1004,79CBA1185463850DEDBA31F172F1DC5B,,True,862.0,True,182.0,Security,254,8
Property,9947532F003353B5FDFF6DC7601C2E61,2022-10-04,Requirement,2022-10-10,2023-04-10,Security,No Response,,92A54B358B4CF53CCA4095E4697E1004,79CBA1185463850DEDBA31F172F1DC5B,,True,862.0,True,182.0,Security,254,8
Property,9947532F003353B5FDFF6DC7601C2E61,2022-10-04,Requirement,2022-10-10,2023-04-10,Sprinkler_Protection,No Response,,92A54B358B4CF53CCA4095E4697E1004,79CBA1185463850DEDBA31F172F1DC5B,,True,862.0,True,182.0,Other,254,8
Property,9947532F003353B5FDFF6DC7601C2E61,2022-10-04,Requirement,2022-10-10,2023-10-10,Impairment_Procedures,No Response,,92A54B358B4CF53CCA4095E4697E1004,79CBA1185463850DEDBA31F172F1DC5B,,True,679.0,True,365.0,Other,254,8
Property,9947532F003353B5FDFF6DC7601C2E61,2022-10-04,Recommendation,2022-10-10,,Contractor_Controls,No Response,,92A54B358B4CF53CCA4095E4697E1004,79CBA1185463850DEDBA31F172F1DC5B,,True,0.0,False,,Other,254,8
Property,9947532F003353B5FDFF6DC7601C2E61,2022-10-04,Recommendation,2022-10-10,,Sprinkler_Protection,No Response,,92A54B358B4CF53CCA4095E4697E1004,79CBA1185463850DEDBA31F172F1DC5B,,True,0.0,False,,Other,254,8
Property,9947532F003353B5FDFF6DC7601C2E61,2022-10-04,Recommendation,2022-10-10,,Management_of_Change,No Response,,92A54B358B4CF53CCA4095E4697E1004,79CBA1185463850DEDBA31F172F1DC5B,,True,0.0,False,,Other,254,8
Property,9947532F003353B5FDFF6DC7601C2E61,2022-10-04,Recommendation,2022-10-10,,Business_Continuity,No Response,,92A54B358B4CF53CCA4095E4697E1004,79CBA1185463850DEDBA31F172F1DC5B,,True,0.0,False,,Other,254,8
Property,A44B9F61B43631A04F181B6AB1259E51,2021-05-04,Recommendation,2021-07-27,,Sprinkler_Protection,Completed Not Verified,2022-12-20,5CE8266757B27623F18AB526111231B6,3138B8E6061FDF7CFAAA79279175CBCD,511.0,True,0.0,False,,Other,310,59
Property,A44B9F61B43631A04F181B6AB1259E51,2021-05-04,Recommendation,2021-07-27,,Electrical_Maintenance,No Plans Agreed,2022-12-20,5CE8266757B27623F18AB526111231B6,3138B8E6061FDF7CFAAA79279175CBCD,511.0,True,0.0,False,,Other,310,59
Property,A44B9F61B43631A04F181B6AB1259E51,2021-05-04,Recommendation,2021-07-27,,Construction,Completed Not Verified,2022-02-01,5CE8266757B27623F18AB526111231B6,3138B8E6061FDF7CFAAA79279175CBCD,189.0,True,0.0,False,,Other,310,59
Property,A44B9F61B43631A04F181B6AB1259E51,2021-05-04,Recommendation,2021-07-27,,General_Maintenance,Completed Not Verified,2021-12-09,5CE8266757B27623F18AB526111231B6,3138B8E6061FDF7CFAAA79279175CBCD,135.0,True,0.0,False,,Other,310,59
Property,A44B9F61B43631A04F181B6AB1259E51,2021-05-04,Recommendation,2021-07-27,,Electrical_Maintenance,Completed Not Verified,2022-02-24,5CE8266757B27623F18AB526111231B6,3138B8E6061FDF7CFAAA79279175CBCD,212.0,True,0.0,False,,Other,310,59
Property,A44B9F61B43631A04F181B6AB1259E51,2021-05-11,Requirement,2021-07-27,2021-09-01,Fire_Service_and_Water_Supplies,Completed Not Verified,2022-02-01,5CE8266757B27623F18AB526111231B6,3138B8E6061FDF7CFAAA79279175CBCD,189.0,True,1448.0,True,36.0,Other,310,59
Property,A44B9F61B43631A04F181B6AB1259E51,2021-05-11,Requirement,2021-07-27,2022-06-01,Fire_Service_and_Water_Supplies,Completed Not Verified,2022-02-01,5CE8266757B27623F18AB526111231B6,3138B8E6061FDF7CFAAA79279175CBCD,189.0,True,1175.0,True,309.0,Other,310,59
Property,A44B9F61B43631A04F181B6AB1259E51,2021-05-11,Requirement,2021-07-27,2021-10-01,Storage_Hazards,Completed Not Verified,2022-02-01,5CE8266757B27623F18AB526111231B6,3138B8E6061FDF7CFAAA79279175CBCD,189.0,True,1418.0,True,66.0,Other,310,59
Property,A44B9F61B43631A04F181B6AB1259E51,2021-05-11,Requirement,2021-07-27,2021-10-01,Utilities,Completed Not Verified,2022-02-01,5CE8266757B27623F18AB526111231B6,3138B8E6061FDF7CFAAA79279175CBCD,189.0,True,1418.0,True,66.0,Other,310,59
Property,A44B9F61B43631A04F181B6AB1259E51,2021-05-11,Requirement,2021-07-27,2021-09-01,Smoking,Completed Not Verified,2022-02-01,5CE8266757B27623F18AB526111231B6,3138B8E6061FDF7CFAAA79279175CBCD,189.0,True,1448.0,True,36.0,Combustibles,310,59
Property,A44B9F61B43631A04F181B6AB1259E51,2021-05-11,Requirement,2021-07-27,2021-10-01,General_Maintenance,Completed Not Verified,2022-03-21,5CE8266757B27623F18AB526111231B6,3138B8E6061FDF7CFAAA79279175CBCD,237.0,True,1418.0,True,66.0,Other,310,59
Property,A44B9F61B43631A04F181B6AB1259E51,2021-05-11,Requirement,2021-07-27,2021-09-01,Storage_Hazards,Completed Verified,2022-12-20,5CE8266757B27623F18AB526111231B6,3138B8E6061FDF7CFAAA79279175CBCD,511.0,True,1448.0,True,36.0,Other,310,59
Property,A44B9F61B43631A04F181B6AB1259E51,2021-05-11,Requirement,2021-07-27,2021-09-01,External_Storage,Completed Verified,2022-12-20,5CE8266757B27623F18AB526111231B6,3138B8E6061FDF7CFAAA79279175CBCD,511.0,True,1448.0,True,36.0,Other,310,59
Property,A44B9F61B43631A04F181B6AB1259E51,2021-05-11,Requirement,2021-07-27,2021-11-01,External_Storage,Completed Verified,2022-12-20,5CE8266757B27623F18AB526111231B6,3138B8E6061FDF7CFAAA79279175CBCD,511.0,True,1387.0,True,97.0,Other,310,59
Property,A44B9F61B43631A04F181B6AB1259E51,2021-05-11,Requirement,2021-07-27,2021-09-01,Inspections,Completed Verified,2022-12-20,5CE8266757B27623F18AB526111231B6,3138B8E6061FDF7CFAAA79279175CBCD,511.0,True,1448.0,True,36.0,Other,310,59
Property,A44B9F61B43631A04F181B6AB1259E51,2021-05-11,Recommendation,2021-07-27,,Security,Completed Not Verified,2022-02-28,5CE8266757B27623F18AB526111231B6,3138B8E6061FDF7CFAAA79279175CBCD,216.0,True,0.0,False,,Security,310,59
Property,A44B9F61B43631A04F181B6AB1259E51,2021-05-11,Recommendation,2021-07-27,,Security,Completed Not Verified,2021-12-09,5CE8266757B27623F18AB526111231B6,3138B8E6061FDF7CFAAA79279175CBCD,135.0,True,0.0,False,,Security,310,59
Property,A44B9F61B43631A04F181B6AB1259E51,2021-05-11,Recommendation,2021-07-27,,Business_Continuity,Completed Not Verified,2022-02-01,5CE8266757B27623F18AB526111231B6,3138B8E6061FDF7CFAAA79279175CBCD,189.0,True,0.0,False,,Other,310,59
Property,A44B9F61B43631A04F181B6AB1259E51,2021-05-11,Recommendation,2021-07-27,,Sprinkler_Protection,Completed Verified,2022-12-20,5CE8266757B27623F18AB526111231B6,3138B8E6061FDF7CFAAA79279175CBCD,511.0,True,0.0,False,,Other,310,59
Property,A44B9F61B43631A04F181B6AB1259E51,2021-05-11,Requirement,2021-07-27,2021-06-01,Electrical_Maintenance,Completed Not Verified,2022-08-02,5CE8266757B27623F18AB526111231B6,3138B8E6061FDF7CFAAA79279175CBCD,371.0,True,1540.0,True,-56.0,Other,310,59
Property,A44B9F61B43631A04F181B6AB1259E51,2021-05-14,Recommendation,2021-07-27,,Electrical_Maintenance,Completed Not Verified,2022-02-01,5CE8266757B27623F18AB526111231B6,3138B8E6061FDF7CFAAA79279175CBCD,189.0,True,0.0,False,,Other,310,59
Property,A44B9F61B43631A04F181B6AB1259E51,2021-05-14,Recommendation,2021-07-27,,Security,Completed Verified,2021-10-27,5CE8266757B27623F18AB526111231B6,3138B8E6061FDF7CFAAA79279175CBCD,92.0,True,0.0,False,,Security,310,59
Property,A44B9F61B43631A04F181B6AB1259E51,2021-05-14,Recommendation,2021-07-27,,Security,Completed Not Verified,2022-02-01,5CE8266757B27623F18AB526111231B6,3138B8E6061FDF7CFAAA79279175CBCD,189.0,True,0.0,False,,Security,310,59
Property,A44B9F61B43631A04F181B6AB1259E51,2021-05-14,Recommendation,2021-07-27,,General_Maintenance,Completed Not Verified,2022-02-01,5CE8266757B27623F18AB526111231B6,3138B8E6061FDF7CFAAA79279175CBCD,189.0,True,0.0,False,,Other,310,59
Property,A44B9F61B43631A04F181B6AB1259E51,2021-05-14,Recommendation,2021-07-27,,Security,Completed Not Verified,2022-02-01,5CE8266757B27623F18AB526111231B6,3138B8E6061FDF7CFAAA79279175CBCD,189.0,True,0.0,False,,Security,310,59
Property,A44B9F61B43631A04F181B6AB1259E51,2021-05-14,Recommendation,2021-07-27,,Sprinkler_Protection,Completed Not Verified,2022-08-02,5CE8266757B27623F18AB526111231B6,3138B8E6061FDF7CFAAA79279175CBCD,371.0,True,0.0,False,,Other,310,59
Property,A44B9F61B43631A04F181B6AB1259E51,2021-05-14,Recommendation,2021-07-27,,Electrical_Maintenance,Completed Not Verified,2022-02-24,5CE8266757B27623F18AB526111231B6,3138B8E6061FDF7CFAAA79279175CBCD,212.0,True,0.0,False,,Other,310,59
Property,A44B9F61B43631A04F181B6AB1259E51,2021-05-19,Requirement,2021-07-27,2021-10-01,Construction,Completed Not Verified,2022-02-24,5CE8266757B27623F18AB526111231B6,3138B8E6061FDF7CFAAA79279175CBCD,212.0,True,1418.0,True,66.0,Other,310,59
Property,A44B9F61B43631A04F181B6AB1259E51,2021-05-19,Requirement,2021-07-27,2021-10-01,Storage_Hazards,Completed Not Verified,2022-02-24,5CE8266757B27623F18AB526111231B6,3138B8E6061FDF7CFAAA79279175CBCD,212.0,True,1418.0,True,66.0,Other,310,59
Property,A44B9F61B43631A04F181B6AB1259E51,2021-05-19,Requirement,2021-07-27,2021-10-01,Security,Completed Not Verified,2022-08-02,5CE8266757B27623F18AB526111231B6,3138B8E6061FDF7CFAAA79279175CBCD,371.0,True,1418.0,True,66.0,Security,310,59
Property,A44B9F61B43631A04F181B6AB1259E51,2021-05-19,Requirement,2021-07-27,2021-10-01,Electrical_Maintenance,Completed Not Verified,2021-12-09,5CE8266757B27623F18AB526111231B6,3138B8E6061FDF7CFAAA79279175CBCD,135.0,True,1418.0,True,66.0,Other,310,59
Property,A44B9F61B43631A04F181B6AB1259E51,2021-05-19,Recommendation,2021-07-27,,Fire_Safety_Management,Completed Not Verified,2022-08-02,5CE8266757B27623F18AB526111231B6,3138B8E6061FDF7CFAAA79279175CBCD,371.0,True,0.0,False,,Other,310,59
Property,A44B9F61B43631A04F181B6AB1259E51,2021-05-21,Requirement,2021-07-27,2021-11-01,Fire_Service_and_Water_Supplies,Completed Not Verified,2022-09-29,5CE8266757B27623F18AB526111231B6,3138B8E6061FDF7CFAAA79279175CBCD,429.0,True,1387.0,True,97.0,Other,310,59
Property,A44B9F61B43631A04F181B6AB1259E51,2021-05-21,Requirement,2021-07-27,2021-10-01,Electrical_Maintenance,Completed Not Verified,2022-08-02,5CE8266757B27623F18AB526111231B6,3138B8E6061FDF7CFAAA79279175CBCD,371.0,True,1418.0,True,66.0,Other,310,59
Property,A44B9F61B43631A04F181B6AB1259E51,2021-05-21,Requirement,2021-07-27,2021-10-01,Sprinkler_Protection,Completed Not Verified,2022-12-20,5CE8266757B27623F18AB526111231B6,3138B8E6061FDF7CFAAA79279175CBCD,511.0,True,1418.0,True,66.0,Other,310,59
Property,A44B9F61B43631A04F181B6AB1259E51,2021-05-21,Requirement,2021-07-27,2021-10-01,Automatic_Fire_Detection,Completed Not Verified,2022-09-27,5CE8266757B27623F18AB526111231B6,3138B8E6061FDF7CFAAA79279175CBCD,427.0,True,1418.0,True,66.0,Other,310,59
Property,A44B9F61B43631A04F181B6AB1259E51,2021-05-21,Requirement,2021-07-27,2021-10-01,Special_Fixed_Fire_Protection,Completed Not Verified,2022-12-21,5CE8266757B27623F18AB526111231B6,3138B8E6061FDF7CFAAA79279175CBCD,512.0,True,1418.0,True,66.0,Other,310,59
Property,A44B9F61B43631A04F181B6AB1259E51,2021-05-21,Recommendation,2021-07-27,,Process_Hazards,Completed Not Verified,2022-08-03,5CE8266757B27623F18AB526111231B6,3138B8E6061FDF7CFAAA79279175CBCD,372.0,True,0.0,False,,Other,310,59
Property,A44B9F61B43631A04F181B6AB1259E51,2021-05-21,Recommendation,2021-07-27,,Storage_Hazards,Completed Not Verified,2022-09-29,5CE8266757B27623F18AB526111231B6,3138B8E6061FDF7CFAAA79279175CBCD,429.0,True,0.0,False,,Other,310,59
Property,A44B9F61B43631A04F181B6AB1259E51,2021-05-21,Recommendation,2021-07-27,,General_Maintenance,Completed Not Verified,2022-09-29,5CE8266757B27623F18AB526111231B6,3138B8E6061FDF7CFAAA79279175CBCD,429.0,True,0.0,False,,Other,310,59
Property,A44B9F61B43631A04F181B6AB1259E51,2021-05-25,Recommendation,2021-08-01,,Fire_Safety_Management,No Plans Agreed,2023-08-30,92A54B358B4CF53CCA4095E4697E1004,3138B8E6061FDF7CFAAA79279175CBCD,759.0,True,0.0,False,,Other,254,59
Property,A44B9F61B43631A04F181B6AB1259E51,2021-05-25,Requirement,2021-09-01,2021-11-01,Housekeeping,No Plans Agreed,2023-08-31,92A54B358B4CF53CCA4095E4697E1004,3138B8E6061FDF7CFAAA79279175CBCD,729.0,True,1387.0,True,61.0,Housekeeping,254,59
Property,A44B9F61B43631A04F181B6AB1259E51,2021-05-25,Requirement,2021-09-01,2021-11-01,Sprinkler_Protection,No Plans Agreed,2023-08-31,92A54B358B4CF53CCA4095E4697E1004,3138B8E6061FDF7CFAAA79279175CBCD,729.0,True,1387.0,True,61.0,Other,254,59
Property,A44B9F61B43631A04F181B6AB1259E51,2021-05-25,Requirement,2021-09-01,2021-11-01,Fire_Service_and_Water_Supplies,No Plans Agreed,2023-08-31,92A54B358B4CF53CCA4095E4697E1004,3138B8E6061FDF7CFAAA79279175CBCD,729.0,True,1387.0,True,61.0,Other,254,59
Property,A44B9F61B43631A04F181B6AB1259E51,2021-06-08,Recommendation,2021-09-01,,Automatic_Fire_Detection,No Plans Agreed,2023-08-30,92A54B358B4CF53CCA4095E4697E1004,3138B8E6061FDF7CFAAA79279175CBCD,728.0,True,0.0,False,,Other,254,59
Property,A44B9F61B43631A04F181B6AB1259E51,2021-06-08,Recommendation,2021-09-01,,Special_Fixed_Fire_Protection,No Plans Agreed,2023-08-30,92A54B358B4CF53CCA4095E4697E1004,3138B8E6061FDF7CFAAA79279175CBCD,728.0,True,0.0,False,,Other,254,59
Property,A44B9F61B43631A04F181B6AB1259E51,2021-06-08,Requirement,2021-09-01,2021-11-01,Electrical_Maintenance,No Plans Agreed,2023-08-31,92A54B358B4CF53CCA4095E4697E1004,3138B8E6061FDF7CFAAA79279175CBCD,729.0,True,1387.0,True,61.0,Other,254,59
Property,A44B9F61B43631A04F181B6AB1259E51,2021-06-08,Requirement,2021-09-01,2021-11-01,Housekeeping,No Plans Agreed,2023-08-31,92A54B358B4CF53CCA4095E4697E1004,3138B8E6061FDF7CFAAA79279175CBCD,729.0,True,1387.0,True,61.0,Housekeeping,254,59
Property,A44B9F61B43631A04F181B6AB1259E51,2021-06-09,Recommendation,2021-09-01,,External_Storage,No Plans Agreed,2023-08-30,92A54B358B4CF53CCA4095E4697E1004,3138B8E6061FDF7CFAAA79279175CBCD,728.0,True,0.0,False,,Other,254,59
Property,A44B9F61B43631A04F181B6AB1259E51,2021-06-09,Recommendation,2021-09-01,,Housekeeping,No Plans Agreed,2023-08-30,92A54B358B4CF53CCA4095E4697E1004,3138B8E6061FDF7CFAAA79279175CBCD,728.0,True,0.0,False,,Housekeeping,254,59
Property,A44B9F61B43631A04F181B6AB1259E51,2021-06-09,Recommendation,2021-09-01,,General_Maintenance,No Plans Agreed,2023-08-30,92A54B358B4CF53CCA4095E4697E1004,3138B8E6061FDF7CFAAA79279175CBCD,728.0,True,0.0,False,,Other,254,59
Property,A44B9F61B43631A04F181B6AB1259E51,2021-06-09,Requirement,2021-09-01,2021-12-01,Electrical_Maintenance,No Plans Agreed,2023-08-31,92A54B358B4CF53CCA4095E4697E1004,3138B8E6061FDF7CFAAA79279175CBCD,729.0,True,1357.0,True,91.0,Other,254,59
Property,A44B9F61B43631A04F181B6AB1259E51,2021-06-09,Requirement,2021-09-01,2021-11-01,Sprinkler_Protection,No Plans Agreed,2023-08-31,92A54B358B4CF53CCA4095E4697E1004,3138B8E6061FDF7CFAAA79279175CBCD,729.0,True,1387.0,True,61.0,Other,254,59
Property,A44B9F61B43631A04F181B6AB1259E51,2021-06-09,Requirement,2021-09-01,2021-12-01,Sprinkler_Protection,No Plans Agreed,2023-08-31,92A54B358B4CF53CCA4095E4697E1004,3138B8E6061FDF7CFAAA79279175CBCD,729.0,True,1357.0,True,91.0,Other,254,59
Property,A44B9F61B43631A04F181B6AB1259E51,2021-06-09,Requirement,2021-09-01,2021-12-01,Automatic_Fire_Detection,No Plans Agreed,2023-08-31,92A54B358B4CF53CCA4095E4697E1004,3138B8E6061FDF7CFAAA79279175CBCD,729.0,True,1357.0,True,91.0,Other,254,59
Property,A44B9F61B43631A04F181B6AB1259E51,2021-06-21,Requirement,2021-07-21,2021-10-01,General_Maintenance,Completed Not Verified,2022-02-01,5CE8266757B27623F18AB526111231B6,3138B8E6061FDF7CFAAA79279175CBCD,195.0,True,1418.0,True,72.0,Other,310,59
Property,A44B9F61B43631A04F181B6AB1259E51,2021-06-21,Requirement,2021-07-21,2021-10-01,Process_Hazards,Completed Not Verified,2022-02-01,5CE8266757B27623F18AB526111231B6,3138B8E6061FDF7CFAAA79279175CBCD,195.0,True,1418.0,True,72.0,Other,310,59
Property,A44B9F61B43631A04F181B6AB1259E51,2021-07-15,Requirement,2021-07-15,2022-07-15,Special_Fixed_Fire_Protection,Completed Not Verified,2022-12-20,5CE8266757B27623F18AB526111231B6,3138B8E6061FDF7CFAAA79279175CBCD,523.0,True,1131.0,True,365.0,Other,310,59
Property,A44B9F61B43631A04F181B6AB1259E51,2021-07-15,Requirement,2021-07-15,2022-07-15,Process_Hazards,Completed Not Verified,2022-12-20,5CE8266757B27623F18AB526111231B6,3138B8E6061FDF7CFAAA79279175CBCD,523.0,True,1131.0,True,365.0,Other,310,59
Property,0D0629C2964B0A119745EA744AF65A95,2022-03-16,Recommendation,2022-08-01,,Inspections,Under Review,2022-09-06,6B712DA7B7CCF80851BEB06DE6C32E6C,79CBA1185463850DEDBA31F172F1DC5B,36.0,True,0.0,False,,Other,188,16
Property,0D0629C2964B0A119745EA744AF65A95,2022-03-16,Recommendation,2022-08-01,,General_maintenance,In Process,2022-09-06,6B712DA7B7CCF80851BEB06DE6C32E6C,79CBA1185463850DEDBA31F172F1DC5B,36.0,True,0.0,False,,Other,188,16
Property,0D0629C2964B0A119745EA744AF65A95,2022-03-16,Recommendation,2022-08-01,,Impairment_procedures,No Plans,2022-09-06,6B712DA7B7CCF80851BEB06DE6C32E6C,79CBA1185463850DEDBA31F172F1DC5B,36.0,True,0.0,False,,Other,188,16
Property,0D0629C2964B0A119745EA744AF65A95,2022-03-16,Recommendation,2022-08-01,,Construction,In Process,2022-09-06,6B712DA7B7CCF80851BEB06DE6C32E6C,79CBA1185463850DEDBA31F172F1DC5B,36.0,True,0.0,False,,Other,188,16
Property,0D0629C2964B0A119745EA744AF65A95,2022-03-16,Recommendation,2022-08-01,,Security,In Process,2022-09-06,6B712DA7B7CCF80851BEB06DE6C32E6C,79CBA1185463850DEDBA31F172F1DC5B,36.0,True,0.0,False,,Security,188,16
Property,0D0629C2964B0A119745EA744AF65A95,2022-03-16,Recommendation,2022-08-01,,Smoking,Completed Not Verified,2022-09-06,6B712DA7B7CCF80851BEB06DE6C32E6C,79CBA1185463850DEDBA31F172F1DC5B,36.0,True,0.0,False,,Combustibles,188,16
Liability,0D0629C2964B0A119745EA744AF65A95,2022-03-16,Recommendation,2022-08-01,,Safe_systems_of_work,Completed Not Verified,2022-09-06,6B712DA7B7CCF80851BEB06DE6C32E6C,79CBA1185463850DEDBA31F172F1DC5B,36.0,True,0.0,False,,Other,188,16
Liability,0D0629C2964B0A119745EA744AF65A95,2022-03-16,Recommendation,2022-08-01,,Noise,Completed Not Verified,2022-09-06,6B712DA7B7CCF80851BEB06DE6C32E6C,AA53CA0B650DFD85C4F59FA156F7A2CC,36.0,True,0.0,False,,Other,188,16
Property,0D0629C2964B0A119745EA744AF65A95,2022-03-16,Recommendation,2022-08-01,,Housekeeping,Completed Not Verified,2022-09-06,6B712DA7B7CCF80851BEB06DE6C32E6C,79CBA1185463850DEDBA31F172F1DC5B,36.0,True,0.0,False,,Housekeeping,188,16
Property,0D0629C2964B0A119745EA744AF65A95,2022-03-16,Recommendation,2022-08-01,,General_Maintenance,Completed Not Verified,2022-09-06,6B712DA7B7CCF80851BEB06DE6C32E6C,79CBA1185463850DEDBA31F172F1DC5B,36.0,True,0.0,False,,Other,188,16
Property,0D0629C2964B0A119745EA744AF65A95,2022-03-16,Recommendation,2022-08-01,,Housekeeping,Completed Not Verified,2022-09-06,6B712DA7B7CCF80851BEB06DE6C32E6C,79CBA1185463850DEDBA31F172F1DC5B,36.0,True,0.0,False,,Housekeeping,188,16
Liability,0D0629C2964B0A119745EA744AF65A95,2022-03-16,Recommendation,2022-08-01,,Permits_to_work,Completed Not Verified,2022-09-06,6B712DA7B7CCF80851BEB06DE6C32E6C,AA53CA0B650DFD85C4F59FA156F7A2CC,36.0,True,0.0,False,,Other,188,16
Property,0D0629C2964B0A119745EA744AF65A95,2022-03-16,Recommendation,2022-08-01,,Business_Continuity,Completed Not Verified,2022-09-06,6B712DA7B7CCF80851BEB06DE6C32E6C,79CBA1185463850DEDBA31F172F1DC5B,36.0,True,0.0,False,,Other,188,16
Property,0D0629C2964B0A119745EA744AF65A95,2022-03-16,Recommendation,2022-08-01,,Security,Completed Not Verified,2022-09-06,6B712DA7B7CCF80851BEB06DE6C32E6C,79CBA1185463850DEDBA31F172F1DC5B,36.0,True,0.0,False,,Security,188,16
Liability,0D0629C2964B0A119745EA744AF65A95,2022-03-16,Recommendation,2022-08-01,,Personal_protective_equipment,Completed Not Verified,2022-09-06,6B712DA7B7CCF80851BEB06DE6C32E6C,AA53CA0B650DFD85C4F59FA156F7A2CC,36.0,True,0.0,False,,Other,188,16
Property,0D0629C2964B0A119745EA744AF65A95,2022-03-16,Recommendation,2022-08-01,,Inspections,Completed Not Verified,2022-09-06,6B712DA7B7CCF80851BEB06DE6C32E6C,79CBA1185463850DEDBA31F172F1DC5B,36.0,True,0.0,False,,Other,188,16
Property,15F09650B7F75792586BAA9BE2BDCB43,2023-01-30,Recommendation,2023-02-27,,Automatic_Fire_Detection,Agreed Long Term,2023-03-20,92A54B358B4CF53CCA4095E4697E1004,1D7B33FC26CA22C2011AAA97FECC43D8,21.0,True,0.0,False,,Other,254,9
Property,15F09650B7F75792586BAA9BE2BDCB43,2023-01-30,Recommendation,2023-02-27,,Automatic_Fire_Detection,Agreed Long Term,2023-04-20,92A54B358B4CF53CCA4095E4697E1004,1D7B33FC26CA22C2011AAA97FECC43D8,52.0,True,0.0,False,,Other,254,9
Property,15F09650B7F75792586BAA9BE2BDCB43,2023-01-30,Requirement,2023-02-27,2023-03-27,Maintenance,Completed Not Verified,2023-03-20,92A54B358B4CF53CCA4095E4697E1004,1D7B33FC26CA22C2011AAA97FECC43D8,21.0,True,876.0,True,28.0,Maintenance,254,9
Property,15F09650B7F75792586BAA9BE2BDCB43,2023-01-30,Requirement,2023-02-27,2023-03-27,External_Storage,Completed Not Verified,2023-03-20,92A54B358B4CF53CCA4095E4697E1004,1D7B33FC26CA22C2011AAA97FECC43D8,21.0,True,876.0,True,28.0,Other,254,9
Property,15F09650B7F75792586BAA9BE2BDCB43,2023-01-30,Requirement,2023-02-27,2023-03-27,Permits_to_Work,Completed Not Verified,2023-04-20,92A54B358B4CF53CCA4095E4697E1004,1D7B33FC26CA22C2011AAA97FECC43D8,52.0,True,876.0,True,28.0,Other,254,9
Property,15F09650B7F75792586BAA9BE2BDCB43,2023-01-30,Requirement,2023-02-27,2023-03-27,Electrical_Maintenance,Completed Not Verified,2023-04-20,92A54B358B4CF53CCA4095E4697E1004,1D7B33FC26CA22C2011AAA97FECC43D8,52.0,True,876.0,True,28.0,Other,254,9
Property,15F09650B7F75792586BAA9BE2BDCB43,2023-01-30,Requirement,2023-02-27,2023-03-27,External_Storage,Completed Not Verified,2023-04-20,92A54B358B4CF53CCA4095E4697E1004,1D7B33FC26CA22C2011AAA97FECC43D8,52.0,True,876.0,True,28.0,Other,254,9
Property,15F09650B7F75792586BAA9BE2BDCB43,2023-01-30,Requirement,2023-02-27,2023-03-27,Storage_Hazards,Completed Not Verified,2023-04-20,92A54B358B4CF53CCA4095E4697E1004,1D7B33FC26CA22C2011AAA97FECC43D8,52.0,True,876.0,True,28.0,Other,254,9
Property,15F09650B7F75792586BAA9BE2BDCB43,2023-01-30,Requirement,2023-02-27,2023-05-27,Automatic_Fire_Detection,Completed Not Verified,2023-04-20,92A54B358B4CF53CCA4095E4697E1004,1D7B33FC26CA22C2011AAA97FECC43D8,52.0,True,815.0,True,89.0,Other,254,9
Property,8FA19098BAD3FC8243EBE1E56683E49E,2022-12-05,Recommendation,2022-12-16,,Housekeeping,No Response,,FBD1E7BA9564863B88D5C43CB833AFAF,F4A5F77DBC261A64BD853D05F8410365,,True,0.0,False,,Housekeeping,414,11
Property,8FA19098BAD3FC8243EBE1E56683E49E,2022-12-05,Recommendation,2022-12-16,,Emergency_Response,No Response,,FBD1E7BA9564863B88D5C43CB833AFAF,F4A5F77DBC261A64BD853D05F8410365,,True,0.0,False,,Other,414,11
Property,8FA19098BAD3FC8243EBE1E56683E49E,2022-12-05,Recommendation,2022-12-16,,Automatic_Fire_Detection,No Response,,FBD1E7BA9564863B88D5C43CB833AFAF,F4A5F77DBC261A64BD853D05F8410365,,True,0.0,False,,Other,414,11
Property,8FA19098BAD3FC8243EBE1E56683E49E,2022-12-05,Recommendation,2022-12-16,,Management_of_Change,In Process,2023-07-31,FBD1E7BA9564863B88D5C43CB833AFAF,F4A5F77DBC261A64BD853D05F8410365,227.0,True,0.0,False,,Other,414,11
Property,8FA19098BAD3FC8243EBE1E56683E49E,2022-12-05,Recommendation,2022-12-16,,Contractor_Controls,Completed Verified,2023-07-31,FBD1E7BA9564863B88D5C43CB833AFAF,F4A5F77DBC261A64BD853D05F8410365,227.0,True,0.0,False,,Other,414,11
Property,8FA19098BAD3FC8243EBE1E56683E49E,2022-12-05,Recommendation,2022-12-16,,Permits_to_Work,Completed Verified,2023-07-31,FBD1E7BA9564863B88D5C43CB833AFAF,F4A5F77DBC261A64BD853D05F8410365,227.0,True,0.0,False,,Other,414,11
Property,8FA19098BAD3FC8243EBE1E56683E49E,2022-12-05,Recommendation,2022-12-16,,Process_Hazards,Completed Verified,2023-07-31,FBD1E7BA9564863B88D5C43CB833AFAF,F4A5F77DBC261A64BD853D05F8410365,227.0,True,0.0,False,,Other,414,11
Property,8FA19098BAD3FC8243EBE1E56683E49E,2022-12-05,Recommendation,2022-12-16,,Fire_Safety_Management,Completed Verified,2023-07-31,FBD1E7BA9564863B88D5C43CB833AFAF,F4A5F77DBC261A64BD853D05F8410365,227.0,True,0.0,False,,Other,414,11
Property,8FA19098BAD3FC8243EBE1E56683E49E,2022-12-07,Requirement,2023-01-17,2023-03-17,Emergency_Response,Completed Not Verified,2023-02-08,FBD1E7BA9564863B88D5C43CB833AFAF,F4A5F77DBC261A64BD853D05F8410365,22.0,True,886.0,True,59.0,Other,414,11
Property,8FA19098BAD3FC8243EBE1E56683E49E,2022-12-07,Recommendation,2023-01-17,,Construction,Completed Not Verified,2023-02-08,FBD1E7BA9564863B88D5C43CB833AFAF,F4A5F77DBC261A64BD853D05F8410365,22.0,True,0.0,False,,Other,414,11
Property,8FA19098BAD3FC8243EBE1E56683E49E,2022-12-07,Requirement,2023-01-17,2023-07-17,Electrical_Maintenance,Completed Not Verified,2023-02-08,FBD1E7BA9564863B88D5C43CB833AFAF,F4A5F77DBC261A64BD853D05F8410365,22.0,True,764.0,True,181.0,Other,414,11
Motor,CEB998C2D1D5089F54DBF55ECD02848B,2023-11-22,Requirement,2023-11-22,2024-05-22,Fleet_Risk_Management,No Response,,534AC75C2E8AC3E3FE7BC32BB8C6E34A,C556331DE98FF0977430DADE00C6C714,,True,454.0,True,182.0,Other,79,5
Motor,CEB998C2D1D5089F54DBF55ECD02848B,2023-11-22,Requirement,2023-11-22,2024-05-22,Fleet_Risk_Management,No Response,,534AC75C2E8AC3E3FE7BC32BB8C6E34A,C556331DE98FF0977430DADE00C6C714,,True,454.0,True,182.0,Other,79,5
Motor,CEB998C2D1D5089F54DBF55ECD02848B,2023-11-22,Requirement,2023-11-22,2024-05-22,Fleet_Risk_Management,No Response,,534AC75C2E8AC3E3FE7BC32BB8C6E34A,C556331DE98FF0977430DADE00C6C714,,True,454.0,True,182.0,Other,79,5
Motor,CEB998C2D1D5089F54DBF55ECD02848B,2023-11-22,Requirement,2023-11-22,2024-05-22,Fleet_Risk_Management,No Response,,534AC75C2E8AC3E3FE7BC32BB8C6E34A,C556331DE98FF0977430DADE00C6C714,,True,454.0,True,182.0,Other,79,5
Motor,CEB998C2D1D5089F54DBF55ECD02848B,2023-11-22,Requirement,2023-11-22,2024-05-22,Fleet_Risk_Management,No Response,,534AC75C2E8AC3E3FE7BC32BB8C6E34A,C556331DE98FF0977430DADE00C6C714,,True,454.0,True,182.0,Other,79,5
Property,FFE9DBA3141D6D421E72A2C3FD4040E7,2024-01-11,Requirement,2024-02-27,2024-03-28,Fire_Safety_Management,Under Review,2024-02-28,9C519A087C0B901BDF31654E131823B3,AC4A2766028A717FF89985BC85BF5E50,1.0,True,509.0,True,30.0,Other,13,13
Property,FFE9DBA3141D6D421E72A2C3FD4040E7,2024-01-11,Requirement,2024-02-27,2024-03-28,Housekeeping,Under Review,2024-02-28,9C519A087C0B901BDF31654E131823B3,AC4A2766028A717FF89985BC85BF5E50,1.0,True,509.0,True,30.0,Housekeeping,13,13
Property,FFE9DBA3141D6D421E72A2C3FD4040E7,2024-01-11,Requirement,2024-02-27,2024-03-28,Compartmentation,Under Review,2024-02-28,9C519A087C0B901BDF31654E131823B3,AC4A2766028A717FF89985BC85BF5E50,1.0,True,509.0,True,30.0,Other,13,13
Property,FFE9DBA3141D6D421E72A2C3FD4040E7,2024-01-11,Requirement,2024-02-27,2024-03-28,Construction,Under Review,2024-01-05,9C519A087C0B901BDF31654E131823B3,AC4A2766028A717FF89985BC85BF5E50,-53.0,True,509.0,True,30.0,Other,13,13
Property,FFE9DBA3141D6D421E72A2C3FD4040E7,2024-01-11,Requirement,2024-02-27,2024-03-28,Flammable_Liquids,Under Review,2024-02-28,9C519A087C0B901BDF31654E131823B3,AC4A2766028A717FF89985BC85BF5E50,1.0,True,509.0,True,30.0,Other,13,13
Property,FFE9DBA3141D6D421E72A2C3FD4040E7,2024-01-11,Recommendation,2024-02-27,2024-03-28,Maintenance,Under Review,2024-02-28,9C519A087C0B901BDF31654E131823B3,AC4A2766028A717FF89985BC85BF5E50,1.0,True,509.0,True,30.0,Maintenance,13,13
Property,FFE9DBA3141D6D421E72A2C3FD4040E7,2024-01-11,Recommendation,2024-02-27,2024-03-28,Fire_Safety_Management,Under Review,2024-02-28,9C519A087C0B901BDF31654E131823B3,AC4A2766028A717FF89985BC85BF5E50,1.0,True,509.0,True,30.0,Other,13,13
Property,FFE9DBA3141D6D421E72A2C3FD4040E7,2024-01-11,Recommendation,2024-02-27,2024-03-28,Maintenance,Under Review,,9C519A087C0B901BDF31654E131823B3,AC4A2766028A717FF89985BC85BF5E50,,True,509.0,True,30.0,Maintenance,13,13
Property,FFE9DBA3141D6D421E72A2C3FD4040E7,2024-01-11,Recommendation,2024-02-27,2024-03-28,Electrical_Maintenance,Under Review,2024-02-28,9C519A087C0B901BDF31654E131823B3,AC4A2766028A717FF89985BC85BF5E50,1.0,True,509.0,True,30.0,Other,13,13
Property,FFE9DBA3141D6D421E72A2C3FD4040E7,2024-01-11,Recommendation,2024-02-27,2024-03-28,External_Storage,Under Review,2024-02-28,9C519A087C0B901BDF31654E131823B3,AC4A2766028A717FF89985BC85BF5E50,1.0,True,509.0,True,30.0,Other,13,13
Property,FFE9DBA3141D6D421E72A2C3FD4040E7,2024-01-11,Recommendation,2024-02-27,2024-03-28,Construction,Under Review,2024-02-28,9C519A087C0B901BDF31654E131823B3,AC4A2766028A717FF89985BC85BF5E50,1.0,True,509.0,True,30.0,Other,13,13
Property,FFE9DBA3141D6D421E72A2C3FD4040E7,2024-01-11,Recommendation,2024-02-27,2024-03-28,Compartmentation,Under Review,2024-02-28,9C519A087C0B901BDF31654E131823B3,AC4A2766028A717FF89985BC85BF5E50,1.0,True,509.0,True,30.0,Other,13,13
Property,FFE9DBA3141D6D421E72A2C3FD4040E7,2024-01-11,Recommendation,2024-02-27,2024-03-28,Flammable_Liquids,Under Review,2024-02-28,9C519A087C0B901BDF31654E131823B3,AC4A2766028A717FF89985BC85BF5E50,1.0,True,509.0,True,30.0,Other,13,13
Liability,D40784B09134E183FEAC3024598073EC,2024-03-22,Requirement,2024-03-25,2024-05-25,WRULD,No Response,,47B79BD259E22596FFC4BE2FFBBE5C5A,9B14FD50DC7C262C5871FD91C3902F31,,True,451.0,True,61.0,Other,217,2
Liability,D40784B09134E183FEAC3024598073EC,2024-03-22,Recommendation,2024-03-25,,General_Maintenance,No Response,,47B79BD259E22596FFC4BE2FFBBE5C5A,9B14FD50DC7C262C5871FD91C3902F31,,True,0.0,False,,Other,217,2
Property,AB545AEAD6C45719F1C284399D9DFBEA,2021-11-24,Requirement,2022-01-05,2022-02-13,General_Maintenance,No Plans Agreed,2022-03-08,FBD1E7BA9564863B88D5C43CB833AFAF,DEAA993ADB5BB29DE13F501A8E623BE4,62.0,True,1283.0,True,39.0,Other,414,45
Property,AB545AEAD6C45719F1C284399D9DFBEA,2021-11-24,Requirement,2022-01-05,2022-02-13,General_Maintenance,No Plans Agreed,2022-03-08,FBD1E7BA9564863B88D5C43CB833AFAF,DEAA993ADB5BB29DE13F501A8E623BE4,62.0,True,1283.0,True,39.0,Other,414,45
Property,AB545AEAD6C45719F1C284399D9DFBEA,2021-11-24,Requirement,2022-01-05,2022-02-13,Housekeeping,Completed Not Verified,2022-03-08,FBD1E7BA9564863B88D5C43CB833AFAF,DEAA993ADB5BB29DE13F501A8E623BE4,62.0,True,1283.0,True,39.0,Housekeeping,414,45
Property,AB545AEAD6C45719F1C284399D9DFBEA,2021-11-24,Requirement,2022-01-05,2022-02-13,Fire_Safety_Management,Completed Not Verified,2022-03-08,FBD1E7BA9564863B88D5C43CB833AFAF,DEAA993ADB5BB29DE13F501A8E623BE4,62.0,True,1283.0,True,39.0,Other,414,45
Property,AB545AEAD6C45719F1C284399D9DFBEA,2021-11-24,Requirement,2022-01-05,2022-02-13,Flammable_Liquids,Completed Not Verified,2023-10-20,FBD1E7BA9564863B88D5C43CB833AFAF,DEAA993ADB5BB29DE13F501A8E623BE4,653.0,True,1283.0,True,39.0,Other,414,45
Property,AB545AEAD6C45719F1C284399D9DFBEA,2021-11-24,Requirement,2022-01-05,2022-02-13,Heating_and_Cooling,Completed Not Verified,2023-10-20,FBD1E7BA9564863B88D5C43CB833AFAF,DEAA993ADB5BB29DE13F501A8E623BE4,653.0,True,1283.0,True,39.0,Other,414,45
Property,AB545AEAD6C45719F1C284399D9DFBEA,2021-11-24,Requirement,2022-01-05,2022-02-13,Housekeeping,Completed Not Verified,2022-03-08,FBD1E7BA9564863B88D5C43CB833AFAF,DEAA993ADB5BB29DE13F501A8E623BE4,62.0,True,1283.0,True,39.0,Housekeeping,414,45
Property,AB545AEAD6C45719F1C284399D9DFBEA,2021-11-24,Requirement,2022-01-05,2022-02-13,Housekeeping,Completed Not Verified,2022-03-08,FBD1E7BA9564863B88D5C43CB833AFAF,DEAA993ADB5BB29DE13F501A8E623BE4,62.0,True,1283.0,True,39.0,Housekeeping,414,45
Property,AB545AEAD6C45719F1C284399D9DFBEA,2021-11-24,Recommendation,2022-01-05,,Automatic_Fire_Detection,Completed Verified,2022-03-08,FBD1E7BA9564863B88D5C43CB833AFAF,DEAA993ADB5BB29DE13F501A8E623BE4,62.0,True,0.0,False,,Other,414,45
Property,AB545AEAD6C45719F1C284399D9DFBEA,2021-11-24,Recommendation,2022-01-05,,Automatic_Fire_Detection,Completed Not Verified,2022-03-08,FBD1E7BA9564863B88D5C43CB833AFAF,DEAA993ADB5BB29DE13F501A8E623BE4,62.0,True,0.0,False,,Other,414,45
Property,AB545AEAD6C45719F1C284399D9DFBEA,2021-11-24,Requirement,2022-01-05,2022-03-05,Sprinkler_Protection,Completed Verified,2022-03-08,FBD1E7BA9564863B88D5C43CB833AFAF,DEAA993ADB5BB29DE13F501A8E623BE4,62.0,True,1263.0,True,59.0,Other,414,45
Property,AB545AEAD6C45719F1C284399D9DFBEA,2021-11-24,Requirement,2022-01-05,2022-03-05,Utilities,Completed Not Verified,2022-03-08,FBD1E7BA9564863B88D5C43CB833AFAF,DEAA993ADB5BB29DE13F501A8E623BE4,62.0,True,1263.0,True,59.0,Other,414,45
Property,AB545AEAD6C45719F1C284399D9DFBEA,2021-11-24,Recommendation,2022-01-05,,Housekeeping,Completed Verified,2022-03-08,FBD1E7BA9564863B88D5C43CB833AFAF,DEAA993ADB5BB29DE13F501A8E623BE4,62.0,True,0.0,False,,Housekeeping,414,45
Property,AB545AEAD6C45719F1C284399D9DFBEA,2021-11-24,Requirement,2022-01-05,2022-02-13,Fire_Service_and_Water_Supplies,Completed Verified,2022-03-08,FBD1E7BA9564863B88D5C43CB833AFAF,DEAA993ADB5BB29DE13F501A8E623BE4,62.0,True,1283.0,True,39.0,Other,414,45
Property,AB545AEAD6C45719F1C284399D9DFBEA,2021-11-24,Requirement,2022-01-05,2022-02-13,House keeping,Completed Verified,2022-03-08,FBD1E7BA9564863B88D5C43CB833AFAF,DEAA993ADB5BB29DE13F501A8E623BE4,62.0,True,1283.0,True,39.0,Other,414,45
Property,AB545AEAD6C45719F1C284399D9DFBEA,2021-11-24,Requirement,2022-01-05,2022-02-13,House keeping,Completed Verified,2022-03-08,FBD1E7BA9564863B88D5C43CB833AFAF,DEAA993ADB5BB29DE13F501A8E623BE4,62.0,True,1283.0,True,39.0,Other,414,45
Property,AB545AEAD6C45719F1C284399D9DFBEA,2021-11-24,Requirement,2022-01-05,2022-02-13,House keeping,Completed Verified,2022-03-08,FBD1E7BA9564863B88D5C43CB833AFAF,DEAA993ADB5BB29DE13F501A8E623BE4,62.0,True,1283.0,True,39.0,Other,414,45
Property,AB545AEAD6C45719F1C284399D9DFBEA,2021-11-24,Requirement,2022-01-05,2022-03-05,Process_Hazards,Completed Not Verified,2022-03-08,FBD1E7BA9564863B88D5C43CB833AFAF,DEAA993ADB5BB29DE13F501A8E623BE4,62.0,True,1263.0,True,59.0,Other,414,45
Property,AB545AEAD6C45719F1C284399D9DFBEA,2021-11-24,Requirement,2022-01-05,2022-03-05,Housekeeping,Completed Verified,2022-03-08,FBD1E7BA9564863B88D5C43CB833AFAF,DEAA993ADB5BB29DE13F501A8E623BE4,62.0,True,1263.0,True,59.0,Housekeeping,414,45
Property,AB545AEAD6C45719F1C284399D9DFBEA,2021-11-24,Recommendation,2022-01-05,,General_Maintenance,Completed Not Verified,2022-03-08,FBD1E7BA9564863B88D5C43CB833AFAF,DEAA993ADB5BB29DE13F501A8E623BE4,62.0,True,0.0,False,,Other,414,45
Property,AB545AEAD6C45719F1C284399D9DFBEA,2021-11-24,Requirement,2022-01-05,2022-02-13,Compartmentation,In Process,2022-03-08,FBD1E7BA9564863B88D5C43CB833AFAF,DEAA993ADB5BB29DE13F501A8E623BE4,62.0,True,1283.0,True,39.0,Other,414,45
Property,AB545AEAD6C45719F1C284399D9DFBEA,2021-11-24,Requirement,2022-01-05,2022-02-13,Flammable_Liquids,In Process,2023-10-20,FBD1E7BA9564863B88D5C43CB833AFAF,DEAA993ADB5BB29DE13F501A8E623BE4,653.0,True,1283.0,True,39.0,Other,414,45
Property,AB545AEAD6C45719F1C284399D9DFBEA,2021-11-24,Recommendation,2022-01-05,,Electrical_Maintenance,Under Review,2022-03-08,FBD1E7BA9564863B88D5C43CB833AFAF,DEAA993ADB5BB29DE13F501A8E623BE4,62.0,True,0.0,False,,Other,414,45
Property,AB545AEAD6C45719F1C284399D9DFBEA,2021-11-24,Requirement,2022-01-05,2022-02-13,Compartmentation,Under Review,2022-03-08,FBD1E7BA9564863B88D5C43CB833AFAF,DEAA993ADB5BB29DE13F501A8E623BE4,62.0,True,1283.0,True,39.0,Other,414,45
Property,AB545AEAD6C45719F1C284399D9DFBEA,2021-11-24,Requirement,2022-01-05,2022-02-13,Special_Fixed_Fire_Protection,Under Review,2022-03-08,FBD1E7BA9564863B88D5C43CB833AFAF,DEAA993ADB5BB29DE13F501A8E623BE4,62.0,True,1283.0,True,39.0,Other,414,45
Property,AB545AEAD6C45719F1C284399D9DFBEA,2021-11-24,Requirement,2022-01-05,2022-02-13,Special_Fixed_Fire_Protection,Under Review,2022-03-08,FBD1E7BA9564863B88D5C43CB833AFAF,DEAA993ADB5BB29DE13F501A8E623BE4,62.0,True,1283.0,True,39.0,Other,414,45
Property,AB545AEAD6C45719F1C284399D9DFBEA,2021-11-24,Requirement,2022-01-05,2022-04-13,Special_Fixed_Fire_Protection,In Process,2022-03-08,FBD1E7BA9564863B88D5C43CB833AFAF,DEAA993ADB5BB29DE13F501A8E623BE4,62.0,True,1224.0,True,98.0,Other,414,45
Property,AB545AEAD6C45719F1C284399D9DFBEA,2021-11-24,Requirement,2022-01-05,2022-02-13,Fire_Safety_Management,Under Review,2022-03-08,FBD1E7BA9564863B88D5C43CB833AFAF,DEAA993ADB5BB29DE13F501A8E623BE4,62.0,True,1283.0,True,39.0,Other,414,45
Property,AB545AEAD6C45719F1C284399D9DFBEA,2021-11-24,Recommendation,2022-01-05,,Electrical_Maintenance,No Plans,2022-03-08,FBD1E7BA9564863B88D5C43CB833AFAF,DEAA993ADB5BB29DE13F501A8E623BE4,62.0,True,0.0,False,,Other,414,45
Property,AB545AEAD6C45719F1C284399D9DFBEA,2021-11-24,Requirement,2022-01-05,2022-03-13,Compartmentation,Under Review,2022-03-08,FBD1E7BA9564863B88D5C43CB833AFAF,DEAA993ADB5BB29DE13F501A8E623BE4,62.0,True,1255.0,True,67.0,Other,414,45
Property,AB545AEAD6C45719F1C284399D9DFBEA,2021-11-24,Requirement,2022-01-05,2022-03-13,Security,No Response,2022-03-08,FBD1E7BA9564863B88D5C43CB833AFAF,DEAA993ADB5BB29DE13F501A8E623BE4,62.0,True,1255.0,True,67.0,Security,414,45
Property,AB545AEAD6C45719F1C284399D9DFBEA,2021-11-24,Requirement,2022-01-05,2022-03-13,Electrical_Maintenance,Under Review,2022-03-08,FBD1E7BA9564863B88D5C43CB833AFAF,DEAA993ADB5BB29DE13F501A8E623BE4,62.0,True,1255.0,True,67.0,Other,414,45
Property,AB545AEAD6C45719F1C284399D9DFBEA,2021-11-24,Recommendation,2022-01-05,,Heating_and_Cooling,In Process,2022-03-08,FBD1E7BA9564863B88D5C43CB833AFAF,DEAA993ADB5BB29DE13F501A8E623BE4,62.0,True,0.0,False,,Other,414,45
Property,AB545AEAD6C45719F1C284399D9DFBEA,2021-11-24,Recommendation,2022-01-05,,Security,No Plans,2022-03-08,FBD1E7BA9564863B88D5C43CB833AFAF,DEAA993ADB5BB29DE13F501A8E623BE4,62.0,True,0.0,False,,Security,414,45
Property,AB545AEAD6C45719F1C284399D9DFBEA,2021-11-24,Recommendation,2022-01-05,,Emergency_Response,Under Review,2022-03-08,FBD1E7BA9564863B88D5C43CB833AFAF,DEAA993ADB5BB29DE13F501A8E623BE4,62.0,True,0.0,False,,Other,414,45
Property,AB545AEAD6C45719F1C284399D9DFBEA,2021-11-24,Recommendation,2022-01-05,,Process_Hazards,Under Review,2022-03-08,FBD1E7BA9564863B88D5C43CB833AFAF,DEAA993ADB5BB29DE13F501A8E623BE4,62.0,True,0.0,False,,Other,414,45
Property,AB545AEAD6C45719F1C284399D9DFBEA,2021-11-24,Recommendation,2022-01-05,,Compartmentation,No Plans,2022-03-08,FBD1E7BA9564863B88D5C43CB833AFAF,DEAA993ADB5BB29DE13F501A8E623BE4,62.0,True,0.0,False,,Other,414,45
Property,AB545AEAD6C45719F1C284399D9DFBEA,2021-11-24,Requirement,2022-01-05,2022-04-13,Emergency_Response,Under Review,2022-03-08,FBD1E7BA9564863B88D5C43CB833AFAF,DEAA993ADB5BB29DE13F501A8E623BE4,62.0,True,1224.0,True,98.0,Other,414,45
Property,AB545AEAD6C45719F1C284399D9DFBEA,2021-11-24,Requirement,2022-01-05,2022-02-13,Compartmentation,Under Review,2022-03-08,FBD1E7BA9564863B88D5C43CB833AFAF,DEAA993ADB5BB29DE13F501A8E623BE4,62.0,True,1283.0,True,39.0,Other,414,45
Property,AB545AEAD6C45719F1C284399D9DFBEA,2021-11-24,Requirement,2022-01-05,2022-03-05,Process_Hazards,In Process,2022-03-08,FBD1E7BA9564863B88D5C43CB833AFAF,DEAA993ADB5BB29DE13F501A8E623BE4,62.0,True,1263.0,True,59.0,Other,414,45
Property,AB545AEAD6C45719F1C284399D9DFBEA,2021-11-24,Requirement,2022-01-05,2022-03-05,Electrical_Maintenance,Under Review,2022-03-08,FBD1E7BA9564863B88D5C43CB833AFAF,DEAA993ADB5BB29DE13F501A8E623BE4,62.0,True,1263.0,True,59.0,Other,414,45
Property,AB545AEAD6C45719F1C284399D9DFBEA,2021-11-24,Requirement,2022-01-05,2022-04-05,General_Maintenance,Under Review,2022-03-08,FBD1E7BA9564863B88D5C43CB833AFAF,DEAA993ADB5BB29DE13F501A8E623BE4,62.0,True,1232.0,True,90.0,Other,414,45
Property,AB545AEAD6C45719F1C284399D9DFBEA,2022-11-24,Requirement,2022-01-05,2022-02-13,Housekeeping,Completed Verified,2023-10-20,FBD1E7BA9564863B88D5C43CB833AFAF,DEAA993ADB5BB29DE13F501A8E623BE4,653.0,True,1283.0,True,39.0,Housekeeping,414,45
Property,AB545AEAD6C45719F1C284399D9DFBEA,2022-11-24,Requirement,2022-01-05,2022-02-13,Security,No Plans Agreed,2022-03-08,FBD1E7BA9564863B88D5C43CB833AFAF,DEAA993ADB5BB29DE13F501A8E623BE4,62.0,True,1283.0,True,39.0,Security,414,45
Property,AB545AEAD6C45719F1C284399D9DFBEA,2022-11-25,Recommendation,2022-01-05,,Security,Completed Verified,2023-10-20,FBD1E7BA9564863B88D5C43CB833AFAF,DEAA993ADB5BB29DE13F501A8E623BE4,653.0,True,0.0,False,,Security,414,45
Property,6E22B8AA220453F4FB2B727ADF3F2B45,2021-08-04,Recommendation,2021-08-09,,Management_of_Change,No Response,,D5C44258D51659F96279C470CE8185DC,58806E006B14B04A535784A5462D09B0,,True,0.0,False,,Other,4,4
Property,6E22B8AA220453F4FB2B727ADF3F2B45,2021-08-04,Recommendation,2021-08-09,,Storage_Hazards,No Response,,D5C44258D51659F96279C470CE8185DC,58806E006B14B04A535784A5462D09B0,,True,0.0,False,,Other,4,4
Property,6E22B8AA220453F4FB2B727ADF3F2B45,2021-08-04,Recommendation,2021-08-09,,Storage_Hazards,No Response,,D5C44258D51659F96279C470CE8185DC,58806E006B14B04A535784A5462D09B0,,True,0.0,False,,Other,4,4
Property,6E22B8AA220453F4FB2B727ADF3F2B45,2021-11-24,Recommendation,2021-08-09,,Contractor_Controls,No Response,,D5C44258D51659F96279C470CE8185DC,58806E006B14B04A535784A5462D09B0,,True,0.0,False,,Other,4,4
Property,34413D51E8C90710F163B16482EECE1B,2021-10-21,Recommendation,2021-10-25,,Inspections,Completed Not Verified,2021-12-14,92A54B358B4CF53CCA4095E4697E1004,79CBA1185463850DEDBA31F172F1DC5B,50.0,True,0.0,False,,Other,254,20
Property,34413D51E8C90710F163B16482EECE1B,2021-10-21,Recommendation,2021-10-25,,Management_of_Change,Completed Not Verified,2021-12-14,92A54B358B4CF53CCA4095E4697E1004,79CBA1185463850DEDBA31F172F1DC5B,50.0,True,0.0,False,,Other,254,20
Property,34413D51E8C90710F163B16482EECE1B,2021-10-21,Recommendation,2021-10-25,,Impairment_Procedures,Completed Not Verified,2021-12-14,92A54B358B4CF53CCA4095E4697E1004,79CBA1185463850DEDBA31F172F1DC5B,50.0,True,0.0,False,,Other,254,20
Property,34413D51E8C90710F163B16482EECE1B,2021-10-21,Recommendation,2021-10-25,,Business_Continuity,Under Review,2021-12-14,92A54B358B4CF53CCA4095E4697E1004,79CBA1185463850DEDBA31F172F1DC5B,50.0,True,0.0,False,,Other,254,20
Property,34413D51E8C90710F163B16482EECE1B,2021-10-21,Recommendation,2021-10-25,,Fire_Safety_Management,In Process,2021-12-14,92A54B358B4CF53CCA4095E4697E1004,79CBA1185463850DEDBA31F172F1DC5B,50.0,True,0.0,False,,Other,254,20
Property,34413D51E8C90710F163B16482EECE1B,2022-01-27,Recommendation,2022-01-28,,Fire_Service_and_Water_Supplies,Completed Not Verified,2022-11-04,92A54B358B4CF53CCA4095E4697E1004,79CBA1185463850DEDBA31F172F1DC5B,280.0,True,0.0,False,,Other,254,20
Property,34413D51E8C90710F163B16482EECE1B,2022-01-27,Recommendation,2022-01-28,,Compartmentation,Completed Not Verified,2022-11-04,92A54B358B4CF53CCA4095E4697E1004,79CBA1185463850DEDBA31F172F1DC5B,280.0,True,0.0,False,,Other,254,20
Property,34413D51E8C90710F163B16482EECE1B,2022-01-27,Requirement,2022-01-28,2022-01-28,Housekeeping,Completed Verified,2022-03-16,92A54B358B4CF53CCA4095E4697E1004,79CBA1185463850DEDBA31F172F1DC5B,47.0,True,1299.0,True,0.0,Housekeeping,254,20
Property,34413D51E8C90710F163B16482EECE1B,2022-01-27,Requirement,2022-01-28,2022-04-28,Fire_Safety_Management,Completed Verified,2022-04-19,92A54B358B4CF53CCA4095E4697E1004,79CBA1185463850DEDBA31F172F1DC5B,81.0,True,1209.0,True,90.0,Other,254,20
Property,34413D51E8C90710F163B16482EECE1B,2022-01-27,Requirement,2022-01-28,2022-02-28,Housekeeping,Completed Not Verified,2022-03-16,92A54B358B4CF53CCA4095E4697E1004,79CBA1185463850DEDBA31F172F1DC5B,47.0,True,1268.0,True,31.0,Housekeeping,254,20
Property,34413D51E8C90710F163B16482EECE1B,2022-01-27,Recommendation,2022-01-28,,Emergency_Response,Completed Verified,2022-03-16,92A54B358B4CF53CCA4095E4697E1004,79CBA1185463850DEDBA31F172F1DC5B,47.0,True,0.0,False,,Other,254,20
Property,34413D51E8C90710F163B16482EECE1B,2022-01-27,Recommendation,2022-01-28,,Security,Under Review,2022-11-04,92A54B358B4CF53CCA4095E4697E1004,79CBA1185463850DEDBA31F172F1DC5B,280.0,True,0.0,False,,Security,254,20
Property,34413D51E8C90710F163B16482EECE1B,2022-01-27,Recommendation,2022-01-28,,Management_of_Change,In Process,2022-03-16,92A54B358B4CF53CCA4095E4697E1004,79CBA1185463850DEDBA31F172F1DC5B,47.0,True,0.0,False,,Other,254,20
Property,34413D51E8C90710F163B16482EECE1B,2022-01-27,Recommendation,2022-01-28,,General_Maintenance,In Process,2022-11-04,92A54B358B4CF53CCA4095E4697E1004,79CBA1185463850DEDBA31F172F1DC5B,280.0,True,0.0,False,,Other,254,20
Property,34413D51E8C90710F163B16482EECE1B,2022-04-21,Recommendation,2022-04-25,,Fire_Service_and_Water_Supplies,Completed Not Verified,2022-11-04,92A54B358B4CF53CCA4095E4697E1004,79CBA1185463850DEDBA31F172F1DC5B,193.0,True,0.0,False,,Other,254,20
Property,34413D51E8C90710F163B16482EECE1B,2022-04-21,Recommendation,2022-04-25,,Contractor_Controls,Completed Verified,2022-05-09,92A54B358B4CF53CCA4095E4697E1004,79CBA1185463850DEDBA31F172F1DC5B,14.0,True,0.0,False,,Other,254,20
Property,34413D51E8C90710F163B16482EECE1B,2022-04-21,Recommendation,2022-04-25,,Electrical_Maintenance,Completed Verified,2022-05-09,92A54B358B4CF53CCA4095E4697E1004,79CBA1185463850DEDBA31F172F1DC5B,14.0,True,0.0,False,,Other,254,20
Property,34413D51E8C90710F163B16482EECE1B,2022-04-21,Recommendation,2022-04-25,,Management_of_Change,In Process,2022-11-04,92A54B358B4CF53CCA4095E4697E1004,79CBA1185463850DEDBA31F172F1DC5B,193.0,True,0.0,False,,Other,254,20
Property,34413D51E8C90710F163B16482EECE1B,2022-04-21,Recommendation,2022-04-25,,Electrical_Maintenance,Under Review,2022-05-09,92A54B358B4CF53CCA4095E4697E1004,79CBA1185463850DEDBA31F172F1DC5B,14.0,True,0.0,False,,Other,254,20
Property,34413D51E8C90710F163B16482EECE1B,2022-04-21,Recommendation,2022-04-25,,Business_Continuity,No Response,2022-05-09,92A54B358B4CF53CCA4095E4697E1004,79CBA1185463850DEDBA31F172F1DC5B,14.0,True,0.0,False,,Other,254,20
Property,028EAC4AD527829212245F5B7A455A1C,2022-03-23,Recommendation,2022-04-28,,Electrical_Maintenance,Completed Not Verified,2022-08-02,5CE8266757B27623F18AB526111231B6,C556331DE98FF0977430DADE00C6C714,96.0,True,0.0,False,,Other,310,5
Property,028EAC4AD527829212245F5B7A455A1C,2022-03-23,Recommendation,2022-04-28,,Fire_Safety_Management,Completed Not Verified,2022-08-02,5CE8266757B27623F18AB526111231B6,3138B8E6061FDF7CFAAA79279175CBCD,96.0,True,0.0,False,,Other,310,5
Property,028EAC4AD527829212245F5B7A455A1C,2022-03-23,Recommendation,2022-04-28,,External_Storage,Completed Not Verified,2022-08-02,5CE8266757B27623F18AB526111231B6,3138B8E6061FDF7CFAAA79279175CBCD,96.0,True,0.0,False,,Other,310,5
Property,028EAC4AD527829212245F5B7A455A1C,2022-03-23,Recommendation,2022-04-28,,Electrical_Maintenance,Completed Not Verified,2022-08-02,5CE8266757B27623F18AB526111231B6,3138B8E6061FDF7CFAAA79279175CBCD,96.0,True,0.0,False,,Other,310,5
Property,028EAC4AD527829212245F5B7A455A1C,2022-03-23,Recommendation,2022-04-28,,Storage_Hazards,Completed Not Verified,2022-08-02,5CE8266757B27623F18AB526111231B6,3138B8E6061FDF7CFAAA79279175CBCD,96.0,True,0.0,False,,Other,310,5
Motor,304CF30044046FAC5257F85601541E81,2022-06-20,Recommendation,2022-06-20,2022-09-20,Fleet_Risk_Management,Completed Not Verified,2023-02-07,FBD1E7BA9564863B88D5C43CB833AFAF,24D22E03AFB23EDB45C6C8CFA16A280E,232.0,True,1064.0,True,92.0,Other,414,14
Motor,304CF30044046FAC5257F85601541E81,2022-06-20,Recommendation,2022-06-20,2022-09-20,Fleet_Risk_Management,Completed Not Verified,2023-02-07,FBD1E7BA9564863B88D5C43CB833AFAF,24D22E03AFB23EDB45C6C8CFA16A280E,232.0,True,1064.0,True,92.0,Other,414,14
Motor,304CF30044046FAC5257F85601541E81,2022-06-20,Recommendation,2022-06-20,2022-09-20,Fleet_Risk_Management,Completed Not Verified,2023-02-07,FBD1E7BA9564863B88D5C43CB833AFAF,24D22E03AFB23EDB45C6C8CFA16A280E,232.0,True,1064.0,True,92.0,Other,414,14
Motor,304CF30044046FAC5257F85601541E81,2022-06-20,Recommendation,2022-06-20,2022-09-20,Fleet_Risk_Management,No Plans Agreed,2023-02-07,FBD1E7BA9564863B88D5C43CB833AFAF,24D22E03AFB23EDB45C6C8CFA16A280E,232.0,True,1064.0,True,92.0,Other,414,14
Motor,304CF30044046FAC5257F85601541E81,2022-06-20,Recommendation,2022-06-20,,Fleet_Risk_Management,Completed Not Verified,2023-02-07,FBD1E7BA9564863B88D5C43CB833AFAF,24D22E03AFB23EDB45C6C8CFA16A280E,232.0,True,0.0,False,,Other,414,14
Property,304CF30044046FAC5257F85601541E81,2022-06-23,Requirement,2022-06-23,2022-12-23,General_Maintenance,No Response,,92A54B358B4CF53CCA4095E4697E1004,24D22E03AFB23EDB45C6C8CFA16A280E,,True,970.0,True,183.0,Other,254,14
Property,304CF30044046FAC5257F85601541E81,2022-06-23,Requirement,2022-06-23,2022-12-23,Permits_to_Work,No Response,,92A54B358B4CF53CCA4095E4697E1004,24D22E03AFB23EDB45C6C8CFA16A280E,,True,970.0,True,183.0,Other,254,14
Property,304CF30044046FAC5257F85601541E81,2022-06-23,Requirement,2022-06-23,2022-12-23,Management_of_Change,No Response,,92A54B358B4CF53CCA4095E4697E1004,24D22E03AFB23EDB45C6C8CFA16A280E,,True,970.0,True,183.0,Other,254,14
Property,304CF30044046FAC5257F85601541E81,2022-06-23,Requirement,2022-06-23,2022-12-23,Permits_to_Work,No Response,,92A54B358B4CF53CCA4095E4697E1004,24D22E03AFB23EDB45C6C8CFA16A280E,,True,970.0,True,183.0,Other,254,14
Property,304CF30044046FAC5257F85601541E81,2022-06-23,Requirement,2022-06-23,2022-12-23,General_Maintenance,No Response,,92A54B358B4CF53CCA4095E4697E1004,24D22E03AFB23EDB45C6C8CFA16A280E,,True,970.0,True,183.0,Other,254,14
Property,304CF30044046FAC5257F85601541E81,2022-06-23,Requirement,2022-06-23,2022-12-23,Inspections,No Response,,92A54B358B4CF53CCA4095E4697E1004,24D22E03AFB23EDB45C6C8CFA16A280E,,True,970.0,True,183.0,Other,254,14
Property,304CF30044046FAC5257F85601541E81,2022-06-23,Recommendation,2022-06-23,,Electrical_Maintenance,No Response,,92A54B358B4CF53CCA4095E4697E1004,24D22E03AFB23EDB45C6C8CFA16A280E,,True,0.0,False,,Other,254,14
Property,304CF30044046FAC5257F85601541E81,2022-06-23,Recommendation,2022-06-23,,Process_Hazards,No Response,,92A54B358B4CF53CCA4095E4697E1004,24D22E03AFB23EDB45C6C8CFA16A280E,,True,0.0,False,,Other,254,14
Property,304CF30044046FAC5257F85601541E81,2022-06-23,Recommendation,2022-06-23,,Special_Fixed_Fire_Protection,No Response,,92A54B358B4CF53CCA4095E4697E1004,24D22E03AFB23EDB45C6C8CFA16A280E,,True,0.0,False,,Other,254,14
Liability,0C621DA85C1026922CE16A621C8C5040,2022-05-26,Recommendation,2022-09-06,,Accident_Investigation,No Plans Agreed,2022-09-06,90581D96B500FD2D3FD701A583409CB8,3A52F3C22ED6FCDE5BF696A6C02C9E73,0.0,True,0.0,False,,Other,34,4
Liability,0C621DA85C1026922CE16A621C8C5040,2022-05-26,Recommendation,2022-09-06,,Accident_Investigation,No Plans Agreed,2022-09-06,90581D96B500FD2D3FD701A583409CB8,3A52F3C22ED6FCDE5BF696A6C02C9E73,0.0,True,0.0,False,,Other,34,4
Liability,0C621DA85C1026922CE16A621C8C5040,2022-05-26,Recommendation,2022-09-06,,Accident_Investigation,No Plans Agreed,2022-09-06,90581D96B500FD2D3FD701A583409CB8,3A52F3C22ED6FCDE5BF696A6C02C9E73,0.0,True,0.0,False,,Other,34,4
Liability,0C621DA85C1026922CE16A621C8C5040,2022-05-26,Recommendation,2022-09-06,,Accident_Investigation,No Plans Agreed,2022-09-06,90581D96B500FD2D3FD701A583409CB8,3A52F3C22ED6FCDE5BF696A6C02C9E73,0.0,True,0.0,False,,Other,34,4
Property,3FE0E6EA97431A41EB6FE2968383694F,2021-05-19,Requirement,2021-05-21,2021-08-21,Impairment_Procedures,Completed Not Verified,2021-12-02,5CE8266757B27623F18AB526111231B6,79CBA1185463850DEDBA31F172F1DC5B,195.0,True,1459.0,True,92.0,Other,310,8
Property,3FE0E6EA97431A41EB6FE2968383694F,2021-05-19,Requirement,2021-05-21,2021-08-21,Management_of_Change,Completed Not Verified,2021-12-02,5CE8266757B27623F18AB526111231B6,79CBA1185463850DEDBA31F172F1DC5B,195.0,True,1459.0,True,92.0,Other,310,8
Property,3FE0E6EA97431A41EB6FE2968383694F,2021-05-19,Requirement,2021-05-21,2021-08-21,Housekeeping,Completed Not Verified,2021-12-02,5CE8266757B27623F18AB526111231B6,79CBA1185463850DEDBA31F172F1DC5B,195.0,True,1459.0,True,92.0,Housekeeping,310,8
Property,3FE0E6EA97431A41EB6FE2968383694F,2021-05-19,Requirement,2021-05-21,2021-08-21,Sprinkler_Protection,Completed Verified,2021-12-02,5CE8266757B27623F18AB526111231B6,79CBA1185463850DEDBA31F172F1DC5B,195.0,True,1459.0,True,92.0,Other,310,8
Property,3FE0E6EA97431A41EB6FE2968383694F,2021-05-19,Recommendation,2021-05-21,,Electrical_Maintenance,Completed Not Verified,2021-12-02,5CE8266757B27623F18AB526111231B6,79CBA1185463850DEDBA31F172F1DC5B,195.0,True,0.0,False,,Other,310,8
Property,3FE0E6EA97431A41EB6FE2968383694F,2021-05-19,Recommendation,2021-05-21,,Business_Continuity,Under Review,2022-12-21,5CE8266757B27623F18AB526111231B6,79CBA1185463850DEDBA31F172F1DC5B,579.0,True,0.0,False,,Other,310,8
Property,3FE0E6EA97431A41EB6FE2968383694F,2021-05-19,Recommendation,2021-05-21,,Fire_Safety_Management,In Process,2022-12-21,5CE8266757B27623F18AB526111231B6,79CBA1185463850DEDBA31F172F1DC5B,579.0,True,0.0,False,,Other,310,8
Property,3FE0E6EA97431A41EB6FE2968383694F,2021-05-19,Recommendation,2021-05-21,,Automatic_Fire_Detection,Under Review,2022-12-21,5CE8266757B27623F18AB526111231B6,79CBA1185463850DEDBA31F172F1DC5B,579.0,True,0.0,False,,Other,310,8
Motor,A65452DE6575CABE9794344D1AE8ED21,2022-07-18,Recommendation,2022-08-26,,Management_safety_procedure_for_vehilces,Under Review,2022-09-08,534AC75C2E8AC3E3FE7BC32BB8C6E34A,D7FB95A565D5B96F24FD2A30A7231729,13.0,True,0.0,False,,Other,79,5
Motor,A65452DE6575CABE9794344D1AE8ED21,2022-07-18,Recommendation,2022-08-26,,Management_safety_procedure_for_vehilces,Under Review,2022-09-08,534AC75C2E8AC3E3FE7BC32BB8C6E34A,D7FB95A565D5B96F24FD2A30A7231729,13.0,True,0.0,False,,Other,79,5
Motor,A65452DE6575CABE9794344D1AE8ED21,2022-07-18,Requirement,2022-08-26,2022-09-16,Management_safety_procedure_for_vehilces,Completed Not Verified,2022-09-08,534AC75C2E8AC3E3FE7BC32BB8C6E34A,D7FB95A565D5B96F24FD2A30A7231729,13.0,True,1068.0,True,21.0,Other,79,5
Motor,A65452DE6575CABE9794344D1AE8ED21,2022-07-18,Requirement,2022-08-26,2022-12-31,Management_safety_procedure_for_vehilces,Completed Not Verified,2022-09-08,534AC75C2E8AC3E3FE7BC32BB8C6E34A,D7FB95A565D5B96F24FD2A30A7231729,13.0,True,962.0,True,127.0,Other,79,5
Motor,A65452DE6575CABE9794344D1AE8ED21,2022-07-18,Requirement,2022-08-26,2022-09-30,Management_safety_procedure_for_vehilces,No Plans Agreed,2022-09-08,534AC75C2E8AC3E3FE7BC32BB8C6E34A,D7FB95A565D5B96F24FD2A30A7231729,13.0,True,1054.0,True,35.0,Other,79,5
Property,94FE22E06D7091941F936838E97C8B86,2023-12-06,Requirement,2024-01-16,2024-05-16,Sprinkler_Protection,No Response,,47B79BD259E22596FFC4BE2FFBBE5C5A,79CBA1185463850DEDBA31F172F1DC5B,,True,460.0,True,121.0,Other,217,20
Property,94FE22E06D7091941F936838E97C8B86,2023-12-06,Requirement,2024-01-16,2024-04-16,Automatic_Fire_Detection,Completed Not Verified,,47B79BD259E22596FFC4BE2FFBBE5C5A,79CBA1185463850DEDBA31F172F1DC5B,,True,490.0,True,91.0,Other,217,20
Property,94FE22E06D7091941F936838E97C8B86,2023-12-06,Requirement,2024-01-16,2024-03-16,Storage_Hazards,Completed Not Verified,,47B79BD259E22596FFC4BE2FFBBE5C5A,79CBA1185463850DEDBA31F172F1DC5B,,True,521.0,True,60.0,Other,217,20
Property,94FE22E06D7091941F936838E97C8B86,2023-12-06,Requirement,2024-01-16,2024-04-16,Compartmentation,Completed Not Verified,,47B79BD259E22596FFC4BE2FFBBE5C5A,79CBA1185463850DEDBA31F172F1DC5B,,True,490.0,True,91.0,Other,217,20
Property,94FE22E06D7091941F936838E97C8B86,2023-12-06,Requirement,2024-01-16,2024-04-16,Fire_Safety_Management,Completed Not Verified,,47B79BD259E22596FFC4BE2FFBBE5C5A,79CBA1185463850DEDBA31F172F1DC5B,,True,490.0,True,91.0,Other,217,20
Property,94FE22E06D7091941F936838E97C8B86,2023-12-06,Requirement,2024-01-16,2024-04-16,Electrical_Maintenance,Completed Not Verified,,47B79BD259E22596FFC4BE2FFBBE5C5A,79CBA1185463850DEDBA31F172F1DC5B,,True,490.0,True,91.0,Other,217,20
Property,94FE22E06D7091941F936838E97C8B86,2023-12-06,Requirement,2024-01-16,2024-06-16,Fire_Safety_Management,Completed Not Verified,,47B79BD259E22596FFC4BE2FFBBE5C5A,79CBA1185463850DEDBA31F172F1DC5B,,True,429.0,True,152.0,Other,217,20
Property,94FE22E06D7091941F936838E97C8B86,2023-12-06,Requirement,2024-01-16,2024-04-16,Impairment_Procedures,Completed Not Verified,,47B79BD259E22596FFC4BE2FFBBE5C5A,79CBA1185463850DEDBA31F172F1DC5B,,True,490.0,True,91.0,Other,217,20
Property,94FE22E06D7091941F936838E97C8B86,2023-12-06,Recommendation,2024-01-16,,Fire_Safety_Management,Completed Not Verified,,47B79BD259E22596FFC4BE2FFBBE5C5A,79CBA1185463850DEDBA31F172F1DC5B,,True,0.0,False,,Other,217,20
Property,94FE22E06D7091941F936838E97C8B86,2023-12-06,Recommendation,2024-01-16,,Construction,Completed Not Verified,,47B79BD259E22596FFC4BE2FFBBE5C5A,79CBA1185463850DEDBA31F172F1DC5B,,True,0.0,False,,Other,217,20
Property,94FE22E06D7091941F936838E97C8B86,2023-12-06,Recommendation,2024-01-16,,Electrical_Maintenance,Completed Not Verified,,47B79BD259E22596FFC4BE2FFBBE5C5A,79CBA1185463850DEDBA31F172F1DC5B,,True,0.0,False,,Other,217,20
Property,94FE22E06D7091941F936838E97C8B86,2023-12-06,Recommendation,2024-01-16,,Automatic_Fire_Detection,Completed Not Verified,,47B79BD259E22596FFC4BE2FFBBE5C5A,79CBA1185463850DEDBA31F172F1DC5B,,True,0.0,False,,Other,217,20
Property,94FE22E06D7091941F936838E97C8B86,2023-12-06,Recommendation,2024-01-16,,Housekeeping,Completed Not Verified,,47B79BD259E22596FFC4BE2FFBBE5C5A,79CBA1185463850DEDBA31F172F1DC5B,,True,0.0,False,,Housekeeping,217,20
Property,94FE22E06D7091941F936838E97C8B86,2023-12-06,Recommendation,2024-01-16,,Business_Continuity,Completed Not Verified,,47B79BD259E22596FFC4BE2FFBBE5C5A,79CBA1185463850DEDBA31F172F1DC5B,,True,0.0,False,,Other,217,20
Liability,94FE22E06D7091941F936838E97C8B86,2023-12-06,Requirement,2024-01-22,2024-04-22,General_Maintenance,Completed Not Verified,,47B79BD259E22596FFC4BE2FFBBE5C5A,79CBA1185463850DEDBA31F172F1DC5B,,True,484.0,True,91.0,Other,217,20
Liability,94FE22E06D7091941F936838E97C8B86,2023-12-06,Requirement,2024-01-22,2024-04-22,Manual_Handling,Completed Not Verified,,47B79BD259E22596FFC4BE2FFBBE5C5A,79CBA1185463850DEDBA31F172F1DC5B,,True,484.0,True,91.0,Other,217,20
Liability,94FE22E06D7091941F936838E97C8B86,2023-12-06,Requirement,2024-01-22,2024-04-22,FLT/MEWP,Completed Not Verified,,47B79BD259E22596FFC4BE2FFBBE5C5A,79CBA1185463850DEDBA31F172F1DC5B,,True,484.0,True,91.0,Other,217,20
Liability,94FE22E06D7091941F936838E97C8B86,2023-12-06,Requirement,2024-01-22,2024-03-22,Risk_Assessment,Completed Not Verified,,47B79BD259E22596FFC4BE2FFBBE5C5A,79CBA1185463850DEDBA31F172F1DC5B,,True,515.0,True,60.0,Other,217,20
Liability,94FE22E06D7091941F936838E97C8B86,2023-12-06,Recommendation,2024-01-22,,Inspections,Completed Not Verified,,47B79BD259E22596FFC4BE2FFBBE5C5A,79CBA1185463850DEDBA31F172F1DC5B,,True,0.0,False,,Other,217,20
Liability,94FE22E06D7091941F936838E97C8B86,2023-12-06,Recommendation,2024-01-22,,COSHH,Completed Not Verified,,47B79BD259E22596FFC4BE2FFBBE5C5A,79CBA1185463850DEDBA31F172F1DC5B,,True,0.0,False,,Other,217,20
Motor,3FC34B500ADE9769FFDB94DB75E9EBE5,2022-09-28,Recommendation,2022-10-04,2023-01-04,Fleet_Risk_Management,No Plans Agreed,,FBD1E7BA9564863B88D5C43CB833AFAF,D7FB95A565D5B96F24FD2A30A7231729,,True,958.0,True,92.0,Other,414,4
Motor,3FC34B500ADE9769FFDB94DB75E9EBE5,2022-09-28,Recommendation,2022-10-04,2023-01-04,Fleet_Risk_Management,No Plans Agreed,,FBD1E7BA9564863B88D5C43CB833AFAF,D7FB95A565D5B96F24FD2A30A7231729,,True,958.0,True,92.0,Other,414,4
Motor,3FC34B500ADE9769FFDB94DB75E9EBE5,2022-09-28,Recommendation,2022-10-04,2023-01-04,Fleet_Risk_Management,No Plans Agreed,,FBD1E7BA9564863B88D5C43CB833AFAF,D7FB95A565D5B96F24FD2A30A7231729,,True,958.0,True,92.0,Other,414,4
Motor,3FC34B500ADE9769FFDB94DB75E9EBE5,2022-09-28,Recommendation,2022-10-04,2023-01-04,Fleet_Risk_Management,No Plans Agreed,,FBD1E7BA9564863B88D5C43CB833AFAF,D7FB95A565D5B96F24FD2A30A7231729,,True,958.0,True,92.0,Other,414,4
Property,37EEF13F77171CD6F7AD9594D67868BF,2021-11-12,Requirement,2022-02-07,2022-03-07,Housekeeping,No Response,,92A54B358B4CF53CCA4095E4697E1004,24D22E03AFB23EDB45C6C8CFA16A280E,,True,1261.0,True,28.0,Housekeeping,254,7
Property,37EEF13F77171CD6F7AD9594D67868BF,2021-11-12,Requirement,2022-02-07,2022-03-07,Sprinkler_Protection,No Response,,92A54B358B4CF53CCA4095E4697E1004,24D22E03AFB23EDB45C6C8CFA16A280E,,True,1261.0,True,28.0,Other,254,7
Property,37EEF13F77171CD6F7AD9594D67868BF,2021-11-12,Requirement,2022-02-07,2022-03-07,Automatic_Fire_Detection,No Response,,92A54B358B4CF53CCA4095E4697E1004,24D22E03AFB23EDB45C6C8CFA16A280E,,True,1261.0,True,28.0,Other,254,7
Property,37EEF13F77171CD6F7AD9594D67868BF,2021-11-12,Recommendation,2022-02-07,,Fire_Service_and_Water_Supplies,No Response,,92A54B358B4CF53CCA4095E4697E1004,24D22E03AFB23EDB45C6C8CFA16A280E,,True,0.0,False,,Other,254,7
Property,37EEF13F77171CD6F7AD9594D67868BF,2021-11-12,Recommendation,2022-02-07,,Electrical_Maintenance,No Response,,92A54B358B4CF53CCA4095E4697E1004,24D22E03AFB23EDB45C6C8CFA16A280E,,True,0.0,False,,Other,254,7
Property,37EEF13F77171CD6F7AD9594D67868BF,2021-11-12,Recommendation,2022-02-07,,Flammable_Liquids,No Response,,92A54B358B4CF53CCA4095E4697E1004,24D22E03AFB23EDB45C6C8CFA16A280E,,True,0.0,False,,Other,254,7
Property,37EEF13F77171CD6F7AD9594D67868BF,2021-11-12,Recommendation,2022-02-07,,Contractor_Controls,No Response,,92A54B358B4CF53CCA4095E4697E1004,24D22E03AFB23EDB45C6C8CFA16A280E,,True,0.0,False,,Other,254,7
Liability,CE356A488DA0D8559B9CBEEA959F64F7,2023-01-19,Recommendation,2023-03-02,,Training,Completed Not Verified,2023-03-02,5CE8266757B27623F18AB526111231B6,10FC5E2EF6CB21E2382FB166345AE9D7,0.0,True,0.0,False,,Safety,310,5
Liability,CE356A488DA0D8559B9CBEEA959F64F7,2023-01-19,Recommendation,2023-03-02,,Gap Analysis & Safe Operating Procedures,Completed Not Verified,2023-03-02,5CE8266757B27623F18AB526111231B6,10FC5E2EF6CB21E2382FB166345AE9D7,0.0,True,0.0,False,,Other,310,5
Liability,CE356A488DA0D8559B9CBEEA959F64F7,2023-01-19,Recommendation,2023-03-02,,Occupational Health,Completed Not Verified,2023-03-02,5CE8266757B27623F18AB526111231B6,10FC5E2EF6CB21E2382FB166345AE9D7,0.0,True,0.0,False,,Other,310,5
Liability,CE356A488DA0D8559B9CBEEA959F64F7,2023-01-19,Recommendation,2023-03-02,,Process_Hazards,Completed Not Verified,2023-03-02,5CE8266757B27623F18AB526111231B6,10FC5E2EF6CB21E2382FB166345AE9D7,0.0,True,0.0,False,,Other,310,5
Liability,CE356A488DA0D8559B9CBEEA959F64F7,2023-01-19,Recommendation,2023-03-02,,Management of Change,Completed Not Verified,2023-03-02,5CE8266757B27623F18AB526111231B6,10FC5E2EF6CB21E2382FB166345AE9D7,0.0,True,0.0,False,,Other,310,5
Property,D90935828D3ED4A965F75B4A426C873A,2022-04-22,Recommendation,2022-04-22,,Fire_Safety_Management,No Response,2022-04-22,90581D96B500FD2D3FD701A583409CB8,24D22E03AFB23EDB45C6C8CFA16A280E,0.0,True,0.0,False,,Other,34,1
Property,4427754B06D2D17CE0A1BA0523E704D1,2022-04-25,Recommendation,2022-04-22,,Fire_Safety_Management,No Response,2022-04-22,FBD1E7BA9564863B88D5C43CB833AFAF,24D22E03AFB23EDB45C6C8CFA16A280E,0.0,True,0.0,False,,Other,414,7
Property,4427754B06D2D17CE0A1BA0523E704D1,2022-04-26,Recommendation,2022-04-22,,Fire_Safety_Management,No Response,2022-04-22,FBD1E7BA9564863B88D5C43CB833AFAF,24D22E03AFB23EDB45C6C8CFA16A280E,0.0,True,0.0,False,,Other,414,7
Property,4427754B06D2D17CE0A1BA0523E704D1,2022-04-27,Recommendation,2022-04-22,,Fire_Safety_Management,No Response,2022-04-22,FBD1E7BA9564863B88D5C43CB833AFAF,24D22E03AFB23EDB45C6C8CFA16A280E,0.0,True,0.0,False,,Other,414,7
Property,4427754B06D2D17CE0A1BA0523E704D1,2022-04-28,Recommendation,2022-04-22,,Fire_Safety_Management,No Response,2022-04-22,FBD1E7BA9564863B88D5C43CB833AFAF,24D22E03AFB23EDB45C6C8CFA16A280E,0.0,True,0.0,False,,Other,414,7
Property,4427754B06D2D17CE0A1BA0523E704D1,2022-04-29,Recommendation,2022-04-22,,Fire_Safety_Management,No Response,2022-04-22,FBD1E7BA9564863B88D5C43CB833AFAF,24D22E03AFB23EDB45C6C8CFA16A280E,0.0,True,0.0,False,,Other,414,7
Property,4427754B06D2D17CE0A1BA0523E704D1,2022-04-30,Recommendation,2022-04-22,,Fire_Safety_Management,No Response,2022-04-22,FBD1E7BA9564863B88D5C43CB833AFAF,24D22E03AFB23EDB45C6C8CFA16A280E,0.0,True,0.0,False,,Other,414,7
Property,4427754B06D2D17CE0A1BA0523E704D1,2022-05-01,Recommendation,2022-04-22,,General_Maintenance,No Response,2022-04-22,FBD1E7BA9564863B88D5C43CB833AFAF,24D22E03AFB23EDB45C6C8CFA16A280E,0.0,True,0.0,False,,Other,414,7
Property,1F2AF41E7288B806072A70A51624149D,2022-04-25,Recommendation,2022-04-22,,Fire_Safety_Management,No Response,2022-04-22,FBD1E7BA9564863B88D5C43CB833AFAF,24D22E03AFB23EDB45C6C8CFA16A280E,0.0,True,0.0,False,,Other,414,6
Property,1F2AF41E7288B806072A70A51624149D,2022-04-25,Recommendation,2022-04-22,,General_Maintenance,No Response,2022-04-22,FBD1E7BA9564863B88D5C43CB833AFAF,24D22E03AFB23EDB45C6C8CFA16A280E,0.0,True,0.0,False,,Other,414,6
Property,1F2AF41E7288B806072A70A51624149D,2022-04-25,Recommendation,2022-04-22,,Fire_Safety_Management,No Response,2022-04-22,FBD1E7BA9564863B88D5C43CB833AFAF,24D22E03AFB23EDB45C6C8CFA16A280E,0.0,True,0.0,False,,Other,414,6
Property,1F2AF41E7288B806072A70A51624149D,2022-04-25,Recommendation,2022-04-22,,General_Maintenance,No Response,2022-04-22,FBD1E7BA9564863B88D5C43CB833AFAF,24D22E03AFB23EDB45C6C8CFA16A280E,0.0,True,0.0,False,,Other,414,6
Property,1F2AF41E7288B806072A70A51624149D,2022-04-25,Recommendation,2022-04-22,,Fire_Safety_Management,No Response,2022-04-22,FBD1E7BA9564863B88D5C43CB833AFAF,24D22E03AFB23EDB45C6C8CFA16A280E,0.0,True,0.0,False,,Other,414,6
Property,1F2AF41E7288B806072A70A51624149D,2022-04-25,Recommendation,2022-04-22,,Fire_Safety_Management,No Response,2022-04-22,FBD1E7BA9564863B88D5C43CB833AFAF,24D22E03AFB23EDB45C6C8CFA16A280E,0.0,True,0.0,False,,Other,414,6
Property,7C4575B79976B33D0B85CC1A0D7423E6,2021-11-18,Requirement,2021-12-23,2022-02-28,General_Maintenance,Completed Not Verified,2022-04-27,6B712DA7B7CCF80851BEB06DE6C32E6C,98D0360B392DE5F1D53ACDD6489B6E88,125.0,True,1268.0,True,67.0,Other,188,138
Property,7C4575B79976B33D0B85CC1A0D7423E6,2021-11-18,Requirement,2021-12-23,2022-02-28,General_Maintenance,Completed Not Verified,2022-10-20,6B712DA7B7CCF80851BEB06DE6C32E6C,98D0360B392DE5F1D53ACDD6489B6E88,301.0,True,1268.0,True,67.0,Other,188,138
Property,7C4575B79976B33D0B85CC1A0D7423E6,2021-11-18,Requirement,2021-12-23,2022-02-28,General_Maintenance,Completed Not Verified,2022-10-20,6B712DA7B7CCF80851BEB06DE6C32E6C,98D0360B392DE5F1D53ACDD6489B6E88,301.0,True,1268.0,True,67.0,Other,188,138
Property,7C4575B79976B33D0B85CC1A0D7423E6,2021-11-18,Requirement,2021-12-23,2022-02-28,General_Maintenance,Completed Not Verified,2022-10-20,6B712DA7B7CCF80851BEB06DE6C32E6C,98D0360B392DE5F1D53ACDD6489B6E88,301.0,True,1268.0,True,67.0,Other,188,138
Property,7C4575B79976B33D0B85CC1A0D7423E6,2021-12-02,Requirement,2021-12-23,2022-02-28,Inspections,Completed Not Verified,2022-04-27,6B712DA7B7CCF80851BEB06DE6C32E6C,98D0360B392DE5F1D53ACDD6489B6E88,125.0,True,1268.0,True,67.0,Other,188,138
Property,7C4575B79976B33D0B85CC1A0D7423E6,2021-12-02,Requirement,2021-12-23,2022-02-28,Inspections,Completed Not Verified,2022-04-27,6B712DA7B7CCF80851BEB06DE6C32E6C,98D0360B392DE5F1D53ACDD6489B6E88,125.0,True,1268.0,True,67.0,Other,188,138
Property,7C4575B79976B33D0B85CC1A0D7423E6,2021-12-02,Requirement,2021-12-23,2022-02-28,Housekeeping,Completed Not Verified,2022-04-27,6B712DA7B7CCF80851BEB06DE6C32E6C,98D0360B392DE5F1D53ACDD6489B6E88,125.0,True,1268.0,True,67.0,Housekeeping,188,138
Property,7C4575B79976B33D0B85CC1A0D7423E6,2021-12-02,Requirement,2021-12-23,2022-02-28,General_Maintenance,Completed Not Verified,2022-04-27,6B712DA7B7CCF80851BEB06DE6C32E6C,98D0360B392DE5F1D53ACDD6489B6E88,125.0,True,1268.0,True,67.0,Other,188,138
Property,7C4575B79976B33D0B85CC1A0D7423E6,2021-12-02,Requirement,2021-12-23,2022-02-28,Housekeeping,Completed Not Verified,2022-04-27,6B712DA7B7CCF80851BEB06DE6C32E6C,98D0360B392DE5F1D53ACDD6489B6E88,125.0,True,1268.0,True,67.0,Housekeeping,188,138
Property,7C4575B79976B33D0B85CC1A0D7423E6,2021-12-02,Recommendation,2021-12-23,,Inspections,Completed Not Verified,2022-04-27,6B712DA7B7CCF80851BEB06DE6C32E6C,98D0360B392DE5F1D53ACDD6489B6E88,125.0,True,0.0,False,,Other,188,138
Property,7C4575B79976B33D0B85CC1A0D7423E6,2021-12-02,Requirement,2021-12-23,2022-02-28,Contractor_Controls,In Process,2023-01-11,6B712DA7B7CCF80851BEB06DE6C32E6C,FC089489555AEE7519548FF7F589F384,384.0,True,1268.0,True,67.0,Other,188,138
Property,7C4575B79976B33D0B85CC1A0D7423E6,2022-01-10,Requirement,2022-01-18,2022-03-18,Fire_Safety_Management,Completed Not Verified,2022-10-20,6B712DA7B7CCF80851BEB06DE6C32E6C,98D0360B392DE5F1D53ACDD6489B6E88,275.0,True,1250.0,True,59.0,Other,188,138
Property,7C4575B79976B33D0B85CC1A0D7423E6,2022-01-10,Requirement,2022-01-18,2022-03-18,Housekeeping,Completed Not Verified,2022-04-27,6B712DA7B7CCF80851BEB06DE6C32E6C,98D0360B392DE5F1D53ACDD6489B6E88,99.0,True,1250.0,True,59.0,Housekeeping,188,138
Property,7C4575B79976B33D0B85CC1A0D7423E6,2022-01-10,Requirement,2022-01-18,2022-03-18,Housekeeping,Completed Not Verified,2022-04-27,6B712DA7B7CCF80851BEB06DE6C32E6C,98D0360B392DE5F1D53ACDD6489B6E88,99.0,True,1250.0,True,59.0,Housekeeping,188,138
Property,7C4575B79976B33D0B85CC1A0D7423E6,2022-01-10,Requirement,2022-01-18,2022-03-18,General_Maintenance,Completed Not Verified,2022-10-20,6B712DA7B7CCF80851BEB06DE6C32E6C,98D0360B392DE5F1D53ACDD6489B6E88,275.0,True,1250.0,True,59.0,Other,188,138
Property,7C4575B79976B33D0B85CC1A0D7423E6,2022-01-10,Recommendation,2022-01-18,,Smoking,Completed Not Verified,2022-10-20,6B712DA7B7CCF80851BEB06DE6C32E6C,98D0360B392DE5F1D53ACDD6489B6E88,275.0,True,0.0,False,,Combustibles,188,138
Property,7C4575B79976B33D0B85CC1A0D7423E6,2022-01-10,Requirement,2022-01-18,2022-02-18,General_Maintenance,Completed Not Verified,2022-10-20,6B712DA7B7CCF80851BEB06DE6C32E6C,98D0360B392DE5F1D53ACDD6489B6E88,275.0,True,1278.0,True,31.0,Other,188,138
Property,7C4575B79976B33D0B85CC1A0D7423E6,2022-01-10,Requirement,2022-01-18,2022-03-18,Housekeeping,Completed Not Verified,2022-10-20,6B712DA7B7CCF80851BEB06DE6C32E6C,98D0360B392DE5F1D53ACDD6489B6E88,275.0,True,1250.0,True,59.0,Housekeeping,188,138
Property,7C4575B79976B33D0B85CC1A0D7423E6,2022-01-10,Requirement,2022-01-18,2022-03-18,Housekeeping,Completed Not Verified,2022-10-20,6B712DA7B7CCF80851BEB06DE6C32E6C,98D0360B392DE5F1D53ACDD6489B6E88,275.0,True,1250.0,True,59.0,Housekeeping,188,138
Property,7C4575B79976B33D0B85CC1A0D7423E6,2022-01-10,Requirement,2022-01-18,2022-02-18,Fire_Safety_Management,Completed Not Verified,2022-10-20,6B712DA7B7CCF80851BEB06DE6C32E6C,98D0360B392DE5F1D53ACDD6489B6E88,275.0,True,1278.0,True,31.0,Other,188,138
Property,7C4575B79976B33D0B85CC1A0D7423E6,2022-01-10,Requirement,2022-01-18,2022-03-18,Fire_Safety_Management,Completed Not Verified,2023-01-11,6B712DA7B7CCF80851BEB06DE6C32E6C,98D0360B392DE5F1D53ACDD6489B6E88,358.0,True,1250.0,True,59.0,Other,188,138
Property,7C4575B79976B33D0B85CC1A0D7423E6,2022-01-10,Requirement,2022-01-18,2022-03-18,General_Maintenance,Completed Not Verified,2023-01-11,6B712DA7B7CCF80851BEB06DE6C32E6C,98D0360B392DE5F1D53ACDD6489B6E88,358.0,True,1250.0,True,59.0,Other,188,138
Property,7C4575B79976B33D0B85CC1A0D7423E6,2022-01-10,Requirement,2022-01-18,2022-03-18,Inspections,Completed Not Verified,2022-10-20,6B712DA7B7CCF80851BEB06DE6C32E6C,98D0360B392DE5F1D53ACDD6489B6E88,275.0,True,1250.0,True,59.0,Other,188,138
Property,7C4575B79976B33D0B85CC1A0D7423E6,2022-01-10,Requirement,2022-01-18,2022-03-18,Housekeeping,In Process,2023-01-11,6B712DA7B7CCF80851BEB06DE6C32E6C,FC089489555AEE7519548FF7F589F384,358.0,True,1250.0,True,59.0,Housekeeping,188,138
Property,7C4575B79976B33D0B85CC1A0D7423E6,2022-01-10,Requirement,2022-01-18,2022-02-18,Security,No Plans,2023-01-11,6B712DA7B7CCF80851BEB06DE6C32E6C,98D0360B392DE5F1D53ACDD6489B6E88,358.0,True,1278.0,True,31.0,Security,188,138
Property,7C4575B79976B33D0B85CC1A0D7423E6,2022-01-10,Requirement,2022-01-18,2022-03-18,General_Maintenance,In Process,2023-01-11,6B712DA7B7CCF80851BEB06DE6C32E6C,FC089489555AEE7519548FF7F589F384,358.0,True,1250.0,True,59.0,Other,188,138
Property,7C4575B79976B33D0B85CC1A0D7423E6,2022-01-31,Recommendation,2022-03-04,,Housekeeping,Completed Not Verified,2022-10-20,6B712DA7B7CCF80851BEB06DE6C32E6C,98D0360B392DE5F1D53ACDD6489B6E88,230.0,True,0.0,False,,Housekeeping,188,138
Property,7C4575B79976B33D0B85CC1A0D7423E6,2022-01-31,Recommendation,2022-03-04,,General_Maintenance,Completed Not Verified,2022-10-20,6B712DA7B7CCF80851BEB06DE6C32E6C,98D0360B392DE5F1D53ACDD6489B6E88,230.0,True,0.0,False,,Other,188,138
Property,7C4575B79976B33D0B85CC1A0D7423E6,2022-01-31,Recommendation,2022-03-04,,Housekeeping,Completed Not Verified,2024-01-10,6B712DA7B7CCF80851BEB06DE6C32E6C,98D0360B392DE5F1D53ACDD6489B6E88,677.0,True,0.0,False,,Housekeeping,188,138
Property,7C4575B79976B33D0B85CC1A0D7423E6,2022-01-31,Recommendation,2022-03-04,,General_Maintenance,Completed Not Verified,2022-10-20,6B712DA7B7CCF80851BEB06DE6C32E6C,98D0360B392DE5F1D53ACDD6489B6E88,230.0,True,0.0,False,,Other,188,138
Property,7C4575B79976B33D0B85CC1A0D7423E6,2022-02-08,Recommendation,2022-03-04,,General_Maintenance,Completed Not Verified,2022-10-20,6B712DA7B7CCF80851BEB06DE6C32E6C,98D0360B392DE5F1D53ACDD6489B6E88,230.0,True,0.0,False,,Other,188,138
Property,7C4575B79976B33D0B85CC1A0D7423E6,2022-02-08,Recommendation,2022-03-04,,Housekeeping,Completed Not Verified,2022-10-20,6B712DA7B7CCF80851BEB06DE6C32E6C,98D0360B392DE5F1D53ACDD6489B6E88,230.0,True,0.0,False,,Housekeeping,188,138
Property,7C4575B79976B33D0B85CC1A0D7423E6,2022-02-08,Recommendation,2022-03-04,,Compartmentation,In Process,2022-10-20,6B712DA7B7CCF80851BEB06DE6C32E6C,FC089489555AEE7519548FF7F589F384,230.0,True,0.0,False,,Other,188,138
Property,7C4575B79976B33D0B85CC1A0D7423E6,2022-02-21,Recommendation,2022-03-04,,Housekeeping,Completed Not Verified,2023-01-11,6B712DA7B7CCF80851BEB06DE6C32E6C,98D0360B392DE5F1D53ACDD6489B6E88,313.0,True,0.0,False,,Housekeeping,188,138
Property,7C4575B79976B33D0B85CC1A0D7423E6,2022-02-21,Recommendation,2022-03-04,,Fire_Safety_Management,Completed Not Verified,2023-11-20,6B712DA7B7CCF80851BEB06DE6C32E6C,98D0360B392DE5F1D53ACDD6489B6E88,626.0,True,0.0,False,,Other,188,138
Property,7C4575B79976B33D0B85CC1A0D7423E6,2022-02-21,Recommendation,2022-03-04,,Fire_Safety_Management,In Process,2022-10-20,6B712DA7B7CCF80851BEB06DE6C32E6C,FC089489555AEE7519548FF7F589F384,230.0,True,0.0,False,,Other,188,138
Property,7C4575B79976B33D0B85CC1A0D7423E6,2022-02-21,Recommendation,2022-03-04,,Housekeeping,Completed Not Verified,2023-11-20,6B712DA7B7CCF80851BEB06DE6C32E6C,FC089489555AEE7519548FF7F589F384,626.0,True,0.0,False,,Housekeeping,188,138
Property,7C4575B79976B33D0B85CC1A0D7423E6,2022-02-21,Recommendation,2022-03-04,,General_Maintenance,In Process,2022-10-20,6B712DA7B7CCF80851BEB06DE6C32E6C,FC089489555AEE7519548FF7F589F384,230.0,True,0.0,False,,Other,188,138
Property,7C4575B79976B33D0B85CC1A0D7423E6,2022-02-21,Recommendation,2022-03-04,,General_Maintenance,In Process,2022-10-20,6B712DA7B7CCF80851BEB06DE6C32E6C,FC089489555AEE7519548FF7F589F384,230.0,True,0.0,False,,Other,188,138
Property,7C4575B79976B33D0B85CC1A0D7423E6,2022-02-21,Recommendation,2022-03-04,,Inspections,In Process,2022-10-20,6B712DA7B7CCF80851BEB06DE6C32E6C,FC089489555AEE7519548FF7F589F384,230.0,True,0.0,False,,Other,188,138
Property,7C4575B79976B33D0B85CC1A0D7423E6,2022-02-21,Recommendation,2022-03-04,,External_Storage,In Process,2023-01-11,6B712DA7B7CCF80851BEB06DE6C32E6C,FC089489555AEE7519548FF7F589F384,313.0,True,0.0,False,,Other,188,138
Property,7C4575B79976B33D0B85CC1A0D7423E6,2022-02-21,Recommendation,2022-03-04,,General_Maintenance,In Process,2023-01-11,6B712DA7B7CCF80851BEB06DE6C32E6C,FC089489555AEE7519548FF7F589F384,313.0,True,0.0,False,,Other,188,138
Property,7C4575B79976B33D0B85CC1A0D7423E6,2022-04-04,Recommendation,2022-04-27,,Housekeeping,Completed Not Verified,2022-10-20,6B712DA7B7CCF80851BEB06DE6C32E6C,98D0360B392DE5F1D53ACDD6489B6E88,176.0,True,0.0,False,,Housekeeping,188,138
Property,7C4575B79976B33D0B85CC1A0D7423E6,2022-04-04,Recommendation,2022-04-27,,General_Maintenance,Completed Not Verified,2022-10-20,6B712DA7B7CCF80851BEB06DE6C32E6C,98D0360B392DE5F1D53ACDD6489B6E88,176.0,True,0.0,False,,Other,188,138
Property,7C4575B79976B33D0B85CC1A0D7423E6,2022-04-06,Recommendation,2022-04-27,,Housekeeping,Completed Not Verified,2022-10-20,6B712DA7B7CCF80851BEB06DE6C32E6C,98D0360B392DE5F1D53ACDD6489B6E88,176.0,True,0.0,False,,Housekeeping,188,138
Property,7C4575B79976B33D0B85CC1A0D7423E6,2022-04-06,Recommendation,2022-04-27,,Fire_Safety_Management,Completed Not Verified,2022-02-20,6B712DA7B7CCF80851BEB06DE6C32E6C,98D0360B392DE5F1D53ACDD6489B6E88,-66.0,True,0.0,False,,Other,188,138
Property,7C4575B79976B33D0B85CC1A0D7423E6,2022-04-06,Recommendation,2022-04-27,,Housekeeping,Completed Not Verified,2022-10-20,6B712DA7B7CCF80851BEB06DE6C32E6C,98D0360B392DE5F1D53ACDD6489B6E88,176.0,True,0.0,False,,Housekeeping,188,138
Property,7C4575B79976B33D0B85CC1A0D7423E6,2022-04-06,Recommendation,2022-04-27,,General_Maintenance,In Process,2022-10-20,6B712DA7B7CCF80851BEB06DE6C32E6C,FC089489555AEE7519548FF7F589F384,176.0,True,0.0,False,,Other,188,138
Property,7C4575B79976B33D0B85CC1A0D7423E6,2022-04-06,Recommendation,2022-04-27,,Automatic_Fire_Detection,Under Review,2022-10-20,6B712DA7B7CCF80851BEB06DE6C32E6C,FC089489555AEE7519548FF7F589F384,176.0,True,0.0,False,,Other,188,138
Property,7C4575B79976B33D0B85CC1A0D7423E6,2022-04-06,Recommendation,2022-04-27,,Housekeeping,Under Review,2022-10-20,6B712DA7B7CCF80851BEB06DE6C32E6C,FC089489555AEE7519548FF7F589F384,176.0,True,0.0,False,,Housekeeping,188,138
Property,7C4575B79976B33D0B85CC1A0D7423E6,2022-05-04,Requirement,2022-06-13,2022-12-13,Housekeeping,In Process,2023-01-11,6B712DA7B7CCF80851BEB06DE6C32E6C,FC089489555AEE7519548FF7F589F384,212.0,True,980.0,True,183.0,Housekeeping,188,138
Property,7C4575B79976B33D0B85CC1A0D7423E6,2022-05-04,Recommendation,2022-06-13,,General_Maintenance,In Process,2023-01-11,6B712DA7B7CCF80851BEB06DE6C32E6C,FC089489555AEE7519548FF7F589F384,212.0,True,0.0,False,,Other,188,138
Property,7C4575B79976B33D0B85CC1A0D7423E6,2022-05-04,Recommendation,2022-06-13,,Inspections,In Process,2022-08-31,6B712DA7B7CCF80851BEB06DE6C32E6C,FC089489555AEE7519548FF7F589F384,79.0,True,0.0,False,,Other,188,138
Property,7C4575B79976B33D0B85CC1A0D7423E6,2022-05-04,Requirement,2022-06-13,2022-12-13,Fire_Safety_Management,Completed Not Verified,2022-08-31,6B712DA7B7CCF80851BEB06DE6C32E6C,FC089489555AEE7519548FF7F589F384,79.0,True,980.0,True,183.0,Other,188,138
Property,7C4575B79976B33D0B85CC1A0D7423E6,2022-05-04,Recommendation,2022-06-13,,Housekeeping,Completed Not Verified,2022-08-31,6B712DA7B7CCF80851BEB06DE6C32E6C,FC089489555AEE7519548FF7F589F384,79.0,True,0.0,False,,Housekeeping,188,138
Property,7C4575B79976B33D0B85CC1A0D7423E6,2022-05-04,Recommendation,2022-06-13,,General_Maintenance,Completed Not Verified,2022-08-31,6B712DA7B7CCF80851BEB06DE6C32E6C,FC089489555AEE7519548FF7F589F384,79.0,True,0.0,False,,Other,188,138
Property,7C4575B79976B33D0B85CC1A0D7423E6,2022-05-04,Requirement,2022-06-13,2022-12-13,General_Maintenance,Completed Not Verified,2023-01-11,6B712DA7B7CCF80851BEB06DE6C32E6C,FC089489555AEE7519548FF7F589F384,212.0,True,980.0,True,183.0,Other,188,138
Property,7C4575B79976B33D0B85CC1A0D7423E6,2022-05-04,Requirement,2022-06-13,2022-12-13,Housekeeping,Completed Not Verified,2022-08-31,6B712DA7B7CCF80851BEB06DE6C32E6C,FC089489555AEE7519548FF7F589F384,79.0,True,980.0,True,183.0,Housekeeping,188,138
Property,7C4575B79976B33D0B85CC1A0D7423E6,2022-05-04,Requirement,2022-06-13,2022-12-13,General_Maintenance,Completed Not Verified,2023-01-11,6B712DA7B7CCF80851BEB06DE6C32E6C,FC089489555AEE7519548FF7F589F384,212.0,True,980.0,True,183.0,Other,188,138
Property,7C4575B79976B33D0B85CC1A0D7423E6,2022-05-04,Recommendation,2022-06-13,,Housekeeping,Completed Not Verified,2023-01-11,6B712DA7B7CCF80851BEB06DE6C32E6C,FC089489555AEE7519548FF7F589F384,212.0,True,0.0,False,,Housekeeping,188,138
Property,7C4575B79976B33D0B85CC1A0D7423E6,2022-05-04,Recommendation,2022-06-13,,Housekeeping,Completed Not Verified,2022-08-31,6B712DA7B7CCF80851BEB06DE6C32E6C,FC089489555AEE7519548FF7F589F384,79.0,True,0.0,False,,Housekeeping,188,138
Property,7C4575B79976B33D0B85CC1A0D7423E6,2022-05-13,Recommendation,2022-06-13,,Inspections,In Process,2023-11-20,6B712DA7B7CCF80851BEB06DE6C32E6C,FC089489555AEE7519548FF7F589F384,525.0,True,0.0,False,,Other,188,138
Property,7C4575B79976B33D0B85CC1A0D7423E6,2022-05-13,Recommendation,2022-06-13,,General_Maintenance,Completed Not Verified,2023-01-11,6B712DA7B7CCF80851BEB06DE6C32E6C,FC089489555AEE7519548FF7F589F384,212.0,True,0.0,False,,Other,188,138
Property,7C4575B79976B33D0B85CC1A0D7423E6,2023-02-21,Requirement,2023-03-30,2023-05-31,General_Maintenance,No Response,2023-10-03,6B712DA7B7CCF80851BEB06DE6C32E6C,FC089489555AEE7519548FF7F589F384,187.0,True,811.0,True,62.0,Other,188,138
Property,7C4575B79976B33D0B85CC1A0D7423E6,2023-02-21,Recommendation,2023-03-30,,Contractor_Controls,No Response,2023-04-04,6B712DA7B7CCF80851BEB06DE6C32E6C,FC089489555AEE7519548FF7F589F384,5.0,True,0.0,False,,Other,188,138
Property,7C4575B79976B33D0B85CC1A0D7423E6,2023-02-21,Requirement,2023-03-30,2023-05-31,Compartmentation,In Process,2023-12-28,6B712DA7B7CCF80851BEB06DE6C32E6C,FC089489555AEE7519548FF7F589F384,273.0,True,811.0,True,62.0,Other,188,138
Property,7C4575B79976B33D0B85CC1A0D7423E6,2023-02-21,Recommendation,2023-03-30,,Fire_Safety_Management,No Response,2023-04-04,6B712DA7B7CCF80851BEB06DE6C32E6C,FC089489555AEE7519548FF7F589F384,5.0,True,0.0,False,,Other,188,138
Property,7C4575B79976B33D0B85CC1A0D7423E6,2023-02-21,Recommendation,2023-03-30,,General_Maintenance,No Response,2023-04-04,6B712DA7B7CCF80851BEB06DE6C32E6C,FC089489555AEE7519548FF7F589F384,5.0,True,0.0,False,,Other,188,138
Property,7C4575B79976B33D0B85CC1A0D7423E6,2023-02-21,Recommendation,2023-03-30,,Other_Perils,In Process,2023-12-28,6B712DA7B7CCF80851BEB06DE6C32E6C,FC089489555AEE7519548FF7F589F384,273.0,True,0.0,False,,Other,188,138
Property,7C4575B79976B33D0B85CC1A0D7423E6,2023-02-27,Requirement,2023-03-30,2023-05-31,Compartmentation,No Response,2023-04-04,6B712DA7B7CCF80851BEB06DE6C32E6C,FC089489555AEE7519548FF7F589F384,5.0,True,811.0,True,62.0,Other,188,138
Property,7C4575B79976B33D0B85CC1A0D7423E6,2023-02-27,Recommendation,2023-03-30,,Other_Perils,No Response,2023-04-04,6B712DA7B7CCF80851BEB06DE6C32E6C,FC089489555AEE7519548FF7F589F384,5.0,True,0.0,False,,Other,188,138
Property,7C4575B79976B33D0B85CC1A0D7423E6,2023-02-27,Recommendation,2023-03-30,,Housekeeping,No Response,2023-04-04,6B712DA7B7CCF80851BEB06DE6C32E6C,FC089489555AEE7519548FF7F589F384,5.0,True,0.0,False,,Housekeeping,188,138
Property,7C4575B79976B33D0B85CC1A0D7423E6,2023-03-02,Recommendation,2023-03-30,,General_Maintenance,No Response,2023-04-04,6B712DA7B7CCF80851BEB06DE6C32E6C,FC089489555AEE7519548FF7F589F384,5.0,True,0.0,False,,Other,188,138
Property,7C4575B79976B33D0B85CC1A0D7423E6,2023-03-02,Recommendation,2023-03-30,,Housekeeping,No Response,2023-04-04,6B712DA7B7CCF80851BEB06DE6C32E6C,FC089489555AEE7519548FF7F589F384,5.0,True,0.0,False,,Housekeeping,188,138
Property,7C4575B79976B33D0B85CC1A0D7423E6,2023-03-02,Recommendation,2023-03-30,,Housekeeping,Completed Not Verified,2023-11-20,6B712DA7B7CCF80851BEB06DE6C32E6C,FC089489555AEE7519548FF7F589F384,235.0,True,0.0,False,,Housekeeping,188,138
Property,7C4575B79976B33D0B85CC1A0D7423E6,2023-03-02,Recommendation,2023-03-30,,Housekeeping,No Response,2023-04-04,6B712DA7B7CCF80851BEB06DE6C32E6C,FC089489555AEE7519548FF7F589F384,5.0,True,0.0,False,,Housekeeping,188,138
Property,7C4575B79976B33D0B85CC1A0D7423E6,2023-03-02,Recommendation,2023-03-30,,Maintenance,No Response,2023-04-04,6B712DA7B7CCF80851BEB06DE6C32E6C,FC089489555AEE7519548FF7F589F384,5.0,True,0.0,False,,Maintenance,188,138
Property,7C4575B79976B33D0B85CC1A0D7423E6,2023-03-02,Recommendation,2023-03-30,,Security,In Process,2023-11-08,6B712DA7B7CCF80851BEB06DE6C32E6C,FC089489555AEE7519548FF7F589F384,223.0,True,0.0,False,,Security,188,138
Property,7C4575B79976B33D0B85CC1A0D7423E6,2023-03-02,Requirement,2023-03-30,2023-05-31,General_Maintenance,In Process,2024-01-12,6B712DA7B7CCF80851BEB06DE6C32E6C,FC089489555AEE7519548FF7F589F384,288.0,True,811.0,True,62.0,Other,188,138
Property,7C4575B79976B33D0B85CC1A0D7423E6,2023-03-02,Requirement,2023-03-30,2023-05-31,Housekeeping,No Response,2023-05-31,6B712DA7B7CCF80851BEB06DE6C32E6C,FC089489555AEE7519548FF7F589F384,62.0,True,811.0,True,62.0,Housekeeping,188,138
Property,7C4575B79976B33D0B85CC1A0D7423E6,2023-03-02,Recommendation,2023-03-30,,General_Maintenance,No Response,2023-04-04,6B712DA7B7CCF80851BEB06DE6C32E6C,FC089489555AEE7519548FF7F589F384,5.0,True,0.0,False,,Other,188,138
Property,7C4575B79976B33D0B85CC1A0D7423E6,2023-03-20,Recommendation,2023-03-30,,Fire_Safety_Management,In Process,2023-10-03,6B712DA7B7CCF80851BEB06DE6C32E6C,FC089489555AEE7519548FF7F589F384,187.0,True,0.0,False,,Other,188,138
Property,7C4575B79976B33D0B85CC1A0D7423E6,2023-03-20,Recommendation,2023-03-30,,General_Maintenance,No Response,2023-12-28,6B712DA7B7CCF80851BEB06DE6C32E6C,FC089489555AEE7519548FF7F589F384,273.0,True,0.0,False,,Other,188,138
Property,7C4575B79976B33D0B85CC1A0D7423E6,2023-03-20,Recommendation,2023-03-30,,Housekeeping,In Process,2023-10-03,6B712DA7B7CCF80851BEB06DE6C32E6C,FC089489555AEE7519548FF7F589F384,187.0,True,0.0,False,,Housekeeping,188,138
Property,7C4575B79976B33D0B85CC1A0D7423E6,2023-04-21,Requirement,,2023-07-15,Fire_Safety_Management,No Response,,6B712DA7B7CCF80851BEB06DE6C32E6C,FC089489555AEE7519548FF7F589F384,,True,766.0,True,,Other,188,138
Property,7C4575B79976B33D0B85CC1A0D7423E6,2023-04-21,Requirement,,2023-07-15,Compartmentation,In Process,2023-10-03,6B712DA7B7CCF80851BEB06DE6C32E6C,FC089489555AEE7519548FF7F589F384,,True,766.0,True,,Other,188,138
Property,7C4575B79976B33D0B85CC1A0D7423E6,2023-04-21,Requirement,,2023-07-15,Security,No Response,,6B712DA7B7CCF80851BEB06DE6C32E6C,FC089489555AEE7519548FF7F589F384,,True,766.0,True,,Security,188,138
Property,7C4575B79976B33D0B85CC1A0D7423E6,2023-04-21,Requirement,,2023-07-15,Fire_Safety_Management,No Response,,6B712DA7B7CCF80851BEB06DE6C32E6C,FC089489555AEE7519548FF7F589F384,,True,766.0,True,,Other,188,138
Property,7C4575B79976B33D0B85CC1A0D7423E6,2023-04-21,Recommendation,,,Construction,No Response,,6B712DA7B7CCF80851BEB06DE6C32E6C,FC089489555AEE7519548FF7F589F384,,True,0.0,False,,Other,188,138
Property,7C4575B79976B33D0B85CC1A0D7423E6,2023-04-21,Recommendation,,,General_Maintenance,No Response,,6B712DA7B7CCF80851BEB06DE6C32E6C,FC089489555AEE7519548FF7F589F384,,True,0.0,False,,Other,188,138
Property,7C4575B79976B33D0B85CC1A0D7423E6,2023-04-21,Recommendation,,,Fire_Safety_Management,No Response,,6B712DA7B7CCF80851BEB06DE6C32E6C,FC089489555AEE7519548FF7F589F384,,True,0.0,False,,Other,188,138
Property,7C4575B79976B33D0B85CC1A0D7423E6,2023-07-27,Recommendation,2023-08-02,,Fire_Safety_Management,No Response,2023-08-11,6B712DA7B7CCF80851BEB06DE6C32E6C,FC089489555AEE7519548FF7F589F384,9.0,True,0.0,False,,Other,188,138
Property,7C4575B79976B33D0B85CC1A0D7423E6,2023-07-27,Recommendation,2023-08-02,,Housekeeping,No Response,2023-08-11,6B712DA7B7CCF80851BEB06DE6C32E6C,FC089489555AEE7519548FF7F589F384,9.0,True,0.0,False,,Housekeeping,188,138
Property,7C4575B79976B33D0B85CC1A0D7423E6,2023-07-27,Recommendation,2023-08-02,,General_Maintenance,No Response,2023-08-11,6B712DA7B7CCF80851BEB06DE6C32E6C,FC089489555AEE7519548FF7F589F384,9.0,True,0.0,False,,Other,188,138
Property,7C4575B79976B33D0B85CC1A0D7423E6,2023-07-27,Recommendation,2023-08-02,,General_Maintenance,No Response,2023-08-11,6B712DA7B7CCF80851BEB06DE6C32E6C,FC089489555AEE7519548FF7F589F384,9.0,True,0.0,False,,Other,188,138
Property,7C4575B79976B33D0B85CC1A0D7423E6,2023-07-27,Recommendation,2023-08-02,,Other_Perils,No Response,2023-08-11,6B712DA7B7CCF80851BEB06DE6C32E6C,FC089489555AEE7519548FF7F589F384,9.0,True,0.0,False,,Other,188,138
Property,7C4575B79976B33D0B85CC1A0D7423E6,2023-10-16,Requirement,2023-12-11,2024-01-31,Fire_Safety_Management,No Response,,6B712DA7B7CCF80851BEB06DE6C32E6C,FC089489555AEE7519548FF7F589F384,,True,566.0,True,51.0,Other,188,138
Property,7C4575B79976B33D0B85CC1A0D7423E6,2023-10-16,Recommendation,2023-12-11,,Housekeeping,No Response,,6B712DA7B7CCF80851BEB06DE6C32E6C,FC089489555AEE7519548FF7F589F384,,True,0.0,False,,Housekeeping,188,138
Property,7C4575B79976B33D0B85CC1A0D7423E6,2023-11-01,Recommendation,2023-12-11,,Housekeeping,No Response,,6B712DA7B7CCF80851BEB06DE6C32E6C,FC089489555AEE7519548FF7F589F384,,True,0.0,False,,Housekeeping,188,138
Property,7C4575B79976B33D0B85CC1A0D7423E6,2023-11-01,Recommendation,2023-12-11,,Housekeeping,No Response,,6B712DA7B7CCF80851BEB06DE6C32E6C,FC089489555AEE7519548FF7F589F384,,True,0.0,False,,Housekeeping,188,138
Property,7C4575B79976B33D0B85CC1A0D7423E6,2023-11-01,Recommendation,2023-12-11,,Housekeeping,Completed Not Verified,,6B712DA7B7CCF80851BEB06DE6C32E6C,FC089489555AEE7519548FF7F589F384,,True,0.0,False,,Housekeeping,188,138
Property,7C4575B79976B33D0B85CC1A0D7423E6,2023-11-01,Recommendation,2023-12-11,,General_Maintenance,Completed Not Verified,,6B712DA7B7CCF80851BEB06DE6C32E6C,FC089489555AEE7519548FF7F589F384,,True,0.0,False,,Other,188,138
Property,7C4575B79976B33D0B85CC1A0D7423E6,2023-11-01,Requirement,2023-12-11,2024-01-31,Fire_Safety_Management,No Response,,6B712DA7B7CCF80851BEB06DE6C32E6C,FC089489555AEE7519548FF7F589F384,,True,566.0,True,51.0,Other,188,138
Property,7C4575B79976B33D0B85CC1A0D7423E6,2023-11-01,Recommendation,2023-12-11,,Housekeeping,No Response,,6B712DA7B7CCF80851BEB06DE6C32E6C,FC089489555AEE7519548FF7F589F384,,True,0.0,False,,Housekeeping,188,138
Property,7C4575B79976B33D0B85CC1A0D7423E6,2023-11-01,Recommendation,2023-12-11,,Contractor_Controls,No Response,,6B712DA7B7CCF80851BEB06DE6C32E6C,FC089489555AEE7519548FF7F589F384,,True,0.0,False,,Other,188,138
Property,7C4575B79976B33D0B85CC1A0D7423E6,2023-11-02,Requirement,2023-12-15,,Security,In Process,2024-01-10,6B712DA7B7CCF80851BEB06DE6C32E6C,FC089489555AEE7519548FF7F589F384,26.0,True,0.0,False,,Security,188,138
Property,7C4575B79976B33D0B85CC1A0D7423E6,2023-11-16,Requirement,2023-12-22,2024-01-31,General_Maintenance,No Response,,C17D19F7520BE36ADDBEB5D2C76AB7CF,FC089489555AEE7519548FF7F589F384,,True,566.0,True,40.0,Other,21,138
Property,7C4575B79976B33D0B85CC1A0D7423E6,2023-11-16,Requirement,2023-12-22,2024-01-31,Fire_Safety_Management,No Response,,C17D19F7520BE36ADDBEB5D2C76AB7CF,FC089489555AEE7519548FF7F589F384,,True,566.0,True,40.0,Other,21,138
Property,7C4575B79976B33D0B85CC1A0D7423E6,2023-11-16,Requirement,2023-12-22,2024-01-31,Fire_Safety_Management,No Response,,C17D19F7520BE36ADDBEB5D2C76AB7CF,FC089489555AEE7519548FF7F589F384,,True,566.0,True,40.0,Other,21,138
Property,7C4575B79976B33D0B85CC1A0D7423E6,2023-11-16,Requirement,2023-12-22,2024-01-31,Fire_Safety_Management,No Response,,C17D19F7520BE36ADDBEB5D2C76AB7CF,FC089489555AEE7519548FF7F589F384,,True,566.0,True,40.0,Other,21,138
Property,7C4575B79976B33D0B85CC1A0D7423E6,2023-11-16,Recommendation,2023-12-22,,Housekeeping,No Response,,C17D19F7520BE36ADDBEB5D2C76AB7CF,FC089489555AEE7519548FF7F589F384,,True,0.0,False,,Housekeeping,21,138
Property,7C4575B79976B33D0B85CC1A0D7423E6,2023-11-16,Requirement,2023-12-22,2023-01-31,General_Maintenance,No Response,,C17D19F7520BE36ADDBEB5D2C76AB7CF,FC089489555AEE7519548FF7F589F384,,True,931.0,True,-325.0,Other,21,138
Property,7C4575B79976B33D0B85CC1A0D7423E6,2023-11-16,Requirement,2023-12-22,2024-01-31,Fire_Safety_Management,No Response,,6B712DA7B7CCF80851BEB06DE6C32E6C,FC089489555AEE7519548FF7F589F384,,True,566.0,True,40.0,Other,188,138
Property,7C4575B79976B33D0B85CC1A0D7423E6,2023-11-16,Recommendation,2023-12-22,,Housekeeping,No Response,,6B712DA7B7CCF80851BEB06DE6C32E6C,FC089489555AEE7519548FF7F589F384,,True,0.0,False,,Housekeeping,188,138
Property,7C4575B79976B33D0B85CC1A0D7423E6,2023-11-20,Recommendation,2023-12-15,,General_Maintenance,No Response,,6B712DA7B7CCF80851BEB06DE6C32E6C,FC089489555AEE7519548FF7F589F384,,True,0.0,False,,Other,188,138
Property,7C4575B79976B33D0B85CC1A0D7423E6,2023-11-20,Recommendation,2023-12-15,,Fire_Safety_Management,No Response,,6B712DA7B7CCF80851BEB06DE6C32E6C,FC089489555AEE7519548FF7F589F384,,True,0.0,False,,Other,188,138
Property,7C4575B79976B33D0B85CC1A0D7423E6,2023-11-20,Recommendation,2023-12-15,,Housekeeping,No Response,,6B712DA7B7CCF80851BEB06DE6C32E6C,FC089489555AEE7519548FF7F589F384,,True,0.0,False,,Housekeeping,188,138
Property,7C4575B79976B33D0B85CC1A0D7423E6,2023-12-20,Requirement,2023-12-29,2024-02-29,Housekeeping,No Response,,47B79BD259E22596FFC4BE2FFBBE5C5A,FC089489555AEE7519548FF7F589F384,,True,537.0,True,62.0,Housekeeping,217,138
Property,7C4575B79976B33D0B85CC1A0D7423E6,2023-12-20,Requirement,2023-12-29,2024-02-29,Housekeeping,No Response,,47B79BD259E22596FFC4BE2FFBBE5C5A,FC089489555AEE7519548FF7F589F384,,True,537.0,True,62.0,Housekeeping,217,138
Property,7C4575B79976B33D0B85CC1A0D7423E6,2023-12-20,Requirement,2023-12-29,2024-02-29,Compartmentation,No Response,,47B79BD259E22596FFC4BE2FFBBE5C5A,FC089489555AEE7519548FF7F589F384,,True,537.0,True,62.0,Other,217,138
Property,7C4575B79976B33D0B85CC1A0D7423E6,2023-12-20,Requirement,2023-12-29,2024-02-29,Compartmentation,No Response,,47B79BD259E22596FFC4BE2FFBBE5C5A,FC089489555AEE7519548FF7F589F384,,True,537.0,True,62.0,Other,217,138
Property,7C4575B79976B33D0B85CC1A0D7423E6,2023-12-20,Requirement,2023-12-29,2024-02-29,Housekeeping,No Response,,47B79BD259E22596FFC4BE2FFBBE5C5A,FC089489555AEE7519548FF7F589F384,,True,537.0,True,62.0,Housekeeping,217,138
Property,7C4575B79976B33D0B85CC1A0D7423E6,2023-12-20,Recommendation,2023-12-29,,Housekeeping,No Response,,47B79BD259E22596FFC4BE2FFBBE5C5A,FC089489555AEE7519548FF7F589F384,,True,0.0,False,,Housekeeping,217,138
Property,7C4575B79976B33D0B85CC1A0D7423E6,2023-12-20,Requirement,2023-12-29,2024-02-29,Fire_Safety_Management,No Response,,47B79BD259E22596FFC4BE2FFBBE5C5A,FC089489555AEE7519548FF7F589F384,,True,537.0,True,62.0,Other,217,138
Property,7C4575B79976B33D0B85CC1A0D7423E6,2023-12-20,Requirement,2023-12-29,2024-02-29,Fire_Safety_Management,No Response,,47B79BD259E22596FFC4BE2FFBBE5C5A,FC089489555AEE7519548FF7F589F384,,True,537.0,True,62.0,Other,217,138
Property,7C4575B79976B33D0B85CC1A0D7423E6,2023-12-20,Requirement,2023-12-29,2024-02-29,Housekeeping,No Response,,47B79BD259E22596FFC4BE2FFBBE5C5A,FC089489555AEE7519548FF7F589F384,,True,537.0,True,62.0,Housekeeping,217,138
Property,7C4575B79976B33D0B85CC1A0D7423E6,2023-12-20,Requirement,2023-12-29,2024-02-29,Flammable_Liquids,No Response,,47B79BD259E22596FFC4BE2FFBBE5C5A,FC089489555AEE7519548FF7F589F384,,True,537.0,True,62.0,Other,217,138
Property,7C4575B79976B33D0B85CC1A0D7423E6,2023-12-20,Recommendation,2023-12-29,,Smoking,No Response,,47B79BD259E22596FFC4BE2FFBBE5C5A,FC089489555AEE7519548FF7F589F384,,True,0.0,False,,Combustibles,217,138
Property,7C4575B79976B33D0B85CC1A0D7423E6,2023-12-20,Requirement,2023-12-29,2024-03-31,General_Maintenance,No Response,,47B79BD259E22596FFC4BE2FFBBE5C5A,FC089489555AEE7519548FF7F589F384,,True,506.0,True,93.0,Other,217,138
Property,7C4575B79976B33D0B85CC1A0D7423E6,2023-12-20,Requirement,2023-12-29,2024-03-31,General_Maintenance,No Response,,47B79BD259E22596FFC4BE2FFBBE5C5A,FC089489555AEE7519548FF7F589F384,,True,506.0,True,93.0,Other,217,138
Property,7C4575B79976B33D0B85CC1A0D7423E6,2023-12-20,Requirement,2023-12-29,2024-03-31,General_Maintenance,No Response,,47B79BD259E22596FFC4BE2FFBBE5C5A,FC089489555AEE7519548FF7F589F384,,True,506.0,True,93.0,Other,217,138
Property,7C4575B79976B33D0B85CC1A0D7423E6,2024-03-11,Recommendation,2024-03-18,,Security,No Response,,47B79BD259E22596FFC4BE2FFBBE5C5A,FC089489555AEE7519548FF7F589F384,,True,0.0,False,,Security,217,138
Property,7C4575B79976B33D0B85CC1A0D7423E6,2024-03-11,Requirement,2024-01-18,2024-05-18,Electrical_Maintenance,No Response,,47B79BD259E22596FFC4BE2FFBBE5C5A,FC089489555AEE7519548FF7F589F384,,True,458.0,True,121.0,Other,217,138
Property,7C4575B79976B33D0B85CC1A0D7423E6,2024-03-11,Requirement,2024-03-18,2024-05-18,Compartmentation,No Response,,47B79BD259E22596FFC4BE2FFBBE5C5A,FC089489555AEE7519548FF7F589F384,,True,458.0,True,61.0,Other,217,138
Property,7C4575B79976B33D0B85CC1A0D7423E6,2024-03-12,Requirement,2024-03-19,2024-05-19,General_Maintenance,No Response,,47B79BD259E22596FFC4BE2FFBBE5C5A,FC089489555AEE7519548FF7F589F384,,True,457.0,True,61.0,Other,217,138
Property,7C4575B79976B33D0B85CC1A0D7423E6,2024-03-12,Recommendation,2024-03-19,,Electrical_Maintenance,No Response,,47B79BD259E22596FFC4BE2FFBBE5C5A,FC089489555AEE7519548FF7F589F384,,True,0.0,False,,Other,217,138
Property,7C4575B79976B33D0B85CC1A0D7423E6,2024-03-12,Recommendation,2024-03-19,,General_Maintenance,No Response,,47B79BD259E22596FFC4BE2FFBBE5C5A,FC089489555AEE7519548FF7F589F384,,True,0.0,False,,Other,217,138
Property,7C4575B79976B33D0B85CC1A0D7423E6,2024-03-12,Requirement,2024-03-19,2024-05-19,Compartmentation,No Response,,47B79BD259E22596FFC4BE2FFBBE5C5A,FC089489555AEE7519548FF7F589F384,,True,457.0,True,61.0,Other,217,138
Property,C2902EF6A4DBCDE310325CC97BF85884,2024-03-12,Requirement,2024-03-19,2024-05-19,Compartmentation,No Response,,47B79BD259E22596FFC4BE2FFBBE5C5A,FC089489555AEE7519548FF7F589F384,,True,457.0,True,61.0,Other,217,2
Property,C2902EF6A4DBCDE310325CC97BF85884,2024-03-12,Recommendation,2024-03-19,,General_Maintenance,No Response,,47B79BD259E22596FFC4BE2FFBBE5C5A,FC089489555AEE7519548FF7F589F384,,True,0.0,False,,Other,217,2
Motor,53AB12C89444EA876135A54F4C5019A4,2022-05-24,Recommendation,2022-06-29,2022-10-01,Fleet_Risk_Management,Completed Not Verified,,FBD1E7BA9564863B88D5C43CB833AFAF,D7FB95A565D5B96F24FD2A30A7231729,,True,1053.0,True,94.0,Other,414,4
Motor,53AB12C89444EA876135A54F4C5019A4,2022-05-24,Recommendation,2022-06-29,2022-10-01,Fleet_Risk_Management,No Plans Agreed,,FBD1E7BA9564863B88D5C43CB833AFAF,D7FB95A565D5B96F24FD2A30A7231729,,True,1053.0,True,94.0,Other,414,4
Motor,53AB12C89444EA876135A54F4C5019A4,2022-05-24,Recommendation,2022-06-29,2022-10-01,Fleet_Risk_Management,No Plans Agreed,,FBD1E7BA9564863B88D5C43CB833AFAF,D7FB95A565D5B96F24FD2A30A7231729,,True,1053.0,True,94.0,Other,414,4
Motor,53AB12C89444EA876135A54F4C5019A4,2022-05-24,Recommendation,2022-06-29,,Fleet_Risk_Management,No Plans Agreed,,FBD1E7BA9564863B88D5C43CB833AFAF,D7FB95A565D5B96F24FD2A30A7231729,,True,0.0,False,,Other,414,4
Property,0D2D4F70577BE80909A0B8C975C50236,2022-03-16,Recommendation,2022-08-03,,Sprinkler_Protection,Completed Not Verified,2022-12-20,5CE8266757B27623F18AB526111231B6,79CBA1185463850DEDBA31F172F1DC5B,139.0,True,0.0,False,,Other,310,11
Property,0D2D4F70577BE80909A0B8C975C50236,2022-03-16,Recommendation,2022-08-03,,External_Storage,Completed Not Verified,2022-12-20,5CE8266757B27623F18AB526111231B6,79CBA1185463850DEDBA31F172F1DC5B,139.0,True,0.0,False,,Other,310,11
Property,0D2D4F70577BE80909A0B8C975C50236,2022-03-16,Recommendation,2022-08-03,,Security,Completed Not Verified,2022-12-20,5CE8266757B27623F18AB526111231B6,79CBA1185463850DEDBA31F172F1DC5B,139.0,True,0.0,False,,Security,310,11
Property,0D2D4F70577BE80909A0B8C975C50236,2022-03-16,Recommendation,2022-08-03,,External_Storage,Completed Not Verified,2022-12-20,5CE8266757B27623F18AB526111231B6,79CBA1185463850DEDBA31F172F1DC5B,139.0,True,0.0,False,,Other,310,11
Property,0D2D4F70577BE80909A0B8C975C50236,2022-03-16,Recommendation,2022-08-03,,External_Storage,Completed Not Verified,2022-12-20,5CE8266757B27623F18AB526111231B6,79CBA1185463850DEDBA31F172F1DC5B,139.0,True,0.0,False,,Other,310,11
Property,0D2D4F70577BE80909A0B8C975C50236,2022-03-16,Recommendation,2022-08-03,,General_Maintenance,Completed Not Verified,2022-12-20,5CE8266757B27623F18AB526111231B6,79CBA1185463850DEDBA31F172F1DC5B,139.0,True,0.0,False,,Other,310,11
Property,0D2D4F70577BE80909A0B8C975C50236,2022-03-16,Recommendation,2022-08-03,,General_Maintenance,Completed Not Verified,2022-12-20,5CE8266757B27623F18AB526111231B6,79CBA1185463850DEDBA31F172F1DC5B,139.0,True,0.0,False,,Other,310,11
Property,0D2D4F70577BE80909A0B8C975C50236,2022-03-16,Recommendation,2022-08-03,,Flammable_liquids,Completed Not Verified,2022-12-20,5CE8266757B27623F18AB526111231B6,79CBA1185463850DEDBA31F172F1DC5B,139.0,True,0.0,False,,Other,310,11
Property,0D2D4F70577BE80909A0B8C975C50236,2022-03-16,Recommendation,2022-08-03,,Process_hazards,Completed Not Verified,2022-12-20,5CE8266757B27623F18AB526111231B6,79CBA1185463850DEDBA31F172F1DC5B,139.0,True,0.0,False,,Other,310,11
Property,0D2D4F70577BE80909A0B8C975C50236,2022-03-16,Recommendation,2022-08-03,,Sprinkler_Protection,Agreed Long Term,2022-12-20,5CE8266757B27623F18AB526111231B6,79CBA1185463850DEDBA31F172F1DC5B,139.0,True,0.0,False,,Other,310,11
Property,0D2D4F70577BE80909A0B8C975C50236,2022-03-16,Recommendation,2022-08-03,,Inspections,In Process,2022-12-20,5CE8266757B27623F18AB526111231B6,79CBA1185463850DEDBA31F172F1DC5B,139.0,True,0.0,False,,Other,310,11
Liability,E9507D7B9C156E2C0C15153DC2E2674A,2024-04-22,Requirement,2024-04-23,,Risk_Assessment,Completed Verified,,47B79BD259E22596FFC4BE2FFBBE5C5A,AC4A2766028A717FF89985BC85BF5E50,,True,0.0,False,,Other,217,2
Liability,E9507D7B9C156E2C0C15153DC2E2674A,2024-04-22,Recommendation,2024-04-23,,Process_Hazards,In Process,,47B79BD259E22596FFC4BE2FFBBE5C5A,AC4A2766028A717FF89985BC85BF5E50,,True,0.0,False,,Other,217,2
Property,61C0C05795B2501F43597E8B666C0D9E,2023-10-11,Requirement,2023-10-13,2023-11-09,Security,Completed Not Verified,,8D8FCC1ABD550C5F25DBFAA57D59CB67,7DC10E66DA5549D351765BD940B81BE9,,True,649.0,True,27.0,Security,208,1
Property,79DBD64181B9A69876144923482CEB6C,2021-11-01,Requirement,2021-11-15,2021-12-15,General_Maintenance,Completed Verified,2021-12-21,FBD1E7BA9564863B88D5C43CB833AFAF,94A990462684A2FBB5DFC7FAB1C8975D,36.0,True,1343.0,True,30.0,Other,414,21
Property,79DBD64181B9A69876144923482CEB6C,2021-11-01,Recommendation,2021-11-15,,Housekeeping,No Response,,FBD1E7BA9564863B88D5C43CB833AFAF,94A990462684A2FBB5DFC7FAB1C8975D,,True,0.0,False,,Housekeeping,414,21
Property,79DBD64181B9A69876144923482CEB6C,2021-11-01,Recommendation,2021-11-15,,Process_Hazards,No Response,,FBD1E7BA9564863B88D5C43CB833AFAF,94A990462684A2FBB5DFC7FAB1C8975D,,True,0.0,False,,Other,414,21
Property,79DBD64181B9A69876144923482CEB6C,2023-03-16,Requirement,2023-03-31,2023-06-30,Sprinkler_Protection,In Process,2023-07-19,FBD1E7BA9564863B88D5C43CB833AFAF,94A990462684A2FBB5DFC7FAB1C8975D,110.0,True,781.0,True,91.0,Other,414,21
Property,79DBD64181B9A69876144923482CEB6C,2023-03-16,Requirement,2023-03-31,2023-06-30,External_Storage,Under Review,2023-07-19,FBD1E7BA9564863B88D5C43CB833AFAF,94A990462684A2FBB5DFC7FAB1C8975D,110.0,True,781.0,True,91.0,Other,414,21
Property,79DBD64181B9A69876144923482CEB6C,2023-03-16,Requirement,2023-03-31,2023-06-30,General_Maintenance,In Process,2023-07-19,FBD1E7BA9564863B88D5C43CB833AFAF,94A990462684A2FBB5DFC7FAB1C8975D,110.0,True,781.0,True,91.0,Other,414,21
Property,79DBD64181B9A69876144923482CEB6C,2023-03-16,Requirement,2023-03-31,2023-06-30,Storage_Hazards,In Process,2023-07-19,FBD1E7BA9564863B88D5C43CB833AFAF,94A990462684A2FBB5DFC7FAB1C8975D,110.0,True,781.0,True,91.0,Other,414,21
Property,79DBD64181B9A69876144923482CEB6C,2023-03-16,Recommendation,2023-03-31,,Compartmentation,No Response,2023-07-19,FBD1E7BA9564863B88D5C43CB833AFAF,94A990462684A2FBB5DFC7FAB1C8975D,110.0,True,0.0,False,,Other,414,21
Property,79DBD64181B9A69876144923482CEB6C,2023-03-16,Requirement,2023-03-31,2023-06-30,Slips_Trips_Falls,Completed Verified,2023-07-19,FBD1E7BA9564863B88D5C43CB833AFAF,94A990462684A2FBB5DFC7FAB1C8975D,110.0,True,781.0,True,91.0,Other,414,21
Property,79DBD64181B9A69876144923482CEB6C,2023-03-16,Requirement,2023-03-31,2023-06-30,security,Completed Not Verified,2023-07-19,FBD1E7BA9564863B88D5C43CB833AFAF,94A990462684A2FBB5DFC7FAB1C8975D,110.0,True,781.0,True,91.0,Security,414,21
Property,79DBD64181B9A69876144923482CEB6C,2023-03-16,Requirement,2023-03-31,2023-06-30,General_Maintenance,Completed Not Verified,2023-07-19,FBD1E7BA9564863B88D5C43CB833AFAF,94A990462684A2FBB5DFC7FAB1C8975D,110.0,True,781.0,True,91.0,Other,414,21
Property,79DBD64181B9A69876144923482CEB6C,2023-03-16,Requirement,2023-03-31,2023-06-30,security,Completed Not Verified,2023-07-19,FBD1E7BA9564863B88D5C43CB833AFAF,94A990462684A2FBB5DFC7FAB1C8975D,110.0,True,781.0,True,91.0,Security,414,21
Property,79DBD64181B9A69876144923482CEB6C,2023-03-16,Requirement,2023-03-31,2023-06-30,External_Storage,Completed Not Verified,2023-07-19,FBD1E7BA9564863B88D5C43CB833AFAF,94A990462684A2FBB5DFC7FAB1C8975D,110.0,True,781.0,True,91.0,Other,414,21
Property,79DBD64181B9A69876144923482CEB6C,2023-03-16,Requirement,2023-03-31,2023-06-30,Storage_Hazards,Completed Not Verified,2023-07-19,FBD1E7BA9564863B88D5C43CB833AFAF,94A990462684A2FBB5DFC7FAB1C8975D,110.0,True,781.0,True,91.0,Other,414,21
Motor,79DBD64181B9A69876144923482CEB6C,2023-05-25,Recommendation,2023-06-06,,Fleet_Risk_Management,Under Review,2023-06-07,534AC75C2E8AC3E3FE7BC32BB8C6E34A,94A990462684A2FBB5DFC7FAB1C8975D,1.0,True,0.0,False,,Other,79,21
Motor,79DBD64181B9A69876144923482CEB6C,2023-05-25,Recommendation,2023-06-06,,Fire_Safety_Management,Under Review,2023-06-07,534AC75C2E8AC3E3FE7BC32BB8C6E34A,94A990462684A2FBB5DFC7FAB1C8975D,1.0,True,0.0,False,,Other,79,21
Motor,79DBD64181B9A69876144923482CEB6C,2023-05-25,Recommendation,2023-06-06,,Fleet_Risk_Management,Under Review,2023-06-07,534AC75C2E8AC3E3FE7BC32BB8C6E34A,94A990462684A2FBB5DFC7FAB1C8975D,1.0,True,0.0,False,,Other,79,21
Motor,79DBD64181B9A69876144923482CEB6C,2023-05-25,Recommendation,2023-06-06,,Fleet_Risk_Management,Under Review,2023-06-07,534AC75C2E8AC3E3FE7BC32BB8C6E34A,94A990462684A2FBB5DFC7FAB1C8975D,1.0,True,0.0,False,,Other,79,21
Motor,79DBD64181B9A69876144923482CEB6C,2023-05-25,Recommendation,2023-06-06,,Fleet_Risk_Management,Under Review,2023-06-07,534AC75C2E8AC3E3FE7BC32BB8C6E34A,94A990462684A2FBB5DFC7FAB1C8975D,1.0,True,0.0,False,,Other,79,21
Motor,79DBD64181B9A69876144923482CEB6C,2023-05-25,Recommendation,2023-06-06,,Fleet_Risk_Management,Under Review,2023-06-07,534AC75C2E8AC3E3FE7BC32BB8C6E34A,94A990462684A2FBB5DFC7FAB1C8975D,1.0,True,0.0,False,,Other,79,21
Motor,79DBD64181B9A69876144923482CEB6C,2023-05-25,Recommendation,2023-06-06,,Fleet_Risk_Management,Under Review,2023-06-07,534AC75C2E8AC3E3FE7BC32BB8C6E34A,94A990462684A2FBB5DFC7FAB1C8975D,1.0,True,0.0,False,,Other,79,21
Property,E42B88CC9EF2B5A2BBEB8C07377BF39B,2021-09-01,Recommendation,2022-04-22,,External_Storage,No Response,,6B712DA7B7CCF80851BEB06DE6C32E6C,24D22E03AFB23EDB45C6C8CFA16A280E,,True,0.0,False,,Other,188,3
Property,E42B88CC9EF2B5A2BBEB8C07377BF39B,2021-09-01,Recommendation,2022-04-22,,External_Storage,No Response,,6B712DA7B7CCF80851BEB06DE6C32E6C,24D22E03AFB23EDB45C6C8CFA16A280E,,True,0.0,False,,Other,188,3
Property,E42B88CC9EF2B5A2BBEB8C07377BF39B,2021-09-01,Recommendation,2022-04-22,,Construction,No Response,,6B712DA7B7CCF80851BEB06DE6C32E6C,24D22E03AFB23EDB45C6C8CFA16A280E,,True,0.0,False,,Other,188,3
Property,DE5218930A03AEE8882DBAB36E247C76,2024-01-25,Requirement,2024-02-15,2024-05-15,External_Storage,No Response,,FBD1E7BA9564863B88D5C43CB833AFAF,674769E3326F8CF937AF4282F2815C02,,True,461.0,True,90.0,Other,414,12
Property,DE5218930A03AEE8882DBAB36E247C76,,Requirement,2024-02-15,2024-05-15,Construction,No Response,,FBD1E7BA9564863B88D5C43CB833AFAF,674769E3326F8CF937AF4282F2815C02,,True,461.0,True,90.0,Other,414,12
Property,DE5218930A03AEE8882DBAB36E247C76,,Requirement,2024-02-15,2024-05-15,Electrical_Maintenance,No Response,,FBD1E7BA9564863B88D5C43CB833AFAF,674769E3326F8CF937AF4282F2815C02,,True,461.0,True,90.0,Other,414,12
Property,DE5218930A03AEE8882DBAB36E247C76,,Requirement,2024-02-15,2024-05-15,Process_Hazards,No Response,,FBD1E7BA9564863B88D5C43CB833AFAF,674769E3326F8CF937AF4282F2815C02,,True,461.0,True,90.0,Other,414,12
Property,DE5218930A03AEE8882DBAB36E247C76,2024-01-24,Requirement,2024-02-15,2024-05-15,Compartmentation,No Response,,FBD1E7BA9564863B88D5C43CB833AFAF,674769E3326F8CF937AF4282F2815C02,,True,461.0,True,90.0,Other,414,12
Property,DE5218930A03AEE8882DBAB36E247C76,2024-01-24,Requirement,2024-02-15,2024-05-15,General_Maintenance,No Response,,FBD1E7BA9564863B88D5C43CB833AFAF,674769E3326F8CF937AF4282F2815C02,,True,461.0,True,90.0,Other,414,12
Property,DE5218930A03AEE8882DBAB36E247C76,2024-01-24,Requirement,2024-02-15,2024-05-15,Housekeeping,No Response,,FBD1E7BA9564863B88D5C43CB833AFAF,674769E3326F8CF937AF4282F2815C02,,True,461.0,True,90.0,Housekeeping,414,12
Property,DE5218930A03AEE8882DBAB36E247C76,2024-01-24,Requirement,2024-02-15,2024-05-15,Compartmentation,No Response,,FBD1E7BA9564863B88D5C43CB833AFAF,674769E3326F8CF937AF4282F2815C02,,True,461.0,True,90.0,Other,414,12
Property,DE5218930A03AEE8882DBAB36E247C76,,Requirement,2024-02-15,2024-05-15,Process_Hazards,No Response,,FBD1E7BA9564863B88D5C43CB833AFAF,674769E3326F8CF937AF4282F2815C02,,True,461.0,True,90.0,Other,414,12
Property,DE5218930A03AEE8882DBAB36E247C76,,Requirement,2024-02-15,2024-05-15,General_Maintenance,No Response,,FBD1E7BA9564863B88D5C43CB833AFAF,674769E3326F8CF937AF4282F2815C02,,True,461.0,True,90.0,Other,414,12
Property,DE5218930A03AEE8882DBAB36E247C76,,Requirement,2024-02-15,2024-05-15,Electrical_Maintenance,No Response,,FBD1E7BA9564863B88D5C43CB833AFAF,674769E3326F8CF937AF4282F2815C02,,True,461.0,True,90.0,Other,414,12
Property,DE5218930A03AEE8882DBAB36E247C76,,Requirement,2024-02-15,2024-05-15,Compartmentation,No Response,,FBD1E7BA9564863B88D5C43CB833AFAF,674769E3326F8CF937AF4282F2815C02,,True,461.0,True,90.0,Other,414,12
Liability,225CB7E0402EA95CC2B049A948F93281,2024-04-29,Requirement,2024-04-30,2024-06-30,Fire_Safety_Management,In Process,,47B79BD259E22596FFC4BE2FFBBE5C5A,AA53CA0B650DFD85C4F59FA156F7A2CC,,True,415.0,True,61.0,Other,217,1
Property,DC582E6A26CC9B66388FFDC10D56DC32,2023-09-21,Requirement,2023-09-25,2023-10-16,Fire_Safety_Management,No Response,2023-10-16,8D8FCC1ABD550C5F25DBFAA57D59CB67,A06B33D1EA28E90733617EC889D4E76E,21.0,True,673.0,True,21.0,Other,208,10
Property,DC582E6A26CC9B66388FFDC10D56DC32,2023-09-21,Requirement,2023-09-25,2023-10-16,Fire_Safety_Management,No Response,2023-10-16,8D8FCC1ABD550C5F25DBFAA57D59CB67,A06B33D1EA28E90733617EC889D4E76E,21.0,True,673.0,True,21.0,Other,208,10
Property,DC582E6A26CC9B66388FFDC10D56DC32,2023-09-21,Requirement,2023-09-25,2023-10-16,Fire_Safety_Management,Completed Verified,2023-10-16,8D8FCC1ABD550C5F25DBFAA57D59CB67,A06B33D1EA28E90733617EC889D4E76E,21.0,True,673.0,True,21.0,Other,208,10
Property,DC582E6A26CC9B66388FFDC10D56DC32,2024-04-15,Recommendation,2024-04-16,,Automatic_Fire_Detection,In Process,,47B79BD259E22596FFC4BE2FFBBE5C5A,A06B33D1EA28E90733617EC889D4E76E,,True,0.0,False,,Other,217,10
Property,DC582E6A26CC9B66388FFDC10D56DC32,2024-04-15,Recommendation,2024-04-16,,External_Storage,In Process,,47B79BD259E22596FFC4BE2FFBBE5C5A,A06B33D1EA28E90733617EC889D4E76E,,True,0.0,False,,Other,217,10
Property,DC582E6A26CC9B66388FFDC10D56DC32,2024-04-15,Recommendation,2024-04-16,,Sprinkler_Protection,In Process,,47B79BD259E22596FFC4BE2FFBBE5C5A,A06B33D1EA28E90733617EC889D4E76E,,True,0.0,False,,Other,217,10
Property,DC582E6A26CC9B66388FFDC10D56DC32,2024-04-15,Requirement,2024-04-16,2024-05-16,Housekeeping,In Process,,47B79BD259E22596FFC4BE2FFBBE5C5A,A06B33D1EA28E90733617EC889D4E76E,,True,460.0,True,30.0,Housekeeping,217,10
Property,DC582E6A26CC9B66388FFDC10D56DC32,2024-04-15,Requirement,2024-04-16,2024-05-16,Automatic_Fire_Detection,In Process,,47B79BD259E22596FFC4BE2FFBBE5C5A,A06B33D1EA28E90733617EC889D4E76E,,True,460.0,True,30.0,Other,217,10
Property,DC582E6A26CC9B66388FFDC10D56DC32,2024-04-15,Requirement,2024-04-16,2024-06-16,Flammable_Liquids,In Process,,47B79BD259E22596FFC4BE2FFBBE5C5A,A06B33D1EA28E90733617EC889D4E76E,,True,429.0,True,61.0,Other,217,10
Property,DC582E6A26CC9B66388FFDC10D56DC32,2024-04-15,Recommendation,2024-04-16,,Special_Fixed_Fire_Protection,In Process,,47B79BD259E22596FFC4BE2FFBBE5C5A,A06B33D1EA28E90733617EC889D4E76E,,True,0.0,False,,Other,217,10
Motor,E3459FE055797B6B3C25BEB1C1AF097F,2023-01-17,Recommendation,2023-01-23,,Fleet_Risk_Management,In Process,,534AC75C2E8AC3E3FE7BC32BB8C6E34A,112C61A276D0376F2F6B25DD3A337B1D,,True,0.0,False,,Other,79,1
Property,4C18DA06FD573123786FF0BFE11AD1F7,2023-05-04,Recommendation,,,Special_Fixed_Fire_Protection,Under Review,2023-05-26,FBD1E7BA9564863B88D5C43CB833AFAF,1D7B33FC26CA22C2011AAA97FECC43D8,,True,0.0,False,,Other,414,5
Property,4C18DA06FD573123786FF0BFE11AD1F7,2023-05-04,Recommendation,,,Housekeeping,Under Review,2023-05-26,FBD1E7BA9564863B88D5C43CB833AFAF,1D7B33FC26CA22C2011AAA97FECC43D8,,True,0.0,False,,Housekeeping,414,5
Property,4C18DA06FD573123786FF0BFE11AD1F7,2023-05-04,Recommendation,,,Compartmentation,Under Review,2023-05-26,FBD1E7BA9564863B88D5C43CB833AFAF,1D7B33FC26CA22C2011AAA97FECC43D8,,True,0.0,False,,Other,414,5
Property,4C18DA06FD573123786FF0BFE11AD1F7,2023-05-04,Recommendation,,,Compartmentation,Under Review,2023-05-26,FBD1E7BA9564863B88D5C43CB833AFAF,1D7B33FC26CA22C2011AAA97FECC43D8,,True,0.0,False,,Other,414,5
Property,4C18DA06FD573123786FF0BFE11AD1F7,2023-05-04,Recommendation,,,Housekeeping,Under Review,2023-04-30,FBD1E7BA9564863B88D5C43CB833AFAF,1D7B33FC26CA22C2011AAA97FECC43D8,,True,0.0,False,,Housekeeping,414,5
Property,554DF5ABCC1EA9AFE5457906B5A61194,2023-05-04,Recommendation,,,Construction,Under Review,2023-05-26,FBD1E7BA9564863B88D5C43CB833AFAF,1D7B33FC26CA22C2011AAA97FECC43D8,,True,0.0,False,,Other,414,2
Property,554DF5ABCC1EA9AFE5457906B5A61194,2023-05-04,Recommendation,,,Compartmentation,Under Review,2023-04-30,FBD1E7BA9564863B88D5C43CB833AFAF,1D7B33FC26CA22C2011AAA97FECC43D8,,True,0.0,False,,Other,414,2
Property,82290C1B25257E03E9ABA1654545C871,2020-09-23,Recommendation,2020-10-01,,External_Storage,Completed Not Verified,2020-10-22,92A54B358B4CF53CCA4095E4697E1004,1D7B33FC26CA22C2011AAA97FECC43D8,21.0,True,0.0,False,,Other,254,11
Property,82290C1B25257E03E9ABA1654545C871,2020-09-23,Recommendation,2020-10-01,,Contractor_Controls,Completed Not Verified,2020-10-22,92A54B358B4CF53CCA4095E4697E1004,1D7B33FC26CA22C2011AAA97FECC43D8,21.0,True,0.0,False,,Other,254,11
Property,82290C1B25257E03E9ABA1654545C871,2020-09-23,Recommendation,2020-10-01,,Storage_Hazards,Completed Not Verified,2020-10-22,92A54B358B4CF53CCA4095E4697E1004,1D7B33FC26CA22C2011AAA97FECC43D8,21.0,True,0.0,False,,Other,254,11
Property,82290C1B25257E03E9ABA1654545C871,2020-09-23,Recommendation,2020-10-01,,Heating_and_Cooling,Completed Not Verified,2021-06-21,92A54B358B4CF53CCA4095E4697E1004,1D7B33FC26CA22C2011AAA97FECC43D8,263.0,True,0.0,False,,Other,254,11
Property,82290C1B25257E03E9ABA1654545C871,2020-09-23,Recommendation,2020-10-01,,Electrical_Maintenance,Completed Not Verified,2020-10-22,92A54B358B4CF53CCA4095E4697E1004,1D7B33FC26CA22C2011AAA97FECC43D8,21.0,True,0.0,False,,Other,254,11
Property,82290C1B25257E03E9ABA1654545C871,2020-09-23,Recommendation,2020-10-01,,General_Maintenance,Completed Verified,2020-10-22,92A54B358B4CF53CCA4095E4697E1004,1D7B33FC26CA22C2011AAA97FECC43D8,21.0,True,0.0,False,,Other,254,11
Property,82290C1B25257E03E9ABA1654545C871,2020-09-23,Recommendation,2020-10-01,,Automatic_Fire_Detection,Completed Not Verified,2020-10-22,92A54B358B4CF53CCA4095E4697E1004,1D7B33FC26CA22C2011AAA97FECC43D8,21.0,True,0.0,False,,Other,254,11
Property,82290C1B25257E03E9ABA1654545C871,2020-09-23,Recommendation,2020-10-01,,Flammable_Liquids,In Process,2021-06-22,92A54B358B4CF53CCA4095E4697E1004,1D7B33FC26CA22C2011AAA97FECC43D8,264.0,True,0.0,False,,Other,254,11
Property,82290C1B25257E03E9ABA1654545C871,2020-09-23,Recommendation,2020-10-01,,Management_of_Change,Agreed Long Term,2020-10-22,92A54B358B4CF53CCA4095E4697E1004,1D7B33FC26CA22C2011AAA97FECC43D8,21.0,True,0.0,False,,Other,254,11
Property,82290C1B25257E03E9ABA1654545C871,2020-09-23,Recommendation,2020-10-01,,External_Storage,In Process,2020-10-22,92A54B358B4CF53CCA4095E4697E1004,1D7B33FC26CA22C2011AAA97FECC43D8,21.0,True,0.0,False,,Other,254,11
Property,82290C1B25257E03E9ABA1654545C871,2021-10-14,Recommendation,2021-10-25,,Flammable_Liquids,Under Review,2021-11-12,92A54B358B4CF53CCA4095E4697E1004,1D7B33FC26CA22C2011AAA97FECC43D8,18.0,True,0.0,False,,Other,254,11
Liability,A579AB445825306A5FCAFF7E47E1916E,2023-02-13,Recommendation,2023-03-01,,Process_Hazards,No Response,2023-08-31,5CE8266757B27623F18AB526111231B6,1D50EEEE3AA774EB670B89AE648FC40C,183.0,True,0.0,False,,Other,310,6
Property,A579AB445825306A5FCAFF7E47E1916E,2023-02-13,Recommendation,2023-03-01,,Automatic_Fire_Detection,No Response,2023-08-31,5CE8266757B27623F18AB526111231B6,1D50EEEE3AA774EB670B89AE648FC40C,183.0,True,0.0,False,,Other,310,6
Property,A579AB445825306A5FCAFF7E47E1916E,2023-02-13,Recommendation,2023-03-01,,External_Storage,No Response,2023-08-31,5CE8266757B27623F18AB526111231B6,1D50EEEE3AA774EB670B89AE648FC40C,183.0,True,0.0,False,,Other,310,6
Property,A579AB445825306A5FCAFF7E47E1916E,2023-02-13,Recommendation,2023-03-01,,Security,No Response,2023-08-31,5CE8266757B27623F18AB526111231B6,1D50EEEE3AA774EB670B89AE648FC40C,183.0,True,0.0,False,,Security,310,6
Liability,A579AB445825306A5FCAFF7E47E1916E,2023-02-13,Recommendation,2023-03-01,,Manual Handling,No Response,2023-08-31,5CE8266757B27623F18AB526111231B6,1D50EEEE3AA774EB670B89AE648FC40C,183.0,True,0.0,False,,Other,310,6
Liability,A579AB445825306A5FCAFF7E47E1916E,2023-02-13,Recommendation,2023-03-01,,Accidents/Incidents,No Response,2023-08-31,5CE8266757B27623F18AB526111231B6,1D50EEEE3AA774EB670B89AE648FC40C,183.0,True,0.0,False,,Other,310,6
Property,96F90B80976D30D8995C21CC626441D5,2023-11-28,Requirement,2024-02-07,2024-06-07,Sprinkler_Protection,Completed Not Verified,,47B79BD259E22596FFC4BE2FFBBE5C5A,F4A5F77DBC261A64BD853D05F8410365,,True,438.0,True,121.0,Other,217,11
Property,96F90B80976D30D8995C21CC626441D5,2023-11-28,Requirement,2024-02-07,2024-04-07,Automatic_Fire_Detection,Completed Not Verified,,47B79BD259E22596FFC4BE2FFBBE5C5A,F4A5F77DBC261A64BD853D05F8410365,,True,499.0,True,60.0,Other,217,11
Property,96F90B80976D30D8995C21CC626441D5,2023-11-28,Requirement,2024-02-07,2024-05-07,Compartmentation,Under Review,,47B79BD259E22596FFC4BE2FFBBE5C5A,F4A5F77DBC261A64BD853D05F8410365,,True,469.0,True,90.0,Other,217,11
Property,96F90B80976D30D8995C21CC626441D5,2023-11-28,Requirement,2024-02-07,2024-04-07,Fire_Safety_Management,Completed Not Verified,,47B79BD259E22596FFC4BE2FFBBE5C5A,F4A5F77DBC261A64BD853D05F8410365,,True,499.0,True,60.0,Other,217,11
Property,96F90B80976D30D8995C21CC626441D5,2023-11-28,Requirement,2024-02-07,2024-05-07,Electrical_Maintenance,Completed Not Verified,,47B79BD259E22596FFC4BE2FFBBE5C5A,F4A5F77DBC261A64BD853D05F8410365,,True,469.0,True,90.0,Other,217,11
Property,96F90B80976D30D8995C21CC626441D5,2023-11-28,Requirement,2024-02-07,2024-06-07,General_Maintenance,Under Review,,47B79BD259E22596FFC4BE2FFBBE5C5A,F4A5F77DBC261A64BD853D05F8410365,,True,438.0,True,121.0,Other,217,11
Property,96F90B80976D30D8995C21CC626441D5,2023-11-28,Requirement,2024-02-07,2024-06-07,Process_Hazards,Under Review,,47B79BD259E22596FFC4BE2FFBBE5C5A,F4A5F77DBC261A64BD853D05F8410365,,True,438.0,True,121.0,Other,217,11
Property,96F90B80976D30D8995C21CC626441D5,2023-11-28,Recommendation,2024-02-07,,Management_of_Change,Under Review,,47B79BD259E22596FFC4BE2FFBBE5C5A,F4A5F77DBC261A64BD853D05F8410365,,True,0.0,False,,Other,217,11
Property,96F90B80976D30D8995C21CC626441D5,2023-11-28,Recommendation,2024-02-07,,Process_Hazards,Under Review,,47B79BD259E22596FFC4BE2FFBBE5C5A,F4A5F77DBC261A64BD853D05F8410365,,True,0.0,False,,Other,217,11
Liability,96F90B80976D30D8995C21CC626441D5,2023-11-28,Requirement,2024-01-31,2024-04-30,Storage_Hazards,In Process,,47B79BD259E22596FFC4BE2FFBBE5C5A,F4A5F77DBC261A64BD853D05F8410365,,True,476.0,True,90.0,Other,217,11
Liability,96F90B80976D30D8995C21CC626441D5,2023-11-28,Requirement,2024-01-31,2024-04-30,Work_at_Height,No Response,,47B79BD259E22596FFC4BE2FFBBE5C5A,F4A5F77DBC261A64BD853D05F8410365,,True,476.0,True,90.0,Other,217,11
Liability,19ECE731145BB81EB66BEB4CB89D2AD3,2023-01-31,Recommendation,2023-02-01,,Claims_Defensibility,No Plans Agreed,2023-02-01,90581D96B500FD2D3FD701A583409CB8,D3D4C5DEB455AC79DD5FF47C88BD65D9,0.0,True,0.0,False,,Other,34,2
Liability,19ECE731145BB81EB66BEB4CB89D2AD3,2023-01-31,Recommendation,2023-02-01,,Claims_Defensibility,No Plans Agreed,2023-02-01,90581D96B500FD2D3FD701A583409CB8,D3D4C5DEB455AC79DD5FF47C88BD65D9,0.0,True,0.0,False,,Other,34,2
Liability,0E4FC79E214CB0368862B410AA4D14D5,2022-10-20,Recommendation,2022-11-15,,General_Maintenance,In Process,2023-04-04,6B712DA7B7CCF80851BEB06DE6C32E6C,D3D4C5DEB455AC79DD5FF47C88BD65D9,140.0,True,0.0,False,,Other,188,6
Liability,0E4FC79E214CB0368862B410AA4D14D5,2022-10-20,Recommendation,2022-11-15,,Security,No Plans,2023-04-04,6B712DA7B7CCF80851BEB06DE6C32E6C,D3D4C5DEB455AC79DD5FF47C88BD65D9,140.0,True,0.0,False,,Security,188,6
Liability,0E4FC79E214CB0368862B410AA4D14D5,2022-10-20,Recommendation,2022-11-15,,Fire_Safety_Management,Completed Not Verified,2023-04-04,6B712DA7B7CCF80851BEB06DE6C32E6C,D3D4C5DEB455AC79DD5FF47C88BD65D9,140.0,True,0.0,False,,Other,188,6
Liability,0E4FC79E214CB0368862B410AA4D14D5,2022-10-20,Recommendation,2022-11-15,,Work_at_Height,Completed Not Verified,2023-04-04,6B712DA7B7CCF80851BEB06DE6C32E6C,D3D4C5DEB455AC79DD5FF47C88BD65D9,140.0,True,0.0,False,,Other,188,6
Liability,0E4FC79E214CB0368862B410AA4D14D5,2023-06-06,Recommendation,2023-06-16,,Safe_Systems_of_Work,In Process,2023-07-07,6B712DA7B7CCF80851BEB06DE6C32E6C,D3D4C5DEB455AC79DD5FF47C88BD65D9,21.0,True,0.0,False,,Other,188,6
Liability,0E4FC79E214CB0368862B410AA4D14D5,2023-06-06,Requirement,2023-06-16,2023-06-30,Fire_Safety_Management,Completed Not Verified,2023-07-07,6B712DA7B7CCF80851BEB06DE6C32E6C,D3D4C5DEB455AC79DD5FF47C88BD65D9,21.0,True,781.0,True,14.0,Other,188,6
Motor,91725343E78C39E9AE2C08985327A86E,2022-06-27,Recommendation,2022-09-02,2022-12-02,Fleet_Risk_Management,No Plans Agreed,,FBD1E7BA9564863B88D5C43CB833AFAF,A06B33D1EA28E90733617EC889D4E76E,,True,991.0,True,91.0,Other,414,3
Motor,91725343E78C39E9AE2C08985327A86E,2022-06-27,Recommendation,2022-09-02,2022-12-02,Fleet_Risk_Management,No Plans Agreed,,FBD1E7BA9564863B88D5C43CB833AFAF,A06B33D1EA28E90733617EC889D4E76E,,True,991.0,True,91.0,Other,414,3
Motor,91725343E78C39E9AE2C08985327A86E,2022-06-27,Recommendation,2022-09-02,2022-12-02,Fleet_Risk_Management,No Plans Agreed,,FBD1E7BA9564863B88D5C43CB833AFAF,A06B33D1EA28E90733617EC889D4E76E,,True,991.0,True,91.0,Other,414,3
Liability,5384155036E6B9339BEB7863DC789DED,2023-07-28,Requirement,,2023-09-10,Workplace_Transport,In Process,2023-08-10,90581D96B500FD2D3FD701A583409CB8,AA53CA0B650DFD85C4F59FA156F7A2CC,,True,709.0,True,,Other,34,4
Liability,5384155036E6B9339BEB7863DC789DED,2023-07-28,Requirement,,2023-09-10,Workplace_Transport,In Process,2023-08-10,90581D96B500FD2D3FD701A583409CB8,AA53CA0B650DFD85C4F59FA156F7A2CC,,True,709.0,True,,Other,34,4
Liability,5384155036E6B9339BEB7863DC789DED,2023-07-28,Requirement,,2023-09-10,Workplace_Transport,In Process,2023-08-10,90581D96B500FD2D3FD701A583409CB8,AA53CA0B650DFD85C4F59FA156F7A2CC,,True,709.0,True,,Other,34,4
Liability,5384155036E6B9339BEB7863DC789DED,2023-07-28,Recommendation,,2023-09-10,Housekeeping,No Plans Agreed,2023-08-10,90581D96B500FD2D3FD701A583409CB8,AA53CA0B650DFD85C4F59FA156F7A2CC,,True,709.0,True,,Housekeeping,34,4
Motor,C1924BBA6B969532BCED1066482E2B91,2021-10-13,Recommendation,2021-10-13,,Fleet_Risk_Management,No Plans Agreed,2022-09-05,FBD1E7BA9564863B88D5C43CB833AFAF,24D22E03AFB23EDB45C6C8CFA16A280E,327.0,True,0.0,False,,Other,414,5
Motor,C1924BBA6B969532BCED1066482E2B91,2021-10-13,Recommendation,2021-10-13,,Fleet_Risk_Management,No Plans Agreed,2022-09-05,FBD1E7BA9564863B88D5C43CB833AFAF,24D22E03AFB23EDB45C6C8CFA16A280E,327.0,True,0.0,False,,Other,414,5
Motor,C1924BBA6B969532BCED1066482E2B91,2021-10-13,Recommendation,2021-10-13,,Fleet_Risk_Management,No Plans Agreed,2022-09-05,FBD1E7BA9564863B88D5C43CB833AFAF,24D22E03AFB23EDB45C6C8CFA16A280E,327.0,True,0.0,False,,Other,414,5
Motor,C1924BBA6B969532BCED1066482E2B91,2021-10-13,Recommendation,2021-10-13,,Fleet_Risk_Management,No Plans Agreed,2022-09-05,FBD1E7BA9564863B88D5C43CB833AFAF,24D22E03AFB23EDB45C6C8CFA16A280E,327.0,True,0.0,False,,Other,414,5
Motor,C1924BBA6B969532BCED1066482E2B91,2021-10-13,Recommendation,2021-10-13,,Fleet_Risk_Management,No Plans Agreed,2022-09-05,FBD1E7BA9564863B88D5C43CB833AFAF,24D22E03AFB23EDB45C6C8CFA16A280E,327.0,True,0.0,False,,Other,414,5
Property,E24FE6724953FB925EEBFEA7B2AF0E9A,2023-12-07,Recommendation,2024-05-08,,Housekeeping,In Process,,24D22E03AFB23EDB45C6C8CFA16A280E,24D22E03AFB23EDB45C6C8CFA16A280E,,True,0.0,False,,Housekeeping,23,2
Property,E24FE6724953FB925EEBFEA7B2AF0E9A,2023-12-07,Recommendation,2024-05-08,,Maintenance,In Process,,24D22E03AFB23EDB45C6C8CFA16A280E,24D22E03AFB23EDB45C6C8CFA16A280E,,True,0.0,False,,Maintenance,23,2
Property,E4F67A9E419B4ABA5ECC41DA67CAE337,2024-06-13,Requirement,2024-06-17,2024-08-17,Construction,In Process,,47B79BD259E22596FFC4BE2FFBBE5C5A,C6A0E7C2E78CED7F024313CB92B897A3,,True,367.0,True,61.0,Other,217,5
Property,E4F67A9E419B4ABA5ECC41DA67CAE337,2024-06-13,Requirement,2024-06-17,2024-08-17,Process_Hazards,In Process,,47B79BD259E22596FFC4BE2FFBBE5C5A,C6A0E7C2E78CED7F024313CB92B897A3,,True,367.0,True,61.0,Other,217,5
Property,E4F67A9E419B4ABA5ECC41DA67CAE337,2024-06-13,Requirement,2024-06-17,,Security,In Process,,47B79BD259E22596FFC4BE2FFBBE5C5A,C6A0E7C2E78CED7F024313CB92B897A3,,True,0.0,False,,Security,217,5
Property,E4F67A9E419B4ABA5ECC41DA67CAE337,2024-06-13,Requirement,2024-06-17,,Business_Continuity,In Process,,47B79BD259E22596FFC4BE2FFBBE5C5A,C6A0E7C2E78CED7F024313CB92B897A3,,True,0.0,False,,Other,217,5
Property,E4F67A9E419B4ABA5ECC41DA67CAE337,2024-06-13,Recommendation,2024-06-17,,Maintenance,In Process,,47B79BD259E22596FFC4BE2FFBBE5C5A,C6A0E7C2E78CED7F024313CB92B897A3,,True,0.0,False,,Maintenance,217,5
Property,391FC6941144C7547F5EE50BE7F61C2E,2023-09-21,Requirement,2023-10-10,2023-12-10,Management_of_Change,No Response,,FBD1E7BA9564863B88D5C43CB833AFAF,DEAA993ADB5BB29DE13F501A8E623BE4,,True,618.0,True,61.0,Other,414,12
Property,391FC6941144C7547F5EE50BE7F61C2E,2023-09-21,Requirement,2023-10-10,2023-12-10,Security,No Response,,FBD1E7BA9564863B88D5C43CB833AFAF,DEAA993ADB5BB29DE13F501A8E623BE4,,True,618.0,True,61.0,Security,414,12
Property,391FC6941144C7547F5EE50BE7F61C2E,2023-09-21,Requirement,2023-10-10,2023-12-10,Security,No Response,,FBD1E7BA9564863B88D5C43CB833AFAF,DEAA993ADB5BB29DE13F501A8E623BE4,,True,618.0,True,61.0,Security,414,12
Property,391FC6941144C7547F5EE50BE7F61C2E,2023-09-21,Requirement,2023-10-10,2024-01-10,Security,No Response,,FBD1E7BA9564863B88D5C43CB833AFAF,DEAA993ADB5BB29DE13F501A8E623BE4,,True,587.0,True,92.0,Security,414,12
Property,391FC6941144C7547F5EE50BE7F61C2E,2023-09-21,Requirement,2023-10-10,2023-12-10,Security,No Response,,FBD1E7BA9564863B88D5C43CB833AFAF,DEAA993ADB5BB29DE13F501A8E623BE4,,True,618.0,True,61.0,Security,414,12
Property,391FC6941144C7547F5EE50BE7F61C2E,2023-09-21,Requirement,2023-10-10,2023-12-10,Security,No Response,,FBD1E7BA9564863B88D5C43CB833AFAF,DEAA993ADB5BB29DE13F501A8E623BE4,,True,618.0,True,61.0,Security,414,12
Property,391FC6941144C7547F5EE50BE7F61C2E,2023-09-21,Requirement,2023-10-10,2023-12-10,Security,No Response,,FBD1E7BA9564863B88D5C43CB833AFAF,DEAA993ADB5BB29DE13F501A8E623BE4,,True,618.0,True,61.0,Security,414,12
Property,391FC6941144C7547F5EE50BE7F61C2E,2023-09-21,Requirement,2023-10-10,2024-01-10,Security,No Response,,FBD1E7BA9564863B88D5C43CB833AFAF,DEAA993ADB5BB29DE13F501A8E623BE4,,True,587.0,True,92.0,Security,414,12
Property,391FC6941144C7547F5EE50BE7F61C2E,2023-09-21,Requirement,2023-10-10,2024-01-10,Security,No Response,,FBD1E7BA9564863B88D5C43CB833AFAF,DEAA993ADB5BB29DE13F501A8E623BE4,,True,587.0,True,92.0,Security,414,12
Property,391FC6941144C7547F5EE50BE7F61C2E,2023-09-21,Requirement,2023-10-10,2023-12-10,Security,No Response,,FBD1E7BA9564863B88D5C43CB833AFAF,DEAA993ADB5BB29DE13F501A8E623BE4,,True,618.0,True,61.0,Security,414,12
Property,391FC6941144C7547F5EE50BE7F61C2E,2023-09-21,Requirement,2023-10-10,2023-12-10,Security,No Response,,FBD1E7BA9564863B88D5C43CB833AFAF,DEAA993ADB5BB29DE13F501A8E623BE4,,True,618.0,True,61.0,Security,414,12
Property,391FC6941144C7547F5EE50BE7F61C2E,2023-09-21,Recommendation,2023-10-10,,Security,No Response,,FBD1E7BA9564863B88D5C43CB833AFAF,DEAA993ADB5BB29DE13F501A8E623BE4,,True,0.0,False,,Security,414,12
Motor,957A4F46ABEB8758A3A936F258267E0D,2022-08-25,Recommendation,2022-09-14,,Fleet_Risk_Management,Completed Verified,2022-09-14,534AC75C2E8AC3E3FE7BC32BB8C6E34A,A12A3079E14CED46E69BA52B8A90B21A,0.0,True,0.0,False,,Other,79,2
Motor,957A4F46ABEB8758A3A936F258267E0D,2022-08-25,Recommendation,2022-09-14,,Fleet_Risk_Management,Completed Verified,2022-09-14,534AC75C2E8AC3E3FE7BC32BB8C6E34A,A12A3079E14CED46E69BA52B8A90B21A,0.0,True,0.0,False,,Other,79,2
Property,917F2B2EC7090C3A3671A146714DF1D9,2024-02-15,Recommendation,2024-02-20,,Management_of_Change,No Response,,47B79BD259E22596FFC4BE2FFBBE5C5A,3138B8E6061FDF7CFAAA79279175CBCD,,True,0.0,False,,Other,217,2
Property,917F2B2EC7090C3A3671A146714DF1D9,2024-02-15,Recommendation,2024-02-20,,Business_Continuity,No Response,,47B79BD259E22596FFC4BE2FFBBE5C5A,3138B8E6061FDF7CFAAA79279175CBCD,,True,0.0,False,,Other,217,2
Motor,3920FE25681A234738A27DC116266FF0,2024-01-10,Requirement,2024-02-27,2024-06-27,Fleet_Risk_Management,No Response,,534AC75C2E8AC3E3FE7BC32BB8C6E34A,C556331DE98FF0977430DADE00C6C714,,True,418.0,True,121.0,Other,79,8
Motor,3920FE25681A234738A27DC116266FF0,2024-01-10,Requirement,2024-02-27,2024-06-27,Fleet_Risk_Management,No Response,,534AC75C2E8AC3E3FE7BC32BB8C6E34A,C556331DE98FF0977430DADE00C6C714,,True,418.0,True,121.0,Other,79,8
Motor,3920FE25681A234738A27DC116266FF0,2024-01-10,Requirement,2024-02-27,2024-06-27,Fleet_Risk_Management,No Response,,534AC75C2E8AC3E3FE7BC32BB8C6E34A,C556331DE98FF0977430DADE00C6C714,,True,418.0,True,121.0,Other,79,8
Motor,3920FE25681A234738A27DC116266FF0,2024-01-10,Requirement,2024-02-27,2024-06-27,Fleet_Risk_Management,No Response,,534AC75C2E8AC3E3FE7BC32BB8C6E34A,C556331DE98FF0977430DADE00C6C714,,True,418.0,True,121.0,Other,79,8
Motor,3920FE25681A234738A27DC116266FF0,2024-01-10,Requirement,2024-02-27,2024-06-27,Fleet_Risk_Management,No Response,,534AC75C2E8AC3E3FE7BC32BB8C6E34A,C556331DE98FF0977430DADE00C6C714,,True,418.0,True,121.0,Other,79,8
Motor,3920FE25681A234738A27DC116266FF0,2024-01-10,Requirement,2024-02-27,2024-06-27,Fleet_Risk_Management,No Response,,534AC75C2E8AC3E3FE7BC32BB8C6E34A,C556331DE98FF0977430DADE00C6C714,,True,418.0,True,121.0,Other,79,8
Motor,3920FE25681A234738A27DC116266FF0,2024-01-10,Requirement,2024-02-27,2024-06-27,Fleet_Risk_Management,No Response,,534AC75C2E8AC3E3FE7BC32BB8C6E34A,C556331DE98FF0977430DADE00C6C714,,True,418.0,True,121.0,Other,79,8
Motor,3920FE25681A234738A27DC116266FF0,2024-01-10,Requirement,2024-02-27,2024-06-27,Fleet_Risk_Management,No Response,,534AC75C2E8AC3E3FE7BC32BB8C6E34A,C556331DE98FF0977430DADE00C6C714,,True,418.0,True,121.0,Other,79,8
Property,3A12285FD5EFF76216A9F8D3182FB645,2022-07-14,Requirement,2022-09-15,2022-12-15,Compartmentation,Completed Not Verified,2022-12-01,FBD1E7BA9564863B88D5C43CB833AFAF,A06B33D1EA28E90733617EC889D4E76E,77.0,True,978.0,True,91.0,Other,414,8
Property,3A12285FD5EFF76216A9F8D3182FB645,2022-07-14,Requirement,2022-09-15,2022-12-15,Security,No Plans Agreed,2022-12-01,FBD1E7BA9564863B88D5C43CB833AFAF,A06B33D1EA28E90733617EC889D4E76E,77.0,True,978.0,True,91.0,Security,414,8
Property,3A12285FD5EFF76216A9F8D3182FB645,2022-07-14,Requirement,2022-09-15,2022-12-15,housekeeping,Completed Verified,2022-12-01,FBD1E7BA9564863B88D5C43CB833AFAF,A06B33D1EA28E90733617EC889D4E76E,77.0,True,978.0,True,91.0,Housekeeping,414,8
Property,3A12285FD5EFF76216A9F8D3182FB645,2022-07-14,Requirement,2022-09-15,2022-12-15,Compartmentation,Completed Not Verified,2022-12-01,FBD1E7BA9564863B88D5C43CB833AFAF,A06B33D1EA28E90733617EC889D4E76E,77.0,True,978.0,True,91.0,Other,414,8
Property,3A12285FD5EFF76216A9F8D3182FB645,2022-07-14,Requirement,2022-09-15,2022-12-15,housekeeping,Completed Not Verified,2022-12-01,FBD1E7BA9564863B88D5C43CB833AFAF,A06B33D1EA28E90733617EC889D4E76E,77.0,True,978.0,True,91.0,Housekeeping,414,8
Property,3A12285FD5EFF76216A9F8D3182FB645,2022-07-14,Recommendation,2022-09-15,,Electrical_Maintenance,Completed Not Verified,2022-12-01,FBD1E7BA9564863B88D5C43CB833AFAF,A06B33D1EA28E90733617EC889D4E76E,77.0,True,0.0,False,,Other,414,8
Property,3A12285FD5EFF76216A9F8D3182FB645,2022-07-14,Requirement,2022-09-15,2022-12-15,Compartmentation,In Process,2022-12-01,FBD1E7BA9564863B88D5C43CB833AFAF,A06B33D1EA28E90733617EC889D4E76E,77.0,True,978.0,True,91.0,Other,414,8
Property,3A12285FD5EFF76216A9F8D3182FB645,2022-07-14,Requirement,2022-09-15,2022-12-15,housekeeping,In Process,2022-12-01,FBD1E7BA9564863B88D5C43CB833AFAF,A06B33D1EA28E90733617EC889D4E76E,77.0,True,978.0,True,91.0,Housekeeping,414,8
Property,46E0BD8C9A74B740A46050515256260B,2022-07-14,Requirement,2022-09-15,2022-12-15,Maintenance,Completed Not Verified,2023-07-13,FBD1E7BA9564863B88D5C43CB833AFAF,A06B33D1EA28E90733617EC889D4E76E,301.0,True,978.0,True,91.0,Maintenance,414,38
Property,46E0BD8C9A74B740A46050515256260B,2022-07-14,Requirement,2022-09-15,2022-12-15,Housekeeping,Completed Not Verified,2023-07-13,FBD1E7BA9564863B88D5C43CB833AFAF,A06B33D1EA28E90733617EC889D4E76E,301.0,True,978.0,True,91.0,Housekeeping,414,38
Property,46E0BD8C9A74B740A46050515256260B,2022-07-14,Requirement,2022-09-15,2022-12-15,Housekeeping,Completed Verified,2022-12-15,FBD1E7BA9564863B88D5C43CB833AFAF,A06B33D1EA28E90733617EC889D4E76E,91.0,True,978.0,True,91.0,Housekeeping,414,38
Property,46E0BD8C9A74B740A46050515256260B,2022-07-14,Requirement,2022-09-15,2022-12-15,Compartmentation,Completed Verified,2022-12-15,FBD1E7BA9564863B88D5C43CB833AFAF,A06B33D1EA28E90733617EC889D4E76E,91.0,True,978.0,True,91.0,Other,414,38
Property,46E0BD8C9A74B740A46050515256260B,2022-07-14,Requirement,2022-09-15,2022-12-15,process_Hazards,Completed Verified,2023-07-13,FBD1E7BA9564863B88D5C43CB833AFAF,A06B33D1EA28E90733617EC889D4E76E,301.0,True,978.0,True,91.0,Other,414,38
Property,46E0BD8C9A74B740A46050515256260B,2022-07-14,Recommendation,2022-09-15,,General_Maintenance,No Response,,FBD1E7BA9564863B88D5C43CB833AFAF,A06B33D1EA28E90733617EC889D4E76E,,True,0.0,False,,Other,414,38
Property,46E0BD8C9A74B740A46050515256260B,2022-07-14,Requirement,2022-09-15,2022-12-15,housekeeping,In Process,2023-07-13,FBD1E7BA9564863B88D5C43CB833AFAF,A06B33D1EA28E90733617EC889D4E76E,301.0,True,978.0,True,91.0,Housekeeping,414,38
Property,46E0BD8C9A74B740A46050515256260B,2022-07-14,Requirement,2022-09-15,2022-12-15,General_Maintenance,In Process,2023-07-13,FBD1E7BA9564863B88D5C43CB833AFAF,A06B33D1EA28E90733617EC889D4E76E,301.0,True,978.0,True,91.0,Other,414,38
Property,46E0BD8C9A74B740A46050515256260B,2022-07-14,Requirement,2022-09-15,2022-12-15,Compartmentation,In Process,2023-07-13,FBD1E7BA9564863B88D5C43CB833AFAF,A06B33D1EA28E90733617EC889D4E76E,301.0,True,978.0,True,91.0,Other,414,38
Property,46E0BD8C9A74B740A46050515256260B,2022-07-15,Requirement,2022-09-15,2022-12-15,housekeeping,Completed Not Verified,2023-07-13,FBD1E7BA9564863B88D5C43CB833AFAF,A06B33D1EA28E90733617EC889D4E76E,301.0,True,978.0,True,91.0,Housekeeping,414,38
Property,46E0BD8C9A74B740A46050515256260B,2022-07-15,Requirement,2022-09-15,2022-12-15,Special_Fixed_Fire_Protection,Completed Verified,2023-01-31,FBD1E7BA9564863B88D5C43CB833AFAF,A06B33D1EA28E90733617EC889D4E76E,138.0,True,978.0,True,91.0,Other,414,38
Property,46E0BD8C9A74B740A46050515256260B,2022-07-15,Requirement,2022-09-15,2022-12-15,housekeeping,Completed Verified,2022-12-15,FBD1E7BA9564863B88D5C43CB833AFAF,A06B33D1EA28E90733617EC889D4E76E,91.0,True,978.0,True,91.0,Housekeeping,414,38
Property,46E0BD8C9A74B740A46050515256260B,2022-07-15,Requirement,2022-09-15,2022-12-15,process_Hazards,Completed Verified,2022-12-15,FBD1E7BA9564863B88D5C43CB833AFAF,A06B33D1EA28E90733617EC889D4E76E,91.0,True,978.0,True,91.0,Other,414,38
Property,46E0BD8C9A74B740A46050515256260B,2022-07-15,Requirement,2022-09-15,2022-12-15,External_Storage,In Process,2023-07-13,FBD1E7BA9564863B88D5C43CB833AFAF,A06B33D1EA28E90733617EC889D4E76E,301.0,True,978.0,True,91.0,Other,414,38
Property,46E0BD8C9A74B740A46050515256260B,2022-07-18,Requirement,2022-09-15,2022-12-15,Management_of_Change,Completed Verified,2023-07-13,FBD1E7BA9564863B88D5C43CB833AFAF,A06B33D1EA28E90733617EC889D4E76E,301.0,True,978.0,True,91.0,Other,414,38
Property,46E0BD8C9A74B740A46050515256260B,2022-07-18,Requirement,2022-09-15,2022-12-15,housekeeping,Completed Not Verified,2023-07-13,FBD1E7BA9564863B88D5C43CB833AFAF,A06B33D1EA28E90733617EC889D4E76E,301.0,True,978.0,True,91.0,Housekeeping,414,38
Property,46E0BD8C9A74B740A46050515256260B,2022-07-18,Requirement,2022-09-15,2022-12-15,housekeeping,Completed Not Verified,2023-07-13,FBD1E7BA9564863B88D5C43CB833AFAF,A06B33D1EA28E90733617EC889D4E76E,301.0,True,978.0,True,91.0,Housekeeping,414,38
Property,46E0BD8C9A74B740A46050515256260B,2022-07-18,Requirement,2022-09-15,2022-12-15,housekeeping,Completed Not Verified,2023-07-13,FBD1E7BA9564863B88D5C43CB833AFAF,A06B33D1EA28E90733617EC889D4E76E,301.0,True,978.0,True,91.0,Housekeeping,414,38
Property,46E0BD8C9A74B740A46050515256260B,2022-07-18,Requirement,2022-09-15,2022-12-15,housekeeping,Completed Not Verified,2023-07-13,FBD1E7BA9564863B88D5C43CB833AFAF,A06B33D1EA28E90733617EC889D4E76E,301.0,True,978.0,True,91.0,Housekeeping,414,38
Property,46E0BD8C9A74B740A46050515256260B,2022-07-18,Requirement,2022-09-15,2022-12-15,Construction,Completed Not Verified,2023-07-13,FBD1E7BA9564863B88D5C43CB833AFAF,A06B33D1EA28E90733617EC889D4E76E,301.0,True,978.0,True,91.0,Other,414,38
Property,46E0BD8C9A74B740A46050515256260B,2022-07-18,Requirement,2022-09-15,2022-12-15,process_Hazards,Completed Not Verified,2023-07-13,FBD1E7BA9564863B88D5C43CB833AFAF,A06B33D1EA28E90733617EC889D4E76E,301.0,True,978.0,True,91.0,Other,414,38
Property,46E0BD8C9A74B740A46050515256260B,2022-07-18,Requirement,2022-09-15,2022-12-15,Compartmentation,Completed Not Verified,2023-07-13,FBD1E7BA9564863B88D5C43CB833AFAF,A06B33D1EA28E90733617EC889D4E76E,301.0,True,978.0,True,91.0,Other,414,38
Property,46E0BD8C9A74B740A46050515256260B,2022-07-18,Requirement,2022-09-15,2022-12-15,Compartmentation,Completed Not Verified,2023-07-13,FBD1E7BA9564863B88D5C43CB833AFAF,A06B33D1EA28E90733617EC889D4E76E,301.0,True,978.0,True,91.0,Other,414,38
Property,46E0BD8C9A74B740A46050515256260B,2022-07-18,Requirement,2022-09-15,2022-12-15,Management_of_Change,Completed Verified,2023-07-13,FBD1E7BA9564863B88D5C43CB833AFAF,A06B33D1EA28E90733617EC889D4E76E,301.0,True,978.0,True,91.0,Other,414,38
Property,46E0BD8C9A74B740A46050515256260B,2022-07-18,Requirement,2022-09-15,2022-12-15,Compartmentation,Completed Not Verified,2023-07-13,FBD1E7BA9564863B88D5C43CB833AFAF,A06B33D1EA28E90733617EC889D4E76E,301.0,True,978.0,True,91.0,Other,414,38
Property,46E0BD8C9A74B740A46050515256260B,2022-07-18,Requirement,2022-09-15,2022-12-15,process_Hazards,Completed Not Verified,2023-07-13,FBD1E7BA9564863B88D5C43CB833AFAF,A06B33D1EA28E90733617EC889D4E76E,301.0,True,978.0,True,91.0,Other,414,38
Property,46E0BD8C9A74B740A46050515256260B,2022-07-18,Requirement,2022-09-15,2022-12-15,Management_of_Change,Completed Verified,2023-07-13,FBD1E7BA9564863B88D5C43CB833AFAF,A06B33D1EA28E90733617EC889D4E76E,301.0,True,978.0,True,91.0,Other,414,38
Property,46E0BD8C9A74B740A46050515256260B,2022-07-18,Requirement,2022-09-15,2022-12-15,housekeeping,Completed Not Verified,2023-07-13,FBD1E7BA9564863B88D5C43CB833AFAF,A06B33D1EA28E90733617EC889D4E76E,301.0,True,978.0,True,91.0,Housekeeping,414,38
Property,46E0BD8C9A74B740A46050515256260B,2022-07-18,Requirement,2022-09-15,2022-12-15,Compartmentation,Completed Not Verified,2023-07-13,FBD1E7BA9564863B88D5C43CB833AFAF,A06B33D1EA28E90733617EC889D4E76E,301.0,True,978.0,True,91.0,Other,414,38
Property,46E0BD8C9A74B740A46050515256260B,2022-07-18,Requirement,2022-09-15,2022-12-15,process_Hazards,In Process,2023-07-13,FBD1E7BA9564863B88D5C43CB833AFAF,A06B33D1EA28E90733617EC889D4E76E,301.0,True,978.0,True,91.0,Other,414,38
Property,46E0BD8C9A74B740A46050515256260B,2022-07-18,Requirement,2022-09-15,2022-12-15,process_Hazards,Under Review,2023-07-13,FBD1E7BA9564863B88D5C43CB833AFAF,A06B33D1EA28E90733617EC889D4E76E,301.0,True,978.0,True,91.0,Other,414,38
Property,46E0BD8C9A74B740A46050515256260B,2022-07-18,Requirement,2022-09-15,2022-12-15,Automatic_Fire_Detection,In Process,2023-07-13,FBD1E7BA9564863B88D5C43CB833AFAF,A06B33D1EA28E90733617EC889D4E76E,301.0,True,978.0,True,91.0,Other,414,38
Property,46E0BD8C9A74B740A46050515256260B,2022-07-18,Requirement,2022-09-15,2022-12-15,Housekeeping,No Response,2023-07-10,FBD1E7BA9564863B88D5C43CB833AFAF,A06B33D1EA28E90733617EC889D4E76E,298.0,True,978.0,True,91.0,Housekeeping,414,38
Property,46E0BD8C9A74B740A46050515256260B,2022-07-18,Recommendation,2022-09-15,,Fire_Safety_Management,No Response,2023-07-13,FBD1E7BA9564863B88D5C43CB833AFAF,A06B33D1EA28E90733617EC889D4E76E,301.0,True,0.0,False,,Other,414,38
Property,46E0BD8C9A74B740A46050515256260B,2022-07-19,Requirement,2022-09-15,2022-12-15,General_Maintenance,Completed Not Verified,2023-07-17,FBD1E7BA9564863B88D5C43CB833AFAF,A06B33D1EA28E90733617EC889D4E76E,305.0,True,978.0,True,91.0,Other,414,38
Property,46E0BD8C9A74B740A46050515256260B,2022-07-19,Requirement,2022-09-15,2022-12-15,Compartmentation,Under Review,2022-12-15,FBD1E7BA9564863B88D5C43CB833AFAF,A06B33D1EA28E90733617EC889D4E76E,91.0,True,978.0,True,91.0,Other,414,38
Property,46E0BD8C9A74B740A46050515256260B,2022-07-19,Requirement,2022-09-15,2022-12-15,Management_of_Change,Under Review,2023-07-17,FBD1E7BA9564863B88D5C43CB833AFAF,A06B33D1EA28E90733617EC889D4E76E,305.0,True,978.0,True,91.0,Other,414,38
Property,46E0BD8C9A74B740A46050515256260B,2022-07-19,Requirement,2022-09-15,2022-12-15,Compartmentation,Under Review,2023-07-17,FBD1E7BA9564863B88D5C43CB833AFAF,A06B33D1EA28E90733617EC889D4E76E,305.0,True,978.0,True,91.0,Other,414,38
Property,740D723A7D051B3D56A75C0AC0E42AC9,2022-07-20,Requirement,2022-09-15,2022-12-15,Fire_Safety_Management,Completed Not Verified,2023-07-12,FBD1E7BA9564863B88D5C43CB833AFAF,A06B33D1EA28E90733617EC889D4E76E,300.0,True,978.0,True,91.0,Other,414,23
Property,740D723A7D051B3D56A75C0AC0E42AC9,2022-07-20,Requirement,2022-09-15,2022-12-15,Housekeeping,Completed Not Verified,2023-07-12,FBD1E7BA9564863B88D5C43CB833AFAF,A06B33D1EA28E90733617EC889D4E76E,300.0,True,978.0,True,91.0,Housekeeping,414,23
Property,740D723A7D051B3D56A75C0AC0E42AC9,2022-07-20,Requirement,2022-09-15,2022-12-15,External_Storage,Completed Not Verified,2023-07-12,FBD1E7BA9564863B88D5C43CB833AFAF,A06B33D1EA28E90733617EC889D4E76E,300.0,True,978.0,True,91.0,Other,414,23
Property,740D723A7D051B3D56A75C0AC0E42AC9,2022-07-20,Requirement,2022-09-15,2022-12-15,Compartmentation,In Process,2023-07-12,FBD1E7BA9564863B88D5C43CB833AFAF,A06B33D1EA28E90733617EC889D4E76E,300.0,True,978.0,True,91.0,Other,414,23
Property,740D723A7D051B3D56A75C0AC0E42AC9,2022-07-20,Requirement,2022-09-15,2022-12-15,Compartmentation,In Process,2023-07-12,FBD1E7BA9564863B88D5C43CB833AFAF,A06B33D1EA28E90733617EC889D4E76E,300.0,True,978.0,True,91.0,Other,414,23
Property,740D723A7D051B3D56A75C0AC0E42AC9,2022-07-20,Requirement,2022-09-15,2022-12-15,Compartmentation,In Process,2023-07-12,FBD1E7BA9564863B88D5C43CB833AFAF,A06B33D1EA28E90733617EC889D4E76E,300.0,True,978.0,True,91.0,Other,414,23
Property,740D723A7D051B3D56A75C0AC0E42AC9,2022-07-20,Requirement,2022-09-15,2022-12-15,Storage_Hazards,In Process,2023-07-12,FBD1E7BA9564863B88D5C43CB833AFAF,A06B33D1EA28E90733617EC889D4E76E,300.0,True,978.0,True,91.0,Other,414,23
Property,740D723A7D051B3D56A75C0AC0E42AC9,2022-07-21,Requirement,2022-09-15,2022-12-15,Compartmentation,Completed Not Verified,2023-07-12,FBD1E7BA9564863B88D5C43CB833AFAF,A06B33D1EA28E90733617EC889D4E76E,300.0,True,978.0,True,91.0,Other,414,23
Property,740D723A7D051B3D56A75C0AC0E42AC9,2022-07-21,Requirement,2022-09-15,2022-12-15,Compartmentation,Completed Not Verified,2023-07-12,FBD1E7BA9564863B88D5C43CB833AFAF,A06B33D1EA28E90733617EC889D4E76E,300.0,True,978.0,True,91.0,Other,414,23
Property,740D723A7D051B3D56A75C0AC0E42AC9,2022-07-21,Requirement,2022-09-15,2022-12-15,General_Maintenance,Completed Not Verified,2023-07-12,FBD1E7BA9564863B88D5C43CB833AFAF,A06B33D1EA28E90733617EC889D4E76E,300.0,True,978.0,True,91.0,Other,414,23
Property,740D723A7D051B3D56A75C0AC0E42AC9,2022-07-21,Requirement,2022-09-15,2022-12-15,housekeeping,Completed Not Verified,2023-07-12,FBD1E7BA9564863B88D5C43CB833AFAF,A06B33D1EA28E90733617EC889D4E76E,300.0,True,978.0,True,91.0,Housekeeping,414,23
Property,740D723A7D051B3D56A75C0AC0E42AC9,2022-07-21,Requirement,2022-09-15,2022-12-15,Compartmentation,Completed Not Verified,2023-07-12,FBD1E7BA9564863B88D5C43CB833AFAF,A06B33D1EA28E90733617EC889D4E76E,300.0,True,978.0,True,91.0,Other,414,23
Property,740D723A7D051B3D56A75C0AC0E42AC9,2022-07-21,Requirement,2022-09-15,2022-12-15,Compartmentation,Under Review,2023-07-12,FBD1E7BA9564863B88D5C43CB833AFAF,A06B33D1EA28E90733617EC889D4E76E,300.0,True,978.0,True,91.0,Other,414,23
Property,740D723A7D051B3D56A75C0AC0E42AC9,2022-07-21,Recommendation,2022-09-15,,External_Storage,No Response,2023-07-12,FBD1E7BA9564863B88D5C43CB833AFAF,A06B33D1EA28E90733617EC889D4E76E,300.0,True,0.0,False,,Other,414,23
Property,740D723A7D051B3D56A75C0AC0E42AC9,2022-07-22,Requirement,2022-09-15,2022-12-15,Electrical_Maintenance,Completed Verified,2023-07-12,FBD1E7BA9564863B88D5C43CB833AFAF,A06B33D1EA28E90733617EC889D4E76E,300.0,True,978.0,True,91.0,Other,414,23
Property,740D723A7D051B3D56A75C0AC0E42AC9,2022-07-22,Requirement,2022-09-15,2022-12-15,Storage_Hazards,Completed Not Verified,2023-07-12,FBD1E7BA9564863B88D5C43CB833AFAF,A06B33D1EA28E90733617EC889D4E76E,300.0,True,978.0,True,91.0,Other,414,23
Property,740D723A7D051B3D56A75C0AC0E42AC9,2022-07-22,Requirement,2022-09-15,2022-12-15,Compartmentation,Completed Not Verified,2023-07-12,FBD1E7BA9564863B88D5C43CB833AFAF,A06B33D1EA28E90733617EC889D4E76E,300.0,True,978.0,True,91.0,Other,414,23
Property,740D723A7D051B3D56A75C0AC0E42AC9,2022-07-22,Requirement,2022-09-15,2022-12-15,process_Hazards,Completed Not Verified,2023-07-12,FBD1E7BA9564863B88D5C43CB833AFAF,A06B33D1EA28E90733617EC889D4E76E,300.0,True,978.0,True,91.0,Other,414,23
Property,740D723A7D051B3D56A75C0AC0E42AC9,2022-07-22,Requirement,2022-09-15,2022-12-15,process_Hazards,Completed Not Verified,2023-07-12,FBD1E7BA9564863B88D5C43CB833AFAF,A06B33D1EA28E90733617EC889D4E76E,300.0,True,978.0,True,91.0,Other,414,23
Property,740D723A7D051B3D56A75C0AC0E42AC9,2022-07-22,Requirement,2022-09-15,2022-12-15,Compartmentation,Agreed Long Term,2023-07-12,FBD1E7BA9564863B88D5C43CB833AFAF,A06B33D1EA28E90733617EC889D4E76E,300.0,True,978.0,True,91.0,Other,414,23
Property,740D723A7D051B3D56A75C0AC0E42AC9,2022-07-22,Requirement,2022-09-15,2022-12-15,Compartmentation,Agreed Long Term,2023-07-12,FBD1E7BA9564863B88D5C43CB833AFAF,A06B33D1EA28E90733617EC889D4E76E,300.0,True,978.0,True,91.0,Other,414,23
Property,740D723A7D051B3D56A75C0AC0E42AC9,2022-07-22,Requirement,2022-09-15,2022-12-15,Compartmentation,Agreed Long Term,2023-07-12,FBD1E7BA9564863B88D5C43CB833AFAF,A06B33D1EA28E90733617EC889D4E76E,300.0,True,978.0,True,91.0,Other,414,23
Property,740D723A7D051B3D56A75C0AC0E42AC9,2022-07-22,Requirement,2022-09-15,2022-12-15,Compartmentation,Agreed Long Term,2023-07-12,FBD1E7BA9564863B88D5C43CB833AFAF,A06B33D1EA28E90733617EC889D4E76E,300.0,True,978.0,True,91.0,Other,414,23
Property,093DE8BFDF62585D4DB829AB4C333002,2023-09-18,Requirement,2023-09-19,2023-10-19,Compartmentation,No Response,,FBD1E7BA9564863B88D5C43CB833AFAF,B86FC6B051F63D73DE262D4C34E3A0A9,,True,670.0,True,30.0,Other,414,5
Property,093DE8BFDF62585D4DB829AB4C333002,2023-09-18,Requirement,2023-09-19,2023-11-19,Storage_Hazards,No Response,,FBD1E7BA9564863B88D5C43CB833AFAF,B86FC6B051F63D73DE262D4C34E3A0A9,,True,639.0,True,61.0,Other,414,5
Property,093DE8BFDF62585D4DB829AB4C333002,2023-09-18,Requirement,2023-09-19,2023-12-19,Process_Hazards,No Response,,FBD1E7BA9564863B88D5C43CB833AFAF,B86FC6B051F63D73DE262D4C34E3A0A9,,True,609.0,True,91.0,Other,414,5
Property,093DE8BFDF62585D4DB829AB4C333002,2023-09-18,Requirement,2023-09-19,2023-11-19,Process_Hazards,No Response,,FBD1E7BA9564863B88D5C43CB833AFAF,B86FC6B051F63D73DE262D4C34E3A0A9,,True,639.0,True,61.0,Other,414,5
Property,093DE8BFDF62585D4DB829AB4C333002,2023-09-18,Requirement,2023-09-19,2023-12-19,Permits_to_Work,No Response,,FBD1E7BA9564863B88D5C43CB833AFAF,B86FC6B051F63D73DE262D4C34E3A0A9,,True,609.0,True,91.0,Other,414,5
Property,85F9666B1D1BED53C6E66F8C8833D791,2021-10-18,Recommendation,2021-10-23,,Management_of_Change,No Response,,92A54B358B4CF53CCA4095E4697E1004,25EC916D56B8212E569DBF2E4E4B51D4,,True,0.0,False,,Other,254,72
Property,85F9666B1D1BED53C6E66F8C8833D791,2021-10-18,Recommendation,2021-10-23,,Electrical_Maintenance,No Response,,92A54B358B4CF53CCA4095E4697E1004,25EC916D56B8212E569DBF2E4E4B51D4,,True,0.0,False,,Other,254,72
Property,85F9666B1D1BED53C6E66F8C8833D791,2021-10-18,Recommendation,2021-10-23,,Housekeeping,No Response,,92A54B358B4CF53CCA4095E4697E1004,25EC916D56B8212E569DBF2E4E4B51D4,,True,0.0,False,,Housekeeping,254,72
Property,85F9666B1D1BED53C6E66F8C8833D791,2021-10-18,Recommendation,2021-10-23,,Automatic_Fire_Detection,No Response,,92A54B358B4CF53CCA4095E4697E1004,25EC916D56B8212E569DBF2E4E4B51D4,,True,0.0,False,,Other,254,72
Property,85F9666B1D1BED53C6E66F8C8833D791,2021-10-18,Recommendation,2021-10-23,,Housekeeping,No Response,,92A54B358B4CF53CCA4095E4697E1004,25EC916D56B8212E569DBF2E4E4B51D4,,True,0.0,False,,Housekeeping,254,72
Property,85F9666B1D1BED53C6E66F8C8833D791,2021-10-18,Recommendation,2021-10-23,,Housekeeping,No Response,,92A54B358B4CF53CCA4095E4697E1004,25EC916D56B8212E569DBF2E4E4B51D4,,True,0.0,False,,Housekeeping,254,72
Property,85F9666B1D1BED53C6E66F8C8833D791,2021-10-18,Recommendation,2021-10-23,,General_Maintenance,No Response,,92A54B358B4CF53CCA4095E4697E1004,25EC916D56B8212E569DBF2E4E4B51D4,,True,0.0,False,,Other,254,72
Property,85F9666B1D1BED53C6E66F8C8833D791,2021-10-18,Recommendation,2021-10-23,,Manual_Handling,No Response,,92A54B358B4CF53CCA4095E4697E1004,AA53CA0B650DFD85C4F59FA156F7A2CC,,True,0.0,False,,Other,254,72
Property,85F9666B1D1BED53C6E66F8C8833D791,2021-11-02,Recommendation,2021-11-23,,Management_of_Change,No Response,,92A54B358B4CF53CCA4095E4697E1004,25EC916D56B8212E569DBF2E4E4B51D4,,True,0.0,False,,Other,254,72
Property,85F9666B1D1BED53C6E66F8C8833D791,2021-11-02,Recommendation,2021-11-23,,Permits_to_Work,No Response,,92A54B358B4CF53CCA4095E4697E1004,25EC916D56B8212E569DBF2E4E4B51D4,,True,0.0,False,,Other,254,72
Property,85F9666B1D1BED53C6E66F8C8833D791,2021-11-02,Recommendation,2021-11-23,,Flammable_Liquids,No Response,,92A54B358B4CF53CCA4095E4697E1004,25EC916D56B8212E569DBF2E4E4B51D4,,True,0.0,False,,Other,254,72
Property,85F9666B1D1BED53C6E66F8C8833D791,2021-11-02,Recommendation,2021-11-23,,Housekeeping,No Response,,92A54B358B4CF53CCA4095E4697E1004,25EC916D56B8212E569DBF2E4E4B51D4,,True,0.0,False,,Housekeeping,254,72
Property,85F9666B1D1BED53C6E66F8C8833D791,2021-11-02,Recommendation,2021-11-23,,Fire_Safety_Management,No Response,,92A54B358B4CF53CCA4095E4697E1004,25EC916D56B8212E569DBF2E4E4B51D4,,True,0.0,False,,Other,254,72
Property,85F9666B1D1BED53C6E66F8C8833D791,2021-11-02,Recommendation,2021-11-23,,Automatic_Fire_Detection,No Response,,92A54B358B4CF53CCA4095E4697E1004,25EC916D56B8212E569DBF2E4E4B51D4,,True,0.0,False,,Other,254,72
Property,85F9666B1D1BED53C6E66F8C8833D791,2021-11-02,Recommendation,2021-11-23,,Electrical_Maintenance,No Response,,92A54B358B4CF53CCA4095E4697E1004,25EC916D56B8212E569DBF2E4E4B51D4,,True,0.0,False,,Other,254,72
Property,85F9666B1D1BED53C6E66F8C8833D791,2021-11-02,Recommendation,2021-11-23,,Housekeeping,No Response,,92A54B358B4CF53CCA4095E4697E1004,25EC916D56B8212E569DBF2E4E4B51D4,,True,0.0,False,,Housekeeping,254,72
Property,85F9666B1D1BED53C6E66F8C8833D791,2021-11-02,Recommendation,2021-11-23,,General_Maintenance,No Response,,92A54B358B4CF53CCA4095E4697E1004,25EC916D56B8212E569DBF2E4E4B51D4,,True,0.0,False,,Other,254,72
Property,85F9666B1D1BED53C6E66F8C8833D791,2021-11-02,Recommendation,2021-11-23,,General_Maintenance,No Response,,92A54B358B4CF53CCA4095E4697E1004,25EC916D56B8212E569DBF2E4E4B51D4,,True,0.0,False,,Other,254,72
Property,85F9666B1D1BED53C6E66F8C8833D791,2021-11-02,Recommendation,2021-11-23,,General_Maintenance,No Response,,92A54B358B4CF53CCA4095E4697E1004,25EC916D56B8212E569DBF2E4E4B51D4,,True,0.0,False,,Other,254,72
Property,85F9666B1D1BED53C6E66F8C8833D791,2021-11-02,Recommendation,2021-11-23,,Smoking,No Response,,92A54B358B4CF53CCA4095E4697E1004,25EC916D56B8212E569DBF2E4E4B51D4,,True,0.0,False,,Combustibles,254,72
Property,85F9666B1D1BED53C6E66F8C8833D791,2021-11-02,Recommendation,2021-11-23,,External_Storage,No Response,,92A54B358B4CF53CCA4095E4697E1004,25EC916D56B8212E569DBF2E4E4B51D4,,True,0.0,False,,Other,254,72
Property,85F9666B1D1BED53C6E66F8C8833D791,2021-11-02,Recommendation,2021-11-23,,Construction,No Response,,92A54B358B4CF53CCA4095E4697E1004,25EC916D56B8212E569DBF2E4E4B51D4,,True,0.0,False,,Other,254,72
Property,85F9666B1D1BED53C6E66F8C8833D791,2021-11-03,Recommendation,2021-11-23,,External_Storage,No Response,,92A54B358B4CF53CCA4095E4697E1004,25EC916D56B8212E569DBF2E4E4B51D4,,True,0.0,False,,Other,254,72
Property,85F9666B1D1BED53C6E66F8C8833D791,2021-11-03,Recommendation,2021-11-23,,Fire_Safety_Management,No Response,,92A54B358B4CF53CCA4095E4697E1004,25EC916D56B8212E569DBF2E4E4B51D4,,True,0.0,False,,Other,254,72
Property,85F9666B1D1BED53C6E66F8C8833D791,2021-11-03,Recommendation,2021-11-23,,Housekeeping,No Response,,92A54B358B4CF53CCA4095E4697E1004,25EC916D56B8212E569DBF2E4E4B51D4,,True,0.0,False,,Housekeeping,254,72
Property,85F9666B1D1BED53C6E66F8C8833D791,2021-11-03,Recommendation,2021-11-23,,Compartmentation,No Response,,92A54B358B4CF53CCA4095E4697E1004,25EC916D56B8212E569DBF2E4E4B51D4,,True,0.0,False,,Other,254,72
Property,85F9666B1D1BED53C6E66F8C8833D791,2021-11-03,Recommendation,2021-11-23,,Compartmentation,No Response,,92A54B358B4CF53CCA4095E4697E1004,25EC916D56B8212E569DBF2E4E4B51D4,,True,0.0,False,,Other,254,72
Property,85F9666B1D1BED53C6E66F8C8833D791,2021-11-03,Recommendation,2021-11-23,,Electrical_Maintenance,No Response,,92A54B358B4CF53CCA4095E4697E1004,25EC916D56B8212E569DBF2E4E4B51D4,,True,0.0,False,,Other,254,72
Property,85F9666B1D1BED53C6E66F8C8833D791,2021-11-03,Recommendation,2021-11-23,,Work_at_Height,No Response,,92A54B358B4CF53CCA4095E4697E1004,25EC916D56B8212E569DBF2E4E4B51D4,,True,0.0,False,,Other,254,72
Property,85F9666B1D1BED53C6E66F8C8833D791,2021-11-08,Recommendation,2021-11-23,,Management_of_Change,No Response,,92A54B358B4CF53CCA4095E4697E1004,25EC916D56B8212E569DBF2E4E4B51D4,,True,0.0,False,,Other,254,72
Property,85F9666B1D1BED53C6E66F8C8833D791,2021-11-08,Recommendation,2021-11-23,,Permits_to_Work,No Response,,92A54B358B4CF53CCA4095E4697E1004,25EC916D56B8212E569DBF2E4E4B51D4,,True,0.0,False,,Other,254,72
Property,85F9666B1D1BED53C6E66F8C8833D791,2021-11-08,Recommendation,2021-11-23,,Emergency_Response,No Response,,92A54B358B4CF53CCA4095E4697E1004,25EC916D56B8212E569DBF2E4E4B51D4,,True,0.0,False,,Other,254,72
Property,85F9666B1D1BED53C6E66F8C8833D791,2021-11-08,Recommendation,2021-11-23,,Fire_Service_and_Water_Supplies,No Response,,92A54B358B4CF53CCA4095E4697E1004,25EC916D56B8212E569DBF2E4E4B51D4,,True,0.0,False,,Other,254,72
Property,85F9666B1D1BED53C6E66F8C8833D791,2021-11-08,Recommendation,2021-11-23,,External_Storage,No Response,,92A54B358B4CF53CCA4095E4697E1004,25EC916D56B8212E569DBF2E4E4B51D4,,True,0.0,False,,Other,254,72
Property,85F9666B1D1BED53C6E66F8C8833D791,2021-11-08,Recommendation,2021-11-23,,Emergency_Response,No Response,,92A54B358B4CF53CCA4095E4697E1004,25EC916D56B8212E569DBF2E4E4B51D4,,True,0.0,False,,Other,254,72
Property,85F9666B1D1BED53C6E66F8C8833D791,2021-11-08,Recommendation,2021-11-23,,General_Maintenance,No Response,,92A54B358B4CF53CCA4095E4697E1004,25EC916D56B8212E569DBF2E4E4B51D4,,True,0.0,False,,Other,254,72
Property,85F9666B1D1BED53C6E66F8C8833D791,2021-11-08,Recommendation,2021-11-23,,Housekeeping,No Response,,92A54B358B4CF53CCA4095E4697E1004,25EC916D56B8212E569DBF2E4E4B51D4,,True,0.0,False,,Housekeeping,254,72
Property,85F9666B1D1BED53C6E66F8C8833D791,2021-11-09,Recommendation,2021-11-23,,Emergency_Response,No Response,,92A54B358B4CF53CCA4095E4697E1004,25EC916D56B8212E569DBF2E4E4B51D4,,True,0.0,False,,Other,254,72
Property,85F9666B1D1BED53C6E66F8C8833D791,2021-11-09,Recommendation,2021-11-23,,Permits_to_Work,No Response,,92A54B358B4CF53CCA4095E4697E1004,25EC916D56B8212E569DBF2E4E4B51D4,,True,0.0,False,,Other,254,72
Property,85F9666B1D1BED53C6E66F8C8833D791,2021-11-09,Recommendation,2021-11-23,,Process_Hazards,No Response,,92A54B358B4CF53CCA4095E4697E1004,25EC916D56B8212E569DBF2E4E4B51D4,,True,0.0,False,,Other,254,72
Property,85F9666B1D1BED53C6E66F8C8833D791,2021-11-09,Recommendation,2021-11-23,,Fire_Safety_Management,No Response,,92A54B358B4CF53CCA4095E4697E1004,25EC916D56B8212E569DBF2E4E4B51D4,,True,0.0,False,,Other,254,72
Property,85F9666B1D1BED53C6E66F8C8833D791,2021-11-15,Recommendation,2021-11-23,,Work_at_Height,No Response,,92A54B358B4CF53CCA4095E4697E1004,25EC916D56B8212E569DBF2E4E4B51D4,,True,0.0,False,,Other,254,72
Property,85F9666B1D1BED53C6E66F8C8833D791,2021-11-15,Recommendation,2021-11-23,,Compartmentation,No Response,,92A54B358B4CF53CCA4095E4697E1004,25EC916D56B8212E569DBF2E4E4B51D4,,True,0.0,False,,Other,254,72
Property,85F9666B1D1BED53C6E66F8C8833D791,2021-11-15,Recommendation,2021-11-23,,Housekeeping,No Response,,92A54B358B4CF53CCA4095E4697E1004,25EC916D56B8212E569DBF2E4E4B51D4,,True,0.0,False,,Housekeeping,254,72
Property,85F9666B1D1BED53C6E66F8C8833D791,2021-11-15,Recommendation,2021-11-23,,Electrical_Maintenance,No Response,,92A54B358B4CF53CCA4095E4697E1004,25EC916D56B8212E569DBF2E4E4B51D4,,True,0.0,False,,Other,254,72
Property,85F9666B1D1BED53C6E66F8C8833D791,2021-11-15,Recommendation,2021-11-23,,Permits_to_Work,No Response,,92A54B358B4CF53CCA4095E4697E1004,25EC916D56B8212E569DBF2E4E4B51D4,,True,0.0,False,,Other,254,72
Property,85F9666B1D1BED53C6E66F8C8833D791,2022-09-13,Recommendation,2022-09-16,,Compartmentation,No Response,,92A54B358B4CF53CCA4095E4697E1004,25EC916D56B8212E569DBF2E4E4B51D4,,True,0.0,False,,Other,254,72
Property,85F9666B1D1BED53C6E66F8C8833D791,2022-09-13,Recommendation,2022-09-16,,Other_Perils,In Process,2023-04-05,92A54B358B4CF53CCA4095E4697E1004,25EC916D56B8212E569DBF2E4E4B51D4,201.0,True,0.0,False,,Other,254,72
Property,85F9666B1D1BED53C6E66F8C8833D791,2022-09-13,Recommendation,2022-09-16,,External_Storage,No Response,,92A54B358B4CF53CCA4095E4697E1004,25EC916D56B8212E569DBF2E4E4B51D4,,True,0.0,False,,Other,254,72
Property,85F9666B1D1BED53C6E66F8C8833D791,2022-09-14,Requirement,2022-09-16,2022-12-16,,Completed Not Verified,2023-04-05,92A54B358B4CF53CCA4095E4697E1004,25EC916D56B8212E569DBF2E4E4B51D4,201.0,True,977.0,True,91.0,Other,254,72
Property,85F9666B1D1BED53C6E66F8C8833D791,2022-09-14,Requirement,2022-09-16,2022-12-16,Smoking,Completed Not Verified,2023-04-05,92A54B358B4CF53CCA4095E4697E1004,25EC916D56B8212E569DBF2E4E4B51D4,201.0,True,977.0,True,91.0,Combustibles,254,72
Property,85F9666B1D1BED53C6E66F8C8833D791,2022-09-14,Requirement,2022-09-16,2022-12-16,Storage_Hazards,Completed Not Verified,2023-04-05,92A54B358B4CF53CCA4095E4697E1004,25EC916D56B8212E569DBF2E4E4B51D4,201.0,True,977.0,True,91.0,Other,254,72
Property,85F9666B1D1BED53C6E66F8C8833D791,2022-09-14,Requirement,2022-09-16,2022-12-16,Electrical_Maintenance,In Process,2023-04-05,92A54B358B4CF53CCA4095E4697E1004,25EC916D56B8212E569DBF2E4E4B51D4,201.0,True,977.0,True,91.0,Other,254,72
Liability,85F9666B1D1BED53C6E66F8C8833D791,2022-09-14,Requirement,2022-09-16,2022-12-16,Safe_Operating_Procedures,In Process,2023-04-05,90581D96B500FD2D3FD701A583409CB8,AA53CA0B650DFD85C4F59FA156F7A2CC,201.0,True,977.0,True,91.0,Other,34,72
Liability,85F9666B1D1BED53C6E66F8C8833D791,2022-09-14,Requirement,2022-09-16,2022-12-03,Safe_Operating_Procedures,In Process,2023-04-05,90581D96B500FD2D3FD701A583409CB8,AA53CA0B650DFD85C4F59FA156F7A2CC,201.0,True,990.0,True,78.0,Other,34,72
Liability,85F9666B1D1BED53C6E66F8C8833D791,2022-09-14,Requirement,2022-09-16,2022-12-03,Safe_Operating_Procedures,In Process,2023-04-05,90581D96B500FD2D3FD701A583409CB8,AA53CA0B650DFD85C4F59FA156F7A2CC,201.0,True,990.0,True,78.0,Other,34,72
Property,85F9666B1D1BED53C6E66F8C8833D791,2022-09-20,Requirement,2022-09-27,2022-12-27,Process_Hazards,Completed Not Verified,2023-04-05,92A54B358B4CF53CCA4095E4697E1004,25EC916D56B8212E569DBF2E4E4B51D4,190.0,True,966.0,True,91.0,Other,254,72
Property,85F9666B1D1BED53C6E66F8C8833D791,2022-09-20,Requirement,2022-09-27,2022-12-27,Process_Hazards,Completed Not Verified,2023-04-05,92A54B358B4CF53CCA4095E4697E1004,25EC916D56B8212E569DBF2E4E4B51D4,190.0,True,966.0,True,91.0,Other,254,72
Property,85F9666B1D1BED53C6E66F8C8833D791,2022-09-20,Requirement,2022-09-27,2022-12-27,Process_Hazards,Completed Not Verified,2023-04-05,92A54B358B4CF53CCA4095E4697E1004,25EC916D56B8212E569DBF2E4E4B51D4,190.0,True,966.0,True,91.0,Other,254,72
Property,85F9666B1D1BED53C6E66F8C8833D791,2022-09-21,Requirement,2022-09-27,2022-12-27,Process_Hazards,Completed Not Verified,2023-04-05,92A54B358B4CF53CCA4095E4697E1004,25EC916D56B8212E569DBF2E4E4B51D4,190.0,True,966.0,True,91.0,Other,254,72
Property,85F9666B1D1BED53C6E66F8C8833D791,2022-09-21,Requirement,2022-09-27,2022-12-27,Emergency_Response,Completed Not Verified,2023-04-05,92A54B358B4CF53CCA4095E4697E1004,25EC916D56B8212E569DBF2E4E4B51D4,190.0,True,966.0,True,91.0,Other,254,72
Property,85F9666B1D1BED53C6E66F8C8833D791,2022-09-21,Requirement,2022-09-27,2022-12-27,Construction,Completed Not Verified,2023-04-05,92A54B358B4CF53CCA4095E4697E1004,25EC916D56B8212E569DBF2E4E4B51D4,190.0,True,966.0,True,91.0,Other,254,72
Property,85F9666B1D1BED53C6E66F8C8833D791,2022-09-21,Requirement,2022-09-27,2022-12-27,General_Maintenance,Completed Not Verified,2023-04-05,92A54B358B4CF53CCA4095E4697E1004,25EC916D56B8212E569DBF2E4E4B51D4,190.0,True,966.0,True,91.0,Other,254,72
Property,85F9666B1D1BED53C6E66F8C8833D791,2022-09-21,Requirement,2022-09-27,2022-12-27,Construction,Completed Not Verified,2023-04-05,92A54B358B4CF53CCA4095E4697E1004,25EC916D56B8212E569DBF2E4E4B51D4,190.0,True,966.0,True,91.0,Other,254,72
Property,85F9666B1D1BED53C6E66F8C8833D791,2022-09-21,Requirement,2022-09-27,2022-12-27,Storage_Hazards,Completed Not Verified,2023-04-05,92A54B358B4CF53CCA4095E4697E1004,25EC916D56B8212E569DBF2E4E4B51D4,190.0,True,966.0,True,91.0,Other,254,72
Property,85F9666B1D1BED53C6E66F8C8833D791,2022-09-27,Requirement,2022-10-03,2023-04-03,Permits_to_Work,Completed Not Verified,2023-04-05,92A54B358B4CF53CCA4095E4697E1004,25EC916D56B8212E569DBF2E4E4B51D4,184.0,True,869.0,True,182.0,Other,254,72
Property,85F9666B1D1BED53C6E66F8C8833D791,2022-09-27,Requirement,2022-10-03,2023-04-03,Storage_Hazards,Completed Not Verified,2023-04-05,92A54B358B4CF53CCA4095E4697E1004,25EC916D56B8212E569DBF2E4E4B51D4,184.0,True,869.0,True,182.0,Other,254,72
Property,85F9666B1D1BED53C6E66F8C8833D791,2022-09-27,Requirement,2022-10-03,2023-04-03,Emergency_Response,Completed Not Verified,2023-04-05,92A54B358B4CF53CCA4095E4697E1004,25EC916D56B8212E569DBF2E4E4B51D4,184.0,True,869.0,True,182.0,Other,254,72
Property,85F9666B1D1BED53C6E66F8C8833D791,2022-09-28,Requirement,2022-10-03,2022-01-03,General_Maintenance,Completed Not Verified,2023-04-05,92A54B358B4CF53CCA4095E4697E1004,25EC916D56B8212E569DBF2E4E4B51D4,184.0,True,1324.0,True,-273.0,Other,254,72
Property,85F9666B1D1BED53C6E66F8C8833D791,2022-09-28,Requirement,2022-10-03,2023-01-03,Special_Fixed_Fire_Protection,In Process,2023-04-05,92A54B358B4CF53CCA4095E4697E1004,25EC916D56B8212E569DBF2E4E4B51D4,184.0,True,959.0,True,92.0,Other,254,72
Property,85F9666B1D1BED53C6E66F8C8833D791,2022-09-28,Requirement,2022-10-03,2023-01-03,Security,In Process,2023-04-05,92A54B358B4CF53CCA4095E4697E1004,25EC916D56B8212E569DBF2E4E4B51D4,184.0,True,959.0,True,92.0,Security,254,72
Property,85F9666B1D1BED53C6E66F8C8833D791,2022-09-28,Requirement,2022-10-03,2023-10-03,Maintenance,In Process,2023-04-05,92A54B358B4CF53CCA4095E4697E1004,25EC916D56B8212E569DBF2E4E4B51D4,184.0,True,686.0,True,365.0,Maintenance,254,72
Property,3C140256B9CFE506CEBAAC7F75650203,2022-10-02,Requirement,2022-11-07,2023-02-07,Compartmentation,Completed Verified,2022-12-12,92A54B358B4CF53CCA4095E4697E1004,1D7B33FC26CA22C2011AAA97FECC43D8,35.0,True,924.0,True,92.0,Other,254,5
Property,3C140256B9CFE506CEBAAC7F75650203,2022-10-02,Requirement,2022-11-07,2023-02-07,Storage_Hazards,Completed Verified,2023-01-10,92A54B358B4CF53CCA4095E4697E1004,1D7B33FC26CA22C2011AAA97FECC43D8,64.0,True,924.0,True,92.0,Other,254,5
Property,3C140256B9CFE506CEBAAC7F75650203,2022-10-02,Requirement,2022-11-07,2023-02-07,Management_of_Change,Completed Verified,2023-01-10,92A54B358B4CF53CCA4095E4697E1004,1D7B33FC26CA22C2011AAA97FECC43D8,64.0,True,924.0,True,92.0,Other,254,5
Property,3C140256B9CFE506CEBAAC7F75650203,2022-10-02,Requirement,2022-11-07,2023-02-07,Special_Fixed_Fire_Protection,Completed Verified,2023-01-10,92A54B358B4CF53CCA4095E4697E1004,1D7B33FC26CA22C2011AAA97FECC43D8,64.0,True,924.0,True,92.0,Other,254,5
Property,3C140256B9CFE506CEBAAC7F75650203,2022-10-02,Recommendation,2022-11-07,,Contractor_Controls,In Process,2023-01-10,92A54B358B4CF53CCA4095E4697E1004,1D7B33FC26CA22C2011AAA97FECC43D8,64.0,True,0.0,False,,Other,254,5
Property,ADA4D1DAAD8938568C8AD7E5E25FBCB3,2023-04-24,Recommendation,,,Housekeeping,No Response,2023-07-25,6B712DA7B7CCF80851BEB06DE6C32E6C,94A990462684A2FBB5DFC7FAB1C8975D,,True,0.0,False,,Housekeeping,188,214
Property,ADA4D1DAAD8938568C8AD7E5E25FBCB3,2023-04-24,Recommendation,,,Housekeeping,No Response,2023-07-25,6B712DA7B7CCF80851BEB06DE6C32E6C,94A990462684A2FBB5DFC7FAB1C8975D,,True,0.0,False,,Housekeeping,188,214
Property,ADA4D1DAAD8938568C8AD7E5E25FBCB3,2023-04-24,Recommendation,,,Housekeeping,No Response,2023-07-25,6B712DA7B7CCF80851BEB06DE6C32E6C,94A990462684A2FBB5DFC7FAB1C8975D,,True,0.0,False,,Housekeeping,188,214
Property,ADA4D1DAAD8938568C8AD7E5E25FBCB3,2023-04-24,Recommendation,,,Housekeeping,No Response,2023-07-25,6B712DA7B7CCF80851BEB06DE6C32E6C,94A990462684A2FBB5DFC7FAB1C8975D,,True,0.0,False,,Housekeeping,188,214
Property,ADA4D1DAAD8938568C8AD7E5E25FBCB3,2023-10-10,Requirement,2023-12-15,2024-01-31,External_Storage,Completed Verified,2024-03-14,6B712DA7B7CCF80851BEB06DE6C32E6C,94A990462684A2FBB5DFC7FAB1C8975D,90.0,True,566.0,True,47.0,Other,188,214
Property,ADA4D1DAAD8938568C8AD7E5E25FBCB3,2023-10-10,Recommendation,2023-12-15,,Process_Hazards,Completed Verified,2024-02-28,6B712DA7B7CCF80851BEB06DE6C32E6C,94A990462684A2FBB5DFC7FAB1C8975D,75.0,True,0.0,False,,Other,188,214
Property,ADA4D1DAAD8938568C8AD7E5E25FBCB3,2023-10-10,Requirement,2023-12-15,2024-01-31,Fire_Safety_Management,Completed Verified,2024-01-17,6B712DA7B7CCF80851BEB06DE6C32E6C,94A990462684A2FBB5DFC7FAB1C8975D,33.0,True,566.0,True,47.0,Other,188,214
Property,ADA4D1DAAD8938568C8AD7E5E25FBCB3,2023-10-10,Requirement,2023-12-15,2024-01-31,Storage_Hazards,Completed Verified,2024-01-17,6B712DA7B7CCF80851BEB06DE6C32E6C,94A990462684A2FBB5DFC7FAB1C8975D,33.0,True,566.0,True,47.0,Other,188,214
Property,ADA4D1DAAD8938568C8AD7E5E25FBCB3,2023-10-10,Recommendation,2023-12-15,,Process_Hazards,Completed Verified,2024-01-17,6B712DA7B7CCF80851BEB06DE6C32E6C,94A990462684A2FBB5DFC7FAB1C8975D,33.0,True,0.0,False,,Other,188,214
Property,ADA4D1DAAD8938568C8AD7E5E25FBCB3,2023-10-10,Recommendation,2023-12-15,,Process_Hazards,Completed Not Verified,2024-01-17,6B712DA7B7CCF80851BEB06DE6C32E6C,94A990462684A2FBB5DFC7FAB1C8975D,33.0,True,0.0,False,,Other,188,214
Property,ADA4D1DAAD8938568C8AD7E5E25FBCB3,2023-11-02,Requirement,2023-12-15,2024-01-31,Fire_Safety_Management,Completed Verified,2024-03-14,90581D96B500FD2D3FD701A583409CB8,94A990462684A2FBB5DFC7FAB1C8975D,90.0,True,566.0,True,47.0,Other,34,214
Property,ADA4D1DAAD8938568C8AD7E5E25FBCB3,2023-11-02,Requirement,2023-12-15,2024-01-31,Fire_Safety_Management,Completed Verified,2024-03-14,90581D96B500FD2D3FD701A583409CB8,94A990462684A2FBB5DFC7FAB1C8975D,90.0,True,566.0,True,47.0,Other,34,214
Property,ADA4D1DAAD8938568C8AD7E5E25FBCB3,2024-04-23,Requirement,2024-04-24,2024-06-26,Electrical_Maintenance,In Process,,47B79BD259E22596FFC4BE2FFBBE5C5A,94A990462684A2FBB5DFC7FAB1C8975D,,True,419.0,True,63.0,Other,217,214
Property,ADA4D1DAAD8938568C8AD7E5E25FBCB3,2024-04-23,Requirement,2024-03-24,2024-06-26,Emergency_Response,No Response,,47B79BD259E22596FFC4BE2FFBBE5C5A,94A990462684A2FBB5DFC7FAB1C8975D,,True,419.0,True,94.0,Other,217,214
Property,ADA4D1DAAD8938568C8AD7E5E25FBCB3,2024-04-23,Requirement,2024-03-24,2024-06-26,Housekeeping,No Response,,47B79BD259E22596FFC4BE2FFBBE5C5A,94A990462684A2FBB5DFC7FAB1C8975D,,True,419.0,True,94.0,Housekeeping,217,214
Property,ADA4D1DAAD8938568C8AD7E5E25FBCB3,2024-04-23,Requirement,2024-04-24,2024-05-26,External_Storage,In Process,,47B79BD259E22596FFC4BE2FFBBE5C5A,94A990462684A2FBB5DFC7FAB1C8975D,,True,450.0,True,32.0,Other,217,214
Property,ADA4D1DAAD8938568C8AD7E5E25FBCB3,2024-04-23,Recommendation,2024-04-24,,Security,In Process,,47B79BD259E22596FFC4BE2FFBBE5C5A,94A990462684A2FBB5DFC7FAB1C8975D,,True,0.0,False,,Security,217,214
Property,ADA4D1DAAD8938568C8AD7E5E25FBCB3,2024-04-23,Recommendation,2024-04-24,,Utilities,In Process,,47B79BD259E22596FFC4BE2FFBBE5C5A,94A990462684A2FBB5DFC7FAB1C8975D,,True,0.0,False,,Other,217,214
Property,ADA4D1DAAD8938568C8AD7E5E25FBCB3,2024-02-28,Requirement,2024-02-29,2024-03-13,General_Maintenance,Completed Verified,2024-03-11,8D8FCC1ABD550C5F25DBFAA57D59CB67,94A990462684A2FBB5DFC7FAB1C8975D,11.0,True,524.0,True,13.0,Other,208,214
Property,ADA4D1DAAD8938568C8AD7E5E25FBCB3,2024-02-19,Requirement,2024-02-21,2024-03-22,Bin Store,No Response,,8D8FCC1ABD550C5F25DBFAA57D59CB67,94A990462684A2FBB5DFC7FAB1C8975D,,True,515.0,True,30.0,Other,208,214
Property,ADA4D1DAAD8938568C8AD7E5E25FBCB3,2024-02-19,Requirement,2024-02-21,2024-03-22,Automatic_Fire_Detection,No Response,,8D8FCC1ABD550C5F25DBFAA57D59CB67,94A990462684A2FBB5DFC7FAB1C8975D,,True,515.0,True,30.0,Other,208,214
Property,ADA4D1DAAD8938568C8AD7E5E25FBCB3,2024-02-19,Requirement,2024-02-21,2024-03-22,Water Leaks,No Response,,8D8FCC1ABD550C5F25DBFAA57D59CB67,94A990462684A2FBB5DFC7FAB1C8975D,,True,515.0,True,30.0,Other,208,214
Property,ADA4D1DAAD8938568C8AD7E5E25FBCB3,2024-02-19,Requirement,2024-02-21,2024-03-22,Balconies,No Response,,8D8FCC1ABD550C5F25DBFAA57D59CB67,94A990462684A2FBB5DFC7FAB1C8975D,,True,515.0,True,30.0,Other,208,214
Property,ADA4D1DAAD8938568C8AD7E5E25FBCB3,2024-02-19,Requirement,2024-02-21,2024-03-22,Compartmentation,No Response,,8D8FCC1ABD550C5F25DBFAA57D59CB67,94A990462684A2FBB5DFC7FAB1C8975D,,True,515.0,True,30.0,Other,208,214
Property,ADA4D1DAAD8938568C8AD7E5E25FBCB3,2024-02-19,Requirement,2024-02-21,2024-03-20,"Bulk Items, Waste and Anti Social Behaviour",No Response,,8D8FCC1ABD550C5F25DBFAA57D59CB67,94A990462684A2FBB5DFC7FAB1C8975D,,True,517.0,True,28.0,Housekeeping,208,214
Property,ADA4D1DAAD8938568C8AD7E5E25FBCB3,2024-02-19,Requirement,2024-02-21,2024-03-20,Electrical Equipment,No Response,,8D8FCC1ABD550C5F25DBFAA57D59CB67,94A990462684A2FBB5DFC7FAB1C8975D,,True,517.0,True,28.0,Electrical,208,214
Property,ADA4D1DAAD8938568C8AD7E5E25FBCB3,2024-02-19,Recommendation,2024-02-21,,Dry Riser,No Response,,8D8FCC1ABD550C5F25DBFAA57D59CB67,94A990462684A2FBB5DFC7FAB1C8975D,,True,0.0,False,,Other,208,214
Property,ADA4D1DAAD8938568C8AD7E5E25FBCB3,2024-02-19,Recommendation,2024-02-21,,Automatic fire suppression system (sprinklers),No Response,,8D8FCC1ABD550C5F25DBFAA57D59CB67,94A990462684A2FBB5DFC7FAB1C8975D,,True,0.0,False,,Fire Protection,208,214
Property,ADA4D1DAAD8938568C8AD7E5E25FBCB3,2024-02-19,Recommendation,2024-02-21,,Structural Stability,No Response,,8D8FCC1ABD550C5F25DBFAA57D59CB67,94A990462684A2FBB5DFC7FAB1C8975D,,True,0.0,False,,Other,208,214
Property,ADA4D1DAAD8938568C8AD7E5E25FBCB3,2023-11-08,Requirement,2024-04-09,2024-05-10,Waste Management,In Process,,8D8FCC1ABD550C5F25DBFAA57D59CB67,94A990462684A2FBB5DFC7FAB1C8975D,,True,466.0,True,31.0,Housekeeping,208,214
Property,ADA4D1DAAD8938568C8AD7E5E25FBCB3,2024-11-08,Requirement,2024-04-09,2024-05-10,Housekeeping,In Process,,8D8FCC1ABD550C5F25DBFAA57D59CB67,94A990462684A2FBB5DFC7FAB1C8975D,,True,466.0,True,31.0,Housekeeping,208,214
Property,ADA4D1DAAD8938568C8AD7E5E25FBCB3,2024-11-08,Requirement,2024-04-09,2024-05-10,Falling Objects,In Process,,8D8FCC1ABD550C5F25DBFAA57D59CB67,94A990462684A2FBB5DFC7FAB1C8975D,,True,466.0,True,31.0,Other,208,214
Property,ADA4D1DAAD8938568C8AD7E5E25FBCB3,2024-11-08,Recommendation,2024-04-09,,Construction,In Process,,8D8FCC1ABD550C5F25DBFAA57D59CB67,94A990462684A2FBB5DFC7FAB1C8975D,,True,0.0,False,,Other,208,214
Property,ADA4D1DAAD8938568C8AD7E5E25FBCB3,2024-11-08,Recommendation,2024-04-09,,Structural Stability,In Process,,8D8FCC1ABD550C5F25DBFAA57D59CB67,94A990462684A2FBB5DFC7FAB1C8975D,,True,0.0,False,,Other,208,214
Property,ADA4D1DAAD8938568C8AD7E5E25FBCB3,2024-11-08,Recommendation,2024-04-09,,Rainwater Goods Management,In Process,,8D8FCC1ABD550C5F25DBFAA57D59CB67,94A990462684A2FBB5DFC7FAB1C8975D,,True,0.0,False,,Other,208,214
Property,ADA4D1DAAD8938568C8AD7E5E25FBCB3,2024-11-08,Recommendation,2024-04-09,,Asbestos,In Process,,8D8FCC1ABD550C5F25DBFAA57D59CB67,94A990462684A2FBB5DFC7FAB1C8975D,,True,0.0,False,,Other,208,214
Property,ADA4D1DAAD8938568C8AD7E5E25FBCB3,2024-11-08,Recommendation,2024-04-09,,Electrical Switchboard Circuit Breakers,In Process,,8D8FCC1ABD550C5F25DBFAA57D59CB67,94A990462684A2FBB5DFC7FAB1C8975D,,True,0.0,False,,Electrical,208,214
Property,ADA4D1DAAD8938568C8AD7E5E25FBCB3,2023-11-10,Requirement,2024-04-09,2024-05-10,Balconies,In Process,,8D8FCC1ABD550C5F25DBFAA57D59CB67,94A990462684A2FBB5DFC7FAB1C8975D,,True,466.0,True,31.0,Other,208,214
Property,ADA4D1DAAD8938568C8AD7E5E25FBCB3,2024-11-10,Recommendation,2024-04-09,,Detection,In Process,,8D8FCC1ABD550C5F25DBFAA57D59CB67,94A990462684A2FBB5DFC7FAB1C8975D,,True,0.0,False,,Other,208,214
Property,ADA4D1DAAD8938568C8AD7E5E25FBCB3,2023-10-10,Requirement,2024-04-09,2024-05-10,Combustibles/Burner,In Process,,8D8FCC1ABD550C5F25DBFAA57D59CB67,94A990462684A2FBB5DFC7FAB1C8975D,,True,466.0,True,31.0,Other,208,214
Property,ADA4D1DAAD8938568C8AD7E5E25FBCB3,2024-10-10,Requirement,2024-04-09,2024-05-10,Housekeeping,In Process,,8D8FCC1ABD550C5F25DBFAA57D59CB67,94A990462684A2FBB5DFC7FAB1C8975D,,True,466.0,True,31.0,Housekeeping,208,214
Property,ADA4D1DAAD8938568C8AD7E5E25FBCB3,2025-10-10,Requirement,2024-04-09,2024-05-10,Water Meters,In Process,,8D8FCC1ABD550C5F25DBFAA57D59CB67,94A990462684A2FBB5DFC7FAB1C8975D,,True,466.0,True,31.0,Other,208,214
Property,ADA4D1DAAD8938568C8AD7E5E25FBCB3,2026-10-10,Requirement,2024-04-09,2024-05-10,Fire Information Panel,In Process,,8D8FCC1ABD550C5F25DBFAA57D59CB67,94A990462684A2FBB5DFC7FAB1C8975D,,True,466.0,True,31.0,Other,208,214
Property,ADA4D1DAAD8938568C8AD7E5E25FBCB3,2027-10-10,Recommendation,2024-04-09,2024-05-10,"Cladding, fire stopping and stacked balcony combustible deficiencies",In Process,,8D8FCC1ABD550C5F25DBFAA57D59CB67,94A990462684A2FBB5DFC7FAB1C8975D,,True,466.0,True,31.0,Roof/Building Fabric,208,214
Property,ADA4D1DAAD8938568C8AD7E5E25FBCB3,2028-10-10,Recommendation,2024-04-09,2024-05-10,Balconies,In Process,,8D8FCC1ABD550C5F25DBFAA57D59CB67,94A990462684A2FBB5DFC7FAB1C8975D,,True,466.0,True,31.0,Other,208,214
Property,ADA4D1DAAD8938568C8AD7E5E25FBCB3,2023-11-08,Requirement,2024-04-09,2024-05-10,Waste Management,In Process,,8D8FCC1ABD550C5F25DBFAA57D59CB67,94A990462684A2FBB5DFC7FAB1C8975D,,True,466.0,True,31.0,Housekeeping,208,214
Property,ADA4D1DAAD8938568C8AD7E5E25FBCB3,2024-11-08,Requirement,2024-04-09,2024-05-10,Housekeeping,In Process,,8D8FCC1ABD550C5F25DBFAA57D59CB67,94A990462684A2FBB5DFC7FAB1C8975D,,True,466.0,True,31.0,Housekeeping,208,214
Property,ADA4D1DAAD8938568C8AD7E5E25FBCB3,2025-11-08,Requirement,2024-04-09,2024-05-10,Bin Store,In Process,,8D8FCC1ABD550C5F25DBFAA57D59CB67,94A990462684A2FBB5DFC7FAB1C8975D,,True,466.0,True,31.0,Other,208,214
Property,ADA4D1DAAD8938568C8AD7E5E25FBCB3,2026-11-08,Recommendation,2024-04-09,,Tree Management,In Process,,8D8FCC1ABD550C5F25DBFAA57D59CB67,94A990462684A2FBB5DFC7FAB1C8975D,,True,0.0,False,,Other,208,214
Property,ADA4D1DAAD8938568C8AD7E5E25FBCB3,2027-11-08,Recommendation,2024-04-09,,Balconies,In Process,,8D8FCC1ABD550C5F25DBFAA57D59CB67,94A990462684A2FBB5DFC7FAB1C8975D,,True,0.0,False,,Other,208,214
Property,ADA4D1DAAD8938568C8AD7E5E25FBCB3,2028-11-08,Recommendation,2024-04-09,,Fire Safety Controls,In Process,,8D8FCC1ABD550C5F25DBFAA57D59CB67,94A990462684A2FBB5DFC7FAB1C8975D,,True,0.0,False,,Safety,208,214
Property,ADA4D1DAAD8938568C8AD7E5E25FBCB3,2024-03-06,Requirement,2024-03-27,2024-04-26,Cladding and fire stopping deficiencies,No Response,,8D8FCC1ABD550C5F25DBFAA57D59CB67,94A990462684A2FBB5DFC7FAB1C8975D,,True,480.0,True,30.0,Roof/Building Fabric,208,214
Property,ADA4D1DAAD8938568C8AD7E5E25FBCB3,2024-03-06,Requirement,2024-03-27,2024-04-26,Balconies,No Response,,8D8FCC1ABD550C5F25DBFAA57D59CB67,94A990462684A2FBB5DFC7FAB1C8975D,,True,480.0,True,30.0,Other,208,214
Property,ADA4D1DAAD8938568C8AD7E5E25FBCB3,2024-03-06,Requirement,2024-03-27,2024-04-26,Terraces,No Response,,8D8FCC1ABD550C5F25DBFAA57D59CB67,94A990462684A2FBB5DFC7FAB1C8975D,,True,480.0,True,30.0,Other,208,214
Property,ADA4D1DAAD8938568C8AD7E5E25FBCB3,2024-03-06,Requirement,2024-03-27,2024-04-26,Housekeeping,No Response,,8D8FCC1ABD550C5F25DBFAA57D59CB67,94A990462684A2FBB5DFC7FAB1C8975D,,True,480.0,True,30.0,Housekeeping,208,214
Property,ADA4D1DAAD8938568C8AD7E5E25FBCB3,2024-03-06,Requirement,2024-03-27,2024-04-26,Housekeeping,No Response,,8D8FCC1ABD550C5F25DBFAA57D59CB67,94A990462684A2FBB5DFC7FAB1C8975D,,True,480.0,True,30.0,Housekeeping,208,214
Property,ADA4D1DAAD8938568C8AD7E5E25FBCB3,2024-03-06,Requirement,2024-03-27,2024-04-26,Fire,No Response,,8D8FCC1ABD550C5F25DBFAA57D59CB67,94A990462684A2FBB5DFC7FAB1C8975D,,True,480.0,True,30.0,Other,208,214
Property,ADA4D1DAAD8938568C8AD7E5E25FBCB3,2024-03-06,Requirement,2024-03-27,2024-04-26,Security,No Response,,8D8FCC1ABD550C5F25DBFAA57D59CB67,94A990462684A2FBB5DFC7FAB1C8975D,,True,480.0,True,30.0,Security,208,214
Property,ADA4D1DAAD8938568C8AD7E5E25FBCB3,2024-03-06,Requirement,2024-03-27,2024-04-26,Security,No Response,,8D8FCC1ABD550C5F25DBFAA57D59CB67,94A990462684A2FBB5DFC7FAB1C8975D,,True,480.0,True,30.0,Security,208,214
Property,ADA4D1DAAD8938568C8AD7E5E25FBCB3,2024-03-06,Requirement,2024-03-27,2024-04-26,Fire Seals,No Response,,8D8FCC1ABD550C5F25DBFAA57D59CB67,94A990462684A2FBB5DFC7FAB1C8975D,,True,480.0,True,30.0,Other,208,214
Property,ADA4D1DAAD8938568C8AD7E5E25FBCB3,2024-03-06,Recommendation,2024-03-27,,Detection,No Response,,8D8FCC1ABD550C5F25DBFAA57D59CB67,94A990462684A2FBB5DFC7FAB1C8975D,,True,0.0,False,,Other,208,214
Property,ADA4D1DAAD8938568C8AD7E5E25FBCB3,2024-03-06,Recommendation,2024-03-27,,Compartmentation,No Response,,8D8FCC1ABD550C5F25DBFAA57D59CB67,94A990462684A2FBB5DFC7FAB1C8975D,,True,0.0,False,,Other,208,214
Property,ADA4D1DAAD8938568C8AD7E5E25FBCB3,2024-03-06,Recommendation,2024-03-27,,Fall Protection,No Response,,8D8FCC1ABD550C5F25DBFAA57D59CB67,94A990462684A2FBB5DFC7FAB1C8975D,,True,0.0,False,,Other,208,214
Property,ADA4D1DAAD8938568C8AD7E5E25FBCB3,2024-03-06,Recommendation,2024-03-27,,Compartmentation,No Response,,8D8FCC1ABD550C5F25DBFAA57D59CB67,94A990462684A2FBB5DFC7FAB1C8975D,,True,0.0,False,,Other,208,214
Property,ADA4D1DAAD8938568C8AD7E5E25FBCB3,2024-02-21,Requirement,2024-04-02,2024-04-30,Fire Safety,In Process,,8D8FCC1ABD550C5F25DBFAA57D59CB67,94A990462684A2FBB5DFC7FAB1C8975D,,True,476.0,True,28.0,Safety,208,214
Property,ADA4D1DAAD8938568C8AD7E5E25FBCB3,2024-02-21,Requirement,2024-04-02,2024-04-30,Rainwater Drainage,In Process,,8D8FCC1ABD550C5F25DBFAA57D59CB67,94A990462684A2FBB5DFC7FAB1C8975D,,True,476.0,True,28.0,Other,208,214
Property,ADA4D1DAAD8938568C8AD7E5E25FBCB3,2024-02-21,Requirement,2024-04-02,2024-04-30,Construction,In Process,,8D8FCC1ABD550C5F25DBFAA57D59CB67,94A990462684A2FBB5DFC7FAB1C8975D,,True,476.0,True,28.0,Other,208,214
Property,ADA4D1DAAD8938568C8AD7E5E25FBCB3,2024-02-21,Requirement,2024-04-02,2024-04-30,Housekeeping,In Process,,8D8FCC1ABD550C5F25DBFAA57D59CB67,94A990462684A2FBB5DFC7FAB1C8975D,,True,476.0,True,28.0,Housekeeping,208,214
Property,ADA4D1DAAD8938568C8AD7E5E25FBCB3,2024-02-21,Requirement,2024-04-02,2024-04-30,Security,In Process,,8D8FCC1ABD550C5F25DBFAA57D59CB67,94A990462684A2FBB5DFC7FAB1C8975D,,True,476.0,True,28.0,Security,208,214
Property,ADA4D1DAAD8938568C8AD7E5E25FBCB3,2024-02-21,Requirement,2024-04-02,2024-04-30,Fire,In Process,,8D8FCC1ABD550C5F25DBFAA57D59CB67,94A990462684A2FBB5DFC7FAB1C8975D,,True,476.0,True,28.0,Other,208,214
Property,ADA4D1DAAD8938568C8AD7E5E25FBCB3,2024-02-21,Recommendation,2024-04-02,,Fire Safety,In Process,,8D8FCC1ABD550C5F25DBFAA57D59CB67,94A990462684A2FBB5DFC7FAB1C8975D,,True,0.0,False,,Safety,208,214
Property,ADA4D1DAAD8938568C8AD7E5E25FBCB3,2024-02-21,Recommendation,2024-04-02,,Rear Yards,In Process,,8D8FCC1ABD550C5F25DBFAA57D59CB67,94A990462684A2FBB5DFC7FAB1C8975D,,True,0.0,False,,Other,208,214
Property,ADA4D1DAAD8938568C8AD7E5E25FBCB3,2024-04-03,Requirement,2024-05-13,2024-06-10,Construction,In Process,,8D8FCC1ABD550C5F25DBFAA57D59CB67,94A990462684A2FBB5DFC7FAB1C8975D,,True,435.0,True,28.0,Other,208,214
Property,ADA4D1DAAD8938568C8AD7E5E25FBCB3,2024-04-03,Requirement,2024-05-13,2024-06-10,Construction,In Process,,8D8FCC1ABD550C5F25DBFAA57D59CB67,94A990462684A2FBB5DFC7FAB1C8975D,,True,435.0,True,28.0,Other,208,214
Property,ADA4D1DAAD8938568C8AD7E5E25FBCB3,2024-04-03,Requirement,2024-05-13,2024-06-10,Security,In Process,,8D8FCC1ABD550C5F25DBFAA57D59CB67,94A990462684A2FBB5DFC7FAB1C8975D,,True,435.0,True,28.0,Security,208,214
Property,ADA4D1DAAD8938568C8AD7E5E25FBCB3,2024-04-03,Requirement,2024-05-13,2024-06-10,Compartmentation,In Process,,8D8FCC1ABD550C5F25DBFAA57D59CB67,94A990462684A2FBB5DFC7FAB1C8975D,,True,435.0,True,28.0,Other,208,214
Property,ADA4D1DAAD8938568C8AD7E5E25FBCB3,2024-04-03,Requirement,2024-05-13,2024-06-10,Electrical_Maintenance,In Process,,8D8FCC1ABD550C5F25DBFAA57D59CB67,94A990462684A2FBB5DFC7FAB1C8975D,,True,435.0,True,28.0,Other,208,214
Property,ADA4D1DAAD8938568C8AD7E5E25FBCB3,2024-04-03,Requirement,2024-05-13,2024-06-10,Electrical_Maintenance,In Process,,8D8FCC1ABD550C5F25DBFAA57D59CB67,94A990462684A2FBB5DFC7FAB1C8975D,,True,435.0,True,28.0,Other,208,214
Property,ADA4D1DAAD8938568C8AD7E5E25FBCB3,2024-04-03,Requirement,2024-05-13,2024-06-10,Security,In Process,,8D8FCC1ABD550C5F25DBFAA57D59CB67,94A990462684A2FBB5DFC7FAB1C8975D,,True,435.0,True,28.0,Security,208,214
Property,ADA4D1DAAD8938568C8AD7E5E25FBCB3,2024-04-03,Requirement,2024-05-13,2024-06-10,Compartmentation,In Process,,8D8FCC1ABD550C5F25DBFAA57D59CB67,94A990462684A2FBB5DFC7FAB1C8975D,,True,435.0,True,28.0,Other,208,214
Property,ADA4D1DAAD8938568C8AD7E5E25FBCB3,2024-04-03,Requirement,2024-05-13,2024-06-10,Fire_Safety_Management,In Process,,8D8FCC1ABD550C5F25DBFAA57D59CB67,94A990462684A2FBB5DFC7FAB1C8975D,,True,435.0,True,28.0,Other,208,214
Property,ADA4D1DAAD8938568C8AD7E5E25FBCB3,2024-04-03,Requirement,2024-05-13,2024-06-10,Emergency_Response,In Process,,8D8FCC1ABD550C5F25DBFAA57D59CB67,94A990462684A2FBB5DFC7FAB1C8975D,,True,435.0,True,28.0,Other,208,214
Property,ADA4D1DAAD8938568C8AD7E5E25FBCB3,2024-04-03,Recommendation,2024-05-13,,General_Maintenance,In Process,,8D8FCC1ABD550C5F25DBFAA57D59CB67,94A990462684A2FBB5DFC7FAB1C8975D,,True,0.0,False,,Other,208,214
Property,ADA4D1DAAD8938568C8AD7E5E25FBCB3,2024-04-03,Recommendation,2024-05-13,,Security,In Process,,8D8FCC1ABD550C5F25DBFAA57D59CB67,94A990462684A2FBB5DFC7FAB1C8975D,,True,0.0,False,,Security,208,214
Property,ADA4D1DAAD8938568C8AD7E5E25FBCB3,2024-04-03,Recommendation,2024-05-13,,Fire_Safety_Management,In Process,,8D8FCC1ABD550C5F25DBFAA57D59CB67,94A990462684A2FBB5DFC7FAB1C8975D,,True,0.0,False,,Other,208,214
Property,ADA4D1DAAD8938568C8AD7E5E25FBCB3,2024-04-03,Recommendation,2024-05-13,,Housekeeping,In Process,,8D8FCC1ABD550C5F25DBFAA57D59CB67,94A990462684A2FBB5DFC7FAB1C8975D,,True,0.0,False,,Housekeeping,208,214
Property,ADA4D1DAAD8938568C8AD7E5E25FBCB3,2023-05-08,Requirement,2024-05-10,2024-06-07,External_Storage,In Process,,8D8FCC1ABD550C5F25DBFAA57D59CB67,94A990462684A2FBB5DFC7FAB1C8975D,,True,438.0,True,28.0,Other,208,214
Property,ADA4D1DAAD8938568C8AD7E5E25FBCB3,2023-05-08,Requirement,2024-05-10,2024-06-07,Housekeeping,In Process,,8D8FCC1ABD550C5F25DBFAA57D59CB67,94A990462684A2FBB5DFC7FAB1C8975D,,True,438.0,True,28.0,Housekeeping,208,214
Property,ADA4D1DAAD8938568C8AD7E5E25FBCB3,2023-05-08,Requirement,2024-05-10,2024-06-07,Construction,In Process,,8D8FCC1ABD550C5F25DBFAA57D59CB67,94A990462684A2FBB5DFC7FAB1C8975D,,True,438.0,True,28.0,Other,208,214
Property,ADA4D1DAAD8938568C8AD7E5E25FBCB3,2023-05-08,Requirement,2024-05-10,2024-06-07,Construction,In Process,,8D8FCC1ABD550C5F25DBFAA57D59CB67,94A990462684A2FBB5DFC7FAB1C8975D,,True,438.0,True,28.0,Other,208,214
Property,ADA4D1DAAD8938568C8AD7E5E25FBCB3,2023-05-08,Requirement,2024-05-10,2024-06-07,Electrical_Maintenance,In Process,,8D8FCC1ABD550C5F25DBFAA57D59CB67,94A990462684A2FBB5DFC7FAB1C8975D,,True,438.0,True,28.0,Other,208,214
Property,ADA4D1DAAD8938568C8AD7E5E25FBCB3,2023-05-08,Requirement,2024-05-10,2024-06-07,Other_Perils,In Process,,8D8FCC1ABD550C5F25DBFAA57D59CB67,94A990462684A2FBB5DFC7FAB1C8975D,,True,438.0,True,28.0,Other,208,214
Property,ADA4D1DAAD8938568C8AD7E5E25FBCB3,2023-05-08,Requirement,2024-05-10,2024-06-07,Fire_Safety_Management,In Process,,8D8FCC1ABD550C5F25DBFAA57D59CB67,94A990462684A2FBB5DFC7FAB1C8975D,,True,438.0,True,28.0,Other,208,214
Property,ADA4D1DAAD8938568C8AD7E5E25FBCB3,2023-05-08,Requirement,2024-05-10,2024-06-07,Fire_Safety_Management,In Process,,8D8FCC1ABD550C5F25DBFAA57D59CB67,94A990462684A2FBB5DFC7FAB1C8975D,,True,438.0,True,28.0,Other,208,214
Property,ADA4D1DAAD8938568C8AD7E5E25FBCB3,2023-05-08,Requirement,2024-05-10,2024-06-07,Security,In Process,,8D8FCC1ABD550C5F25DBFAA57D59CB67,94A990462684A2FBB5DFC7FAB1C8975D,,True,438.0,True,28.0,Security,208,214
Property,ADA4D1DAAD8938568C8AD7E5E25FBCB3,2023-05-08,Recommendation,2024-05-10,2024-06-07,Other_Perils,In Process,,8D8FCC1ABD550C5F25DBFAA57D59CB67,94A990462684A2FBB5DFC7FAB1C8975D,,True,438.0,True,28.0,Other,208,214
Property,ADA4D1DAAD8938568C8AD7E5E25FBCB3,2023-05-08,Recommendation,2024-05-10,2024-06-07,Construction,In Process,,8D8FCC1ABD550C5F25DBFAA57D59CB67,94A990462684A2FBB5DFC7FAB1C8975D,,True,438.0,True,28.0,Other,208,214
Property,ADA4D1DAAD8938568C8AD7E5E25FBCB3,2023-05-08,Recommendation,2024-05-10,2024-06-07,Asbestos,In Process,,8D8FCC1ABD550C5F25DBFAA57D59CB67,94A990462684A2FBB5DFC7FAB1C8975D,,True,438.0,True,28.0,Other,208,214
Property,ADA4D1DAAD8938568C8AD7E5E25FBCB3,2023-05-08,Recommendation,2024-05-10,2024-06-07,Electrical_Maintenance,In Process,,8D8FCC1ABD550C5F25DBFAA57D59CB67,94A990462684A2FBB5DFC7FAB1C8975D,,True,438.0,True,28.0,Other,208,214
Property,ADA4D1DAAD8938568C8AD7E5E25FBCB3,2023-05-08,Recommendation,2024-05-10,2024-06-07,External_Storage,In Process,,8D8FCC1ABD550C5F25DBFAA57D59CB67,94A990462684A2FBB5DFC7FAB1C8975D,,True,438.0,True,28.0,Other,208,214
Property,ADA4D1DAAD8938568C8AD7E5E25FBCB3,2024-04-24,Requirement,2024-04-29,2024-05-31,Electrical_Maintenance,In Process,,8D8FCC1ABD550C5F25DBFAA57D59CB67,94A990462684A2FBB5DFC7FAB1C8975D,,True,445.0,True,32.0,Other,208,214
Property,ADA4D1DAAD8938568C8AD7E5E25FBCB3,2024-04-24,Requirement,2024-04-29,2024-05-31,Emergency_Response,In Process,,8D8FCC1ABD550C5F25DBFAA57D59CB67,94A990462684A2FBB5DFC7FAB1C8975D,,True,445.0,True,32.0,Other,208,214
Property,ADA4D1DAAD8938568C8AD7E5E25FBCB3,2024-04-24,Requirement,2024-04-29,2024-05-31,Housekeeping,In Process,,8D8FCC1ABD550C5F25DBFAA57D59CB67,94A990462684A2FBB5DFC7FAB1C8975D,,True,445.0,True,32.0,Housekeeping,208,214
Property,ADA4D1DAAD8938568C8AD7E5E25FBCB3,2024-04-24,Requirement,2024-04-29,2024-05-31,Security,In Process,,8D8FCC1ABD550C5F25DBFAA57D59CB67,94A990462684A2FBB5DFC7FAB1C8975D,,True,445.0,True,32.0,Security,208,214
Property,ADA4D1DAAD8938568C8AD7E5E25FBCB3,2024-04-24,Requirement,2024-04-29,2024-05-31,Construction,In Process,,8D8FCC1ABD550C5F25DBFAA57D59CB67,94A990462684A2FBB5DFC7FAB1C8975D,,True,445.0,True,32.0,Other,208,214
Property,ADA4D1DAAD8938568C8AD7E5E25FBCB3,2024-04-24,Requirement,2024-04-29,2024-05-31,Fire_Safety_Management,In Process,,8D8FCC1ABD550C5F25DBFAA57D59CB67,94A990462684A2FBB5DFC7FAB1C8975D,,True,445.0,True,32.0,Other,208,214
Property,ADA4D1DAAD8938568C8AD7E5E25FBCB3,2024-04-24,Recommendation,2024-04-29,,Utilities,In Process,,8D8FCC1ABD550C5F25DBFAA57D59CB67,94A990462684A2FBB5DFC7FAB1C8975D,,True,0.0,False,,Other,208,214
Property,ADA4D1DAAD8938568C8AD7E5E25FBCB3,2024-04-24,Recommendation,2024-04-29,,Utilities,In Process,,8D8FCC1ABD550C5F25DBFAA57D59CB67,94A990462684A2FBB5DFC7FAB1C8975D,,True,0.0,False,,Other,208,214
Property,ADA4D1DAAD8938568C8AD7E5E25FBCB3,2024-02-22,Requirement,2024-04-29,2024-05-31,Construction,In Process,,8D8FCC1ABD550C5F25DBFAA57D59CB67,94A990462684A2FBB5DFC7FAB1C8975D,,True,445.0,True,32.0,Other,208,214
Property,ADA4D1DAAD8938568C8AD7E5E25FBCB3,2024-02-22,Requirement,2024-04-29,2024-05-31,Construction,In Process,,8D8FCC1ABD550C5F25DBFAA57D59CB67,94A990462684A2FBB5DFC7FAB1C8975D,,True,445.0,True,32.0,Other,208,214
Property,ADA4D1DAAD8938568C8AD7E5E25FBCB3,2024-02-22,Requirement,2024-04-29,2024-05-31,Security,In Process,,8D8FCC1ABD550C5F25DBFAA57D59CB67,94A990462684A2FBB5DFC7FAB1C8975D,,True,445.0,True,32.0,Security,208,214
Property,ADA4D1DAAD8938568C8AD7E5E25FBCB3,2024-02-22,Requirement,2024-04-29,2024-05-31,Flammable_Liquids,In Process,,8D8FCC1ABD550C5F25DBFAA57D59CB67,94A990462684A2FBB5DFC7FAB1C8975D,,True,445.0,True,32.0,Other,208,214
Property,ADA4D1DAAD8938568C8AD7E5E25FBCB3,2024-02-22,Requirement,2024-04-29,2024-05-31,Housekeeping,In Process,,8D8FCC1ABD550C5F25DBFAA57D59CB67,94A990462684A2FBB5DFC7FAB1C8975D,,True,445.0,True,32.0,Housekeeping,208,214
Property,ADA4D1DAAD8938568C8AD7E5E25FBCB3,2024-02-22,Requirement,2024-04-29,2024-05-31,Utilities,In Process,,8D8FCC1ABD550C5F25DBFAA57D59CB67,94A990462684A2FBB5DFC7FAB1C8975D,,True,445.0,True,32.0,Other,208,214
Property,ADA4D1DAAD8938568C8AD7E5E25FBCB3,2024-02-22,Requirement,2024-04-29,2024-05-31,Fire_Safety_Management,In Process,,8D8FCC1ABD550C5F25DBFAA57D59CB67,94A990462684A2FBB5DFC7FAB1C8975D,,True,445.0,True,32.0,Other,208,214
Property,ADA4D1DAAD8938568C8AD7E5E25FBCB3,2024-02-22,Recommendation,2024-04-29,,Construction,In Process,,8D8FCC1ABD550C5F25DBFAA57D59CB67,94A990462684A2FBB5DFC7FAB1C8975D,,True,0.0,False,,Other,208,214
Property,ADA4D1DAAD8938568C8AD7E5E25FBCB3,2024-02-22,Recommendation,2024-04-29,,Electrical_Maintenance,In Process,,8D8FCC1ABD550C5F25DBFAA57D59CB67,94A990462684A2FBB5DFC7FAB1C8975D,,True,0.0,False,,Other,208,214
Property,ADA4D1DAAD8938568C8AD7E5E25FBCB3,2024-02-22,Recommendation,2024-04-29,,Electrical_Maintenance,In Process,,8D8FCC1ABD550C5F25DBFAA57D59CB67,94A990462684A2FBB5DFC7FAB1C8975D,,True,0.0,False,,Other,208,214
Property,ADA4D1DAAD8938568C8AD7E5E25FBCB3,2024-02-22,Recommendation,2024-04-29,,Security,In Process,,8D8FCC1ABD550C5F25DBFAA57D59CB67,94A990462684A2FBB5DFC7FAB1C8975D,,True,0.0,False,,Security,208,214
Property,ADA4D1DAAD8938568C8AD7E5E25FBCB3,2024-02-22,Recommendation,2024-04-29,,Security,In Process,,8D8FCC1ABD550C5F25DBFAA57D59CB67,94A990462684A2FBB5DFC7FAB1C8975D,,True,0.0,False,,Security,208,214
Property,ADA4D1DAAD8938568C8AD7E5E25FBCB3,2024-02-22,Recommendation,2024-04-29,,Construction,In Process,,8D8FCC1ABD550C5F25DBFAA57D59CB67,94A990462684A2FBB5DFC7FAB1C8975D,,True,0.0,False,,Other,208,214
Property,ADA4D1DAAD8938568C8AD7E5E25FBCB3,2024-02-22,Recommendation,2024-04-29,,Fire_Safety_Management,In Process,,8D8FCC1ABD550C5F25DBFAA57D59CB67,94A990462684A2FBB5DFC7FAB1C8975D,,True,0.0,False,,Other,208,214
Property,ADA4D1DAAD8938568C8AD7E5E25FBCB3,2024-02-22,Recommendation,2024-04-29,,Fire_Safety_Management,In Process,,8D8FCC1ABD550C5F25DBFAA57D59CB67,94A990462684A2FBB5DFC7FAB1C8975D,,True,0.0,False,,Other,208,214
Property,ADA4D1DAAD8938568C8AD7E5E25FBCB3,2024-02-22,Recommendation,2024-04-29,,Emergency_Response,In Process,,8D8FCC1ABD550C5F25DBFAA57D59CB67,94A990462684A2FBB5DFC7FAB1C8975D,,True,0.0,False,,Other,208,214
Property,ADA4D1DAAD8938568C8AD7E5E25FBCB3,2024-02-22,Recommendation,2024-04-29,,Compartmentation,In Process,,8D8FCC1ABD550C5F25DBFAA57D59CB67,94A990462684A2FBB5DFC7FAB1C8975D,,True,0.0,False,,Other,208,214
Property,ADA4D1DAAD8938568C8AD7E5E25FBCB3,2024-03-13,Requirement,2024-04-30,2024-05-31,Construction,In Process,,8D8FCC1ABD550C5F25DBFAA57D59CB67,94A990462684A2FBB5DFC7FAB1C8975D,,True,445.0,True,31.0,Other,208,214
Property,ADA4D1DAAD8938568C8AD7E5E25FBCB3,2024-03-13,Requirement,2024-04-30,2024-05-31,Emergency_Response,In Process,,8D8FCC1ABD550C5F25DBFAA57D59CB67,94A990462684A2FBB5DFC7FAB1C8975D,,True,445.0,True,31.0,Other,208,214
Property,ADA4D1DAAD8938568C8AD7E5E25FBCB3,2024-03-13,Requirement,2024-04-30,2024-05-31,Security,In Process,,8D8FCC1ABD550C5F25DBFAA57D59CB67,94A990462684A2FBB5DFC7FAB1C8975D,,True,445.0,True,31.0,Security,208,214
Property,ADA4D1DAAD8938568C8AD7E5E25FBCB3,2024-03-13,Requirement,2024-04-30,2024-05-31,Security,In Process,,8D8FCC1ABD550C5F25DBFAA57D59CB67,94A990462684A2FBB5DFC7FAB1C8975D,,True,445.0,True,31.0,Security,208,214
Property,ADA4D1DAAD8938568C8AD7E5E25FBCB3,2024-03-13,Requirement,2024-04-30,2024-05-31,Compartmentation,In Process,,8D8FCC1ABD550C5F25DBFAA57D59CB67,94A990462684A2FBB5DFC7FAB1C8975D,,True,445.0,True,31.0,Other,208,214
Property,ADA4D1DAAD8938568C8AD7E5E25FBCB3,2024-03-13,Requirement,2024-04-30,2024-05-31,Fire_Safety_Management,In Process,,8D8FCC1ABD550C5F25DBFAA57D59CB67,94A990462684A2FBB5DFC7FAB1C8975D,,True,445.0,True,31.0,Other,208,214
Property,ADA4D1DAAD8938568C8AD7E5E25FBCB3,2024-03-13,Requirement,2024-04-30,2024-05-31,Automatic_Fire_Detection,In Process,,8D8FCC1ABD550C5F25DBFAA57D59CB67,94A990462684A2FBB5DFC7FAB1C8975D,,True,445.0,True,31.0,Other,208,214
Property,ADA4D1DAAD8938568C8AD7E5E25FBCB3,2024-03-13,Requirement,2024-04-30,2024-05-31,Smoking,In Process,,8D8FCC1ABD550C5F25DBFAA57D59CB67,94A990462684A2FBB5DFC7FAB1C8975D,,True,445.0,True,31.0,Combustibles,208,214
Property,ADA4D1DAAD8938568C8AD7E5E25FBCB3,2024-03-13,Requirement,2024-04-30,2024-05-31,Fire_Safety_Management,In Process,,8D8FCC1ABD550C5F25DBFAA57D59CB67,94A990462684A2FBB5DFC7FAB1C8975D,,True,445.0,True,31.0,Other,208,214
Property,ADA4D1DAAD8938568C8AD7E5E25FBCB3,2024-03-13,Requirement,2024-04-30,2024-05-31,Housekeeping,In Process,,8D8FCC1ABD550C5F25DBFAA57D59CB67,94A990462684A2FBB5DFC7FAB1C8975D,,True,445.0,True,31.0,Housekeeping,208,214
Property,ADA4D1DAAD8938568C8AD7E5E25FBCB3,2024-03-13,Requirement,2024-04-30,2024-05-31,Security,In Process,,8D8FCC1ABD550C5F25DBFAA57D59CB67,94A990462684A2FBB5DFC7FAB1C8975D,,True,445.0,True,31.0,Security,208,214
Property,ADA4D1DAAD8938568C8AD7E5E25FBCB3,2024-03-13,Requirement,2024-04-30,2024-05-31,Security,In Process,,8D8FCC1ABD550C5F25DBFAA57D59CB67,94A990462684A2FBB5DFC7FAB1C8975D,,True,445.0,True,31.0,Security,208,214
Property,ADA4D1DAAD8938568C8AD7E5E25FBCB3,2024-03-13,Requirement,2024-04-30,2024-05-31,Housekeeping,In Process,,8D8FCC1ABD550C5F25DBFAA57D59CB67,94A990462684A2FBB5DFC7FAB1C8975D,,True,445.0,True,31.0,Housekeeping,208,214
Property,ADA4D1DAAD8938568C8AD7E5E25FBCB3,2024-03-13,Requirement,2024-04-30,2024-05-31,Maintenance,In Process,,8D8FCC1ABD550C5F25DBFAA57D59CB67,94A990462684A2FBB5DFC7FAB1C8975D,,True,445.0,True,31.0,Maintenance,208,214
Property,ADA4D1DAAD8938568C8AD7E5E25FBCB3,2024-03-13,Requirement,2024-04-30,2024-05-31,Fire_Safety_Management,In Process,,8D8FCC1ABD550C5F25DBFAA57D59CB67,94A990462684A2FBB5DFC7FAB1C8975D,,True,445.0,True,31.0,Other,208,214
Property,ADA4D1DAAD8938568C8AD7E5E25FBCB3,2024-03-13,Requirement,2024-04-30,2024-05-31,Automatic_Fire_Detection,In Process,,8D8FCC1ABD550C5F25DBFAA57D59CB67,94A990462684A2FBB5DFC7FAB1C8975D,,True,445.0,True,31.0,Other,208,214
Property,ADA4D1DAAD8938568C8AD7E5E25FBCB3,2024-03-13,Requirement,2024-04-30,2024-05-31,Housekeeping,In Process,,8D8FCC1ABD550C5F25DBFAA57D59CB67,94A990462684A2FBB5DFC7FAB1C8975D,,True,445.0,True,31.0,Housekeeping,208,214
Property,ADA4D1DAAD8938568C8AD7E5E25FBCB3,2024-03-13,Requirement,2024-04-30,2024-05-31,Fire_Safety_Management,In Process,,8D8FCC1ABD550C5F25DBFAA57D59CB67,94A990462684A2FBB5DFC7FAB1C8975D,,True,445.0,True,31.0,Other,208,214
Property,ADA4D1DAAD8938568C8AD7E5E25FBCB3,2024-03-13,Requirement,2024-04-30,2024-05-31,Compartmentation,In Process,,8D8FCC1ABD550C5F25DBFAA57D59CB67,94A990462684A2FBB5DFC7FAB1C8975D,,True,445.0,True,31.0,Other,208,214
Property,ADA4D1DAAD8938568C8AD7E5E25FBCB3,2024-03-13,Requirement,2024-04-30,2024-05-31,Security,In Process,,8D8FCC1ABD550C5F25DBFAA57D59CB67,94A990462684A2FBB5DFC7FAB1C8975D,,True,445.0,True,31.0,Security,208,214
Property,ADA4D1DAAD8938568C8AD7E5E25FBCB3,2024-03-13,Requirement,2024-04-30,2024-05-31,Housekeeping,In Process,,8D8FCC1ABD550C5F25DBFAA57D59CB67,94A990462684A2FBB5DFC7FAB1C8975D,,True,445.0,True,31.0,Housekeeping,208,214
Property,ADA4D1DAAD8938568C8AD7E5E25FBCB3,2024-03-13,Requirement,2024-04-30,2024-05-31,Fire_Safety_Management,In Process,,8D8FCC1ABD550C5F25DBFAA57D59CB67,94A990462684A2FBB5DFC7FAB1C8975D,,True,445.0,True,31.0,Other,208,214
Property,ADA4D1DAAD8938568C8AD7E5E25FBCB3,2024-03-13,Requirement,2024-04-30,2024-05-31,General_Maintenance,In Process,,8D8FCC1ABD550C5F25DBFAA57D59CB67,94A990462684A2FBB5DFC7FAB1C8975D,,True,445.0,True,31.0,Other,208,214
Property,ADA4D1DAAD8938568C8AD7E5E25FBCB3,2024-03-13,Requirement,2024-04-30,2024-05-31,Housekeeping,In Process,,8D8FCC1ABD550C5F25DBFAA57D59CB67,94A990462684A2FBB5DFC7FAB1C8975D,,True,445.0,True,31.0,Housekeeping,208,214
Property,ADA4D1DAAD8938568C8AD7E5E25FBCB3,2024-03-13,Requirement,2024-04-30,2024-05-31,Security,In Process,,8D8FCC1ABD550C5F25DBFAA57D59CB67,94A990462684A2FBB5DFC7FAB1C8975D,,True,445.0,True,31.0,Security,208,214
Property,2F03A2AC749004FFF0C686152C9D5291,2024-03-08,Requirement,2024-03-15,2024-05-15,Storage_Hazards,No Response,,47B79BD259E22596FFC4BE2FFBBE5C5A,F4A5F77DBC261A64BD853D05F8410365,,True,461.0,True,61.0,Other,217,5
Property,2F03A2AC749004FFF0C686152C9D5291,2024-03-08,Requirement,2024-03-15,2024-07-15,Business_Continuity,No Response,,47B79BD259E22596FFC4BE2FFBBE5C5A,F4A5F77DBC261A64BD853D05F8410365,,True,400.0,True,122.0,Other,217,5
Property,2F03A2AC749004FFF0C686152C9D5291,2024-03-08,Recommendation,2024-03-15,,Sprinkler_Protection,No Response,,47B79BD259E22596FFC4BE2FFBBE5C5A,F4A5F77DBC261A64BD853D05F8410365,,True,0.0,False,,Other,217,5
Property,2F03A2AC749004FFF0C686152C9D5291,2024-03-08,Recommendation,2024-03-15,,Storage_Hazards,No Response,,47B79BD259E22596FFC4BE2FFBBE5C5A,F4A5F77DBC261A64BD853D05F8410365,,True,0.0,False,,Other,217,5
Property,2F03A2AC749004FFF0C686152C9D5291,2024-03-08,Recommendation,2024-03-15,,Contractor_Controls,No Response,,47B79BD259E22596FFC4BE2FFBBE5C5A,F4A5F77DBC261A64BD853D05F8410365,,True,0.0,False,,Other,217,5
Liability,908A911A42452E1D533710E36C651BD6,2022-05-31,Recommendation,2022-06-06,,Safe_Systems_of_Work,Agreed Long Term,,90581D96B500FD2D3FD701A583409CB8,AA53CA0B650DFD85C4F59FA156F7A2CC,,True,0.0,False,,Other,34,2
Liability,908A911A42452E1D533710E36C651BD6,2022-05-31,Recommendation,2022-06-06,,Safe_Systems_of_Work,Agreed Long Term,,90581D96B500FD2D3FD701A583409CB8,AA53CA0B650DFD85C4F59FA156F7A2CC,,True,0.0,False,,Other,34,2
Property,87D4D16BCDA199EB81A7BF0E05E99716,2024-03-07,Requirement,2024-03-20,2024-06-01,Process_Hazards,No Response,,07D935680B6501B2E42FE4BAEA021389,F4A5F77DBC261A64BD853D05F8410365,,True,444.0,True,73.0,Other,11,7
Property,87D4D16BCDA199EB81A7BF0E05E99716,2024-03-07,Requirement,2024-03-20,2024-06-01,Compartmentation,No Response,,07D935680B6501B2E42FE4BAEA021389,F4A5F77DBC261A64BD853D05F8410365,,True,444.0,True,73.0,Other,11,7
Property,87D4D16BCDA199EB81A7BF0E05E99716,2024-03-07,Requirement,2024-03-20,2024-06-01,External_Storage,No Response,,07D935680B6501B2E42FE4BAEA021389,F4A5F77DBC261A64BD853D05F8410365,,True,444.0,True,73.0,Other,11,7
Property,87D4D16BCDA199EB81A7BF0E05E99716,2024-03-07,Requirement,2024-03-20,2024-06-01,Fire_Safety_Management,No Response,,07D935680B6501B2E42FE4BAEA021389,F4A5F77DBC261A64BD853D05F8410365,,True,444.0,True,73.0,Other,11,7
Property,87D4D16BCDA199EB81A7BF0E05E99716,2024-03-07,Requirement,2024-03-20,2024-06-01,Storage_Hazards,No Response,,07D935680B6501B2E42FE4BAEA021389,F4A5F77DBC261A64BD853D05F8410365,,True,444.0,True,73.0,Other,11,7
Property,87D4D16BCDA199EB81A7BF0E05E99716,2024-03-07,Recommendation,2024-03-20,,Compartmentation,No Response,,07D935680B6501B2E42FE4BAEA021389,F4A5F77DBC261A64BD853D05F8410365,,True,0.0,False,,Other,11,7
Property,87D4D16BCDA199EB81A7BF0E05E99716,2024-03-07,Recommendation,2024-03-20,,Heating_and_Cooling,No Response,,07D935680B6501B2E42FE4BAEA021389,F4A5F77DBC261A64BD853D05F8410365,,True,0.0,False,,Other,11,7
Property,5BAFF96882CE21104D12AA6716024370,2023-05-11,Requirement,2023-05-21,2023-07-01,Process_Hazards,Under Review,,5CE8266757B27623F18AB526111231B6,25EC916D56B8212E569DBF2E4E4B51D4,,True,780.0,True,41.0,Other,310,4
Property,5BAFF96882CE21104D12AA6716024370,2023-05-11,Requirement,2023-05-21,2023-07-01,Permits_to_Work,Under Review,,5CE8266757B27623F18AB526111231B6,25EC916D56B8212E569DBF2E4E4B51D4,,True,780.0,True,41.0,Other,310,4
Property,5BAFF96882CE21104D12AA6716024370,2023-05-11,Recommendation,2023-05-21,,Special_Fixed_Fire_Protection,Under Review,,5CE8266757B27623F18AB526111231B6,25EC916D56B8212E569DBF2E4E4B51D4,,True,0.0,False,,Other,310,4
Property,5BAFF96882CE21104D12AA6716024370,2023-05-11,Recommendation,2023-05-21,,Electrical_Maintenance,No Response,,5CE8266757B27623F18AB526111231B6,25EC916D56B8212E569DBF2E4E4B51D4,,True,0.0,False,,Other,310,4
Property,23B08F263A6C5AFA2A4E15FE32FC16F5,2022-05-27,Recommendation,2022-06-21,,Business_Continuity,No Response,,92A54B358B4CF53CCA4095E4697E1004,1D7B33FC26CA22C2011AAA97FECC43D8,,True,0.0,False,,Other,254,7
Property,23B08F263A6C5AFA2A4E15FE32FC16F5,2022-05-27,Recommendation,2022-06-21,,Process_Hazards,No Response,,92A54B358B4CF53CCA4095E4697E1004,1D7B33FC26CA22C2011AAA97FECC43D8,,True,0.0,False,,Other,254,7
Property,23B08F263A6C5AFA2A4E15FE32FC16F5,2022-05-27,Recommendation,2022-06-21,,External_Storage,No Response,,92A54B358B4CF53CCA4095E4697E1004,1D7B33FC26CA22C2011AAA97FECC43D8,,True,0.0,False,,Other,254,7
Property,23B08F263A6C5AFA2A4E15FE32FC16F5,2022-05-27,Recommendation,2022-06-21,,External_Storage,No Response,,92A54B358B4CF53CCA4095E4697E1004,1D7B33FC26CA22C2011AAA97FECC43D8,,True,0.0,False,,Other,254,7
Property,23B08F263A6C5AFA2A4E15FE32FC16F5,2022-05-27,Recommendation,2022-06-21,,Process_Hazards,No Response,,92A54B358B4CF53CCA4095E4697E1004,1D7B33FC26CA22C2011AAA97FECC43D8,,True,0.0,False,,Other,254,7
Property,23B08F263A6C5AFA2A4E15FE32FC16F5,2022-05-27,Recommendation,2022-06-21,,Permits_to_Work,No Response,,92A54B358B4CF53CCA4095E4697E1004,1D7B33FC26CA22C2011AAA97FECC43D8,,True,0.0,False,,Other,254,7
Property,23B08F263A6C5AFA2A4E15FE32FC16F5,2022-05-27,Recommendation,2022-06-21,,Electrical_Maintenance,No Response,,92A54B358B4CF53CCA4095E4697E1004,1D7B33FC26CA22C2011AAA97FECC43D8,,True,0.0,False,,Other,254,7
Motor,7772C69DB0BF7903DA363591B8DF03ED,2024-02-15,Recommendation,2024-06-10,,Fleet_Risk_Management,In Process,,24D22E03AFB23EDB45C6C8CFA16A280E,D7FB95A565D5B96F24FD2A30A7231729,,True,0.0,False,,Other,23,13
Motor,7772C69DB0BF7903DA363591B8DF03ED,2024-02-15,Recommendation,2024-06-10,,Fleet_Risk_Management,In Process,,24D22E03AFB23EDB45C6C8CFA16A280E,D7FB95A565D5B96F24FD2A30A7231729,,True,0.0,False,,Other,23,13
Motor,7772C69DB0BF7903DA363591B8DF03ED,2024-02-15,Recommendation,2024-06-10,,Fleet_Risk_Management,In Process,,24D22E03AFB23EDB45C6C8CFA16A280E,D7FB95A565D5B96F24FD2A30A7231729,,True,0.0,False,,Other,23,13
Motor,7772C69DB0BF7903DA363591B8DF03ED,2024-02-15,Recommendation,2024-06-10,,Fleet_Risk_Management,In Process,,24D22E03AFB23EDB45C6C8CFA16A280E,D7FB95A565D5B96F24FD2A30A7231729,,True,0.0,False,,Other,23,13
Motor,7772C69DB0BF7903DA363591B8DF03ED,2024-02-15,Recommendation,2024-06-10,,Fleet_Risk_Management,In Process,,24D22E03AFB23EDB45C6C8CFA16A280E,D7FB95A565D5B96F24FD2A30A7231729,,True,0.0,False,,Other,23,13
Motor,7772C69DB0BF7903DA363591B8DF03ED,2024-02-15,Recommendation,2024-06-10,,Fleet_Risk_Management,In Process,,24D22E03AFB23EDB45C6C8CFA16A280E,D7FB95A565D5B96F24FD2A30A7231729,,True,0.0,False,,Other,23,13
Motor,7772C69DB0BF7903DA363591B8DF03ED,2024-02-15,Recommendation,2024-06-10,,Fleet_Risk_Management,In Process,,24D22E03AFB23EDB45C6C8CFA16A280E,D7FB95A565D5B96F24FD2A30A7231729,,True,0.0,False,,Other,23,13
Motor,7772C69DB0BF7903DA363591B8DF03ED,2024-02-15,Recommendation,2024-06-10,,Fleet_Risk_Management,In Process,,24D22E03AFB23EDB45C6C8CFA16A280E,D7FB95A565D5B96F24FD2A30A7231729,,True,0.0,False,,Other,23,13
Motor,7772C69DB0BF7903DA363591B8DF03ED,2024-02-15,Recommendation,2024-06-10,,Fleet_Risk_Management,In Process,,24D22E03AFB23EDB45C6C8CFA16A280E,D7FB95A565D5B96F24FD2A30A7231729,,True,0.0,False,,Other,23,13
Motor,7772C69DB0BF7903DA363591B8DF03ED,2024-02-15,Recommendation,2024-06-10,,Fleet_Risk_Management,In Process,,24D22E03AFB23EDB45C6C8CFA16A280E,D7FB95A565D5B96F24FD2A30A7231729,,True,0.0,False,,Other,23,13
Motor,7772C69DB0BF7903DA363591B8DF03ED,2024-02-15,Recommendation,2024-06-10,,Fleet_Risk_Management,In Process,,24D22E03AFB23EDB45C6C8CFA16A280E,D7FB95A565D5B96F24FD2A30A7231729,,True,0.0,False,,Other,23,13
Motor,7772C69DB0BF7903DA363591B8DF03ED,2024-02-15,Recommendation,2024-06-10,,Fleet_Risk_Management,In Process,,24D22E03AFB23EDB45C6C8CFA16A280E,D7FB95A565D5B96F24FD2A30A7231729,,True,0.0,False,,Other,23,13
Motor,7772C69DB0BF7903DA363591B8DF03ED,2024-02-15,Recommendation,2024-06-10,,Fleet_Risk_Management,In Process,,24D22E03AFB23EDB45C6C8CFA16A280E,D7FB95A565D5B96F24FD2A30A7231729,,True,0.0,False,,Other,23,13
Property,3960F2C539BA4B9B1627CC5B309A07FE,2021-09-23,Recommendation,2021-09-28,2021-10-28,Management_of_Change,No Response,,FBD1E7BA9564863B88D5C43CB833AFAF,E99C19DEC2B574BC5D4990504F6CF550,,True,1391.0,True,30.0,Other,414,4
Property,3960F2C539BA4B9B1627CC5B309A07FE,2021-09-23,Recommendation,2021-09-28,2021-10-28,Fire_Safety_Management,No Response,,FBD1E7BA9564863B88D5C43CB833AFAF,E99C19DEC2B574BC5D4990504F6CF550,,True,1391.0,True,30.0,Other,414,4
Property,3960F2C539BA4B9B1627CC5B309A07FE,2021-09-23,Recommendation,2021-09-28,2021-10-28,General_Maintenance,No Response,,FBD1E7BA9564863B88D5C43CB833AFAF,E99C19DEC2B574BC5D4990504F6CF550,,True,1391.0,True,30.0,Other,414,4
Property,3960F2C539BA4B9B1627CC5B309A07FE,2021-09-23,Recommendation,2021-09-28,2021-10-28,Compartmentation,No Response,,FBD1E7BA9564863B88D5C43CB833AFAF,E99C19DEC2B574BC5D4990504F6CF550,,True,1391.0,True,30.0,Other,414,4
Property,CBD79782487520FDEAA28410694C953D,2023-12-12,Requirement,2024-01-04,2024-03-03,Compartmentation,No Response,,47B79BD259E22596FFC4BE2FFBBE5C5A,F4A5F77DBC261A64BD853D05F8410365,,True,534.0,True,59.0,Other,217,6
Property,CBD79782487520FDEAA28410694C953D,2023-12-12,Recommendation,2024-01-04,,Business_Continuity,No Response,,47B79BD259E22596FFC4BE2FFBBE5C5A,F4A5F77DBC261A64BD853D05F8410365,,True,0.0,False,,Other,217,6
Property,CBD79782487520FDEAA28410694C953D,2023-12-12,Recommendation,2024-01-04,,General_Maintenance,No Response,,47B79BD259E22596FFC4BE2FFBBE5C5A,F4A5F77DBC261A64BD853D05F8410365,,True,0.0,False,,Other,217,6
Property,CBD79782487520FDEAA28410694C953D,2023-12-12,Recommendation,2024-01-04,,Construction,No Response,,47B79BD259E22596FFC4BE2FFBBE5C5A,F4A5F77DBC261A64BD853D05F8410365,,True,0.0,False,,Other,217,6
Property,CBD79782487520FDEAA28410694C953D,2023-12-12,Recommendation,2024-01-04,,Management_of_Change,No Response,,47B79BD259E22596FFC4BE2FFBBE5C5A,F4A5F77DBC261A64BD853D05F8410365,,True,0.0,False,,Other,217,6
Property,CBD79782487520FDEAA28410694C953D,2023-12-12,Recommendation,2024-01-04,,Fire_Service_and_Water_Supplies,No Response,,47B79BD259E22596FFC4BE2FFBBE5C5A,F4A5F77DBC261A64BD853D05F8410365,,True,0.0,False,,Other,217,6
Property,B4B0AC4AFFD3AB363BE477D328C0C464,2024-05-01,Requirement,2024-06-16,2024-08-16,Process_Hazards,Completed Not Verified,2024-07-31,47B79BD259E22596FFC4BE2FFBBE5C5A,C556331DE98FF0977430DADE00C6C714,45.0,True,368.0,True,61.0,Other,217,10
Property,B4B0AC4AFFD3AB363BE477D328C0C464,2024-05-01,Requirement,2024-06-16,2024-08-16,Electrical_Maintenance,Completed Not Verified,,47B79BD259E22596FFC4BE2FFBBE5C5A,C556331DE98FF0977430DADE00C6C714,,True,368.0,True,61.0,Other,217,10
Property,B4B0AC4AFFD3AB363BE477D328C0C464,2024-05-01,Requirement,2024-06-16,2024-08-16,Compartmentation,In Process,,47B79BD259E22596FFC4BE2FFBBE5C5A,C556331DE98FF0977430DADE00C6C714,,True,368.0,True,61.0,Other,217,10
Liability,B4B0AC4AFFD3AB363BE477D328C0C464,2024-05-01,Requirement,2024-06-16,2024-08-16,Manual_Handling,In Process,,47B79BD259E22596FFC4BE2FFBBE5C5A,C556331DE98FF0977430DADE00C6C714,,True,368.0,True,61.0,Other,217,10
Liability,B4B0AC4AFFD3AB363BE477D328C0C464,2024-05-01,Requirement,2024-06-16,2024-08-16,Work_at_Height,In Process,,47B79BD259E22596FFC4BE2FFBBE5C5A,C556331DE98FF0977430DADE00C6C714,,True,368.0,True,61.0,Other,217,10
Property,B4B0AC4AFFD3AB363BE477D328C0C464,2024-05-01,Recommendation,2024-05-31,,Business_Continuity,In Process,,47B79BD259E22596FFC4BE2FFBBE5C5A,C556331DE98FF0977430DADE00C6C714,,True,0.0,False,,Other,217,10
Property,B4B0AC4AFFD3AB363BE477D328C0C464,2024-05-01,Recommendation,2024-05-31,,Construction,In Process,,47B79BD259E22596FFC4BE2FFBBE5C5A,C556331DE98FF0977430DADE00C6C714,,True,0.0,False,,Other,217,10
Property,B4B0AC4AFFD3AB363BE477D328C0C464,2024-05-01,Recommendation,2024-05-31,,Security,In Process,,47B79BD259E22596FFC4BE2FFBBE5C5A,C556331DE98FF0977430DADE00C6C714,,True,0.0,False,,Security,217,10
Property,B4B0AC4AFFD3AB363BE477D328C0C464,2024-05-01,Recommendation,2024-05-31,,Fire_Safety_Management,In Process,,47B79BD259E22596FFC4BE2FFBBE5C5A,C556331DE98FF0977430DADE00C6C714,,True,0.0,False,,Other,217,10
Property,B4B0AC4AFFD3AB363BE477D328C0C464,2024-05-01,Recommendation,2024-05-31,,Fire_Safety_Management,In Process,,47B79BD259E22596FFC4BE2FFBBE5C5A,C556331DE98FF0977430DADE00C6C714,,True,0.0,False,,Other,217,10
Property,2539FFE631E5E93E3957DCC961933EA2,2022-08-10,Recommendation,2022-08-23,,Emergency_Response,No Response,,FBD1E7BA9564863B88D5C43CB833AFAF,307FED5E5D71228A4A59DDB546FD431C,,True,0.0,False,,Other,414,2
Property,2539FFE631E5E93E3957DCC961933EA2,2022-08-10,Recommendation,2022-08-23,,General_Maintenance,No Response,,FBD1E7BA9564863B88D5C43CB833AFAF,307FED5E5D71228A4A59DDB546FD431C,,True,0.0,False,,Other,414,2
Liability,4C8557D3AFEF191BBA72F78D4B6C1EC6,2023-10-26,Recommendation,2023-10-31,,Workplace_Transport,In Process,,90581D96B500FD2D3FD701A583409CB8,B86FC6B051F63D73DE262D4C34E3A0A9,,True,0.0,False,,Other,34,2
Liability,4C8557D3AFEF191BBA72F78D4B6C1EC6,2023-10-26,Recommendation,2023-10-31,,Contractor Controls,In Process,,90581D96B500FD2D3FD701A583409CB8,B86FC6B051F63D73DE262D4C34E3A0A9,,True,0.0,False,,Other,34,2
Property,18DBDFF9161E4358081672961CA5D1EF,2024-02-07,Requirement,2024-03-05,2024-05-05,Compartmentation,No Response,2024-03-05,FBD1E7BA9564863B88D5C43CB833AFAF,DEAA993ADB5BB29DE13F501A8E623BE4,0.0,True,471.0,True,61.0,Other,414,5
Property,18DBDFF9161E4358081672961CA5D1EF,2024-02-07,Requirement,2024-03-05,2024-05-05,Compartmentation,No Response,2024-03-05,FBD1E7BA9564863B88D5C43CB833AFAF,DEAA993ADB5BB29DE13F501A8E623BE4,0.0,True,471.0,True,61.0,Other,414,5
Property,18DBDFF9161E4358081672961CA5D1EF,2024-02-07,Requirement,2024-03-05,2024-05-05,Construction,No Response,2024-03-05,FBD1E7BA9564863B88D5C43CB833AFAF,DEAA993ADB5BB29DE13F501A8E623BE4,0.0,True,471.0,True,61.0,Other,414,5
Property,18DBDFF9161E4358081672961CA5D1EF,2024-02-07,Requirement,2024-03-05,2024-05-05,Process_Hazards,No Response,2024-03-05,FBD1E7BA9564863B88D5C43CB833AFAF,DEAA993ADB5BB29DE13F501A8E623BE4,0.0,True,471.0,True,61.0,Other,414,5
Property,18DBDFF9161E4358081672961CA5D1EF,2024-02-07,Requirement,2024-03-05,2024-05-05,External_Storage,No Response,2024-03-05,FBD1E7BA9564863B88D5C43CB833AFAF,DEAA993ADB5BB29DE13F501A8E623BE4,0.0,True,471.0,True,61.0,Other,414,5
Property,BB18B97E40330DA28B9C318E2BECC18D,2024-02-19,Requirement,2024-02-26,2024-04-01,Sprinkler_Protection,Completed Not Verified,2024-04-12,5CE8266757B27623F18AB526111231B6,79CBA1185463850DEDBA31F172F1DC5B,46.0,True,505.0,True,35.0,Other,310,9
Property,BB18B97E40330DA28B9C318E2BECC18D,2024-02-19,Requirement,2024-02-26,2024-04-01,Process_Hazards,Completed Not Verified,2024-04-12,5CE8266757B27623F18AB526111231B6,79CBA1185463850DEDBA31F172F1DC5B,46.0,True,505.0,True,35.0,Other,310,9
Property,BB18B97E40330DA28B9C318E2BECC18D,2024-02-19,Requirement,2024-02-26,2024-03-20,Fire_Safety_Management,Completed Not Verified,2024-04-12,5CE8266757B27623F18AB526111231B6,79CBA1185463850DEDBA31F172F1DC5B,46.0,True,517.0,True,23.0,Other,310,9
Property,BB18B97E40330DA28B9C318E2BECC18D,2024-02-19,Requirement,2024-02-26,2024-03-20,Flammable_Liquids,Completed Not Verified,2024-04-12,5CE8266757B27623F18AB526111231B6,79CBA1185463850DEDBA31F172F1DC5B,46.0,True,517.0,True,23.0,Other,310,9
Property,BB18B97E40330DA28B9C318E2BECC18D,2024-02-19,Requirement,2024-02-26,2024-05-20,Emergency_Response,In Process,,5CE8266757B27623F18AB526111231B6,79CBA1185463850DEDBA31F172F1DC5B,,True,456.0,True,84.0,Other,310,9
Property,BB18B97E40330DA28B9C318E2BECC18D,2024-02-19,Requirement,2024-02-26,2024-05-20,Special_Fixed_Fire_Protection,In Process,2024-04-22,5CE8266757B27623F18AB526111231B6,79CBA1185463850DEDBA31F172F1DC5B,56.0,True,456.0,True,84.0,Other,310,9
Property,BB18B97E40330DA28B9C318E2BECC18D,2024-02-19,Requirement,2024-02-26,,Sprinkler_Protection,Completed Not Verified,2024-04-22,5CE8266757B27623F18AB526111231B6,79CBA1185463850DEDBA31F172F1DC5B,56.0,True,0.0,False,,Other,310,9
Property,BB18B97E40330DA28B9C318E2BECC18D,2024-02-19,Recommendation,2024-02-26,,Storage_Hazards,In Process,2024-07-18,5CE8266757B27623F18AB526111231B6,79CBA1185463850DEDBA31F172F1DC5B,143.0,True,0.0,False,,Other,310,9
Property,BB18B97E40330DA28B9C318E2BECC18D,2024-02-19,Recommendation,2024-02-26,,Special_Fixed_Fire_Protection,No Response,,5CE8266757B27623F18AB526111231B6,79CBA1185463850DEDBA31F172F1DC5B,,True,0.0,False,,Other,310,9
Motor,E4A98100BF24B7041CDF69825432297A,2024-05-22,Recommendation,2024-06-28,,Fleet_Risk_Management,In Process,,24D22E03AFB23EDB45C6C8CFA16A280E,DEAA993ADB5BB29DE13F501A8E623BE4,,True,0.0,False,,Other,23,4
Motor,E4A98100BF24B7041CDF69825432297A,2024-05-22,Recommendation,2024-06-28,,Fleet_Risk_Management,In Process,,24D22E03AFB23EDB45C6C8CFA16A280E,DEAA993ADB5BB29DE13F501A8E623BE4,,True,0.0,False,,Other,23,4
Motor,E4A98100BF24B7041CDF69825432297A,2024-05-22,Recommendation,2024-06-28,,Fleet_Risk_Management,In Process,,24D22E03AFB23EDB45C6C8CFA16A280E,DEAA993ADB5BB29DE13F501A8E623BE4,,True,0.0,False,,Other,23,4
Motor,E4A98100BF24B7041CDF69825432297A,2024-05-22,Recommendation,2024-06-28,,Fleet_Risk_Management,In Process,,24D22E03AFB23EDB45C6C8CFA16A280E,DEAA993ADB5BB29DE13F501A8E623BE4,,True,0.0,False,,Other,23,4
Property,2CF5A34DBD92E359B5D62683C1AE1B68,2022-12-05,Requirement,2023-01-03,2023-04-03,Compartmentation,Completed Verified,2023-07-10,6B712DA7B7CCF80851BEB06DE6C32E6C,A12A3079E14CED46E69BA52B8A90B21A,188.0,True,869.0,True,90.0,Other,188,17
Property,2CF5A34DBD92E359B5D62683C1AE1B68,2022-12-05,Recommendation,2022-01-03,,Contractor_Controls,Completed Not Verified,2023-07-10,6B712DA7B7CCF80851BEB06DE6C32E6C,A12A3079E14CED46E69BA52B8A90B21A,553.0,True,0.0,False,,Other,188,17
Property,2CF5A34DBD92E359B5D62683C1AE1B68,2022-12-05,Recommendation,2023-01-03,,Contractor_Controls,Completed Not Verified,2023-04-28,6B712DA7B7CCF80851BEB06DE6C32E6C,A12A3079E14CED46E69BA52B8A90B21A,115.0,True,0.0,False,,Other,188,17
Property,2CF5A34DBD92E359B5D62683C1AE1B68,2022-12-05,Recommendation,2023-01-03,,Automatic_Fire_Detection,Completed Verified,2023-04-28,6B712DA7B7CCF80851BEB06DE6C32E6C,A12A3079E14CED46E69BA52B8A90B21A,115.0,True,0.0,False,,Other,188,17
Property,2CF5A34DBD92E359B5D62683C1AE1B68,2022-12-06,Requirement,2023-01-03,2023-02-03,Fire_Safety_Management,Completed Not Verified,2023-02-13,6B712DA7B7CCF80851BEB06DE6C32E6C,A12A3079E14CED46E69BA52B8A90B21A,41.0,True,928.0,True,31.0,Other,188,17
Property,2CF5A34DBD92E359B5D62683C1AE1B68,2022-12-06,Requirement,2023-01-03,2023-04-03,General_Maintenance,Completed Not Verified,2023-07-10,5CE8266757B27623F18AB526111231B6,A12A3079E14CED46E69BA52B8A90B21A,188.0,True,869.0,True,90.0,Other,310,17
Property,2CF5A34DBD92E359B5D62683C1AE1B68,2022-12-06,Requirement,2023-01-03,2023-04-03,Other_Perils,No Plans Agreed,2023-07-10,6B712DA7B7CCF80851BEB06DE6C32E6C,A12A3079E14CED46E69BA52B8A90B21A,188.0,True,869.0,True,90.0,Other,188,17
Property,2CF5A34DBD92E359B5D62683C1AE1B68,2023-01-19,Requirement,2023-02-02,2023-04-30,Security,Completed Not Verified,2023-02-13,6B712DA7B7CCF80851BEB06DE6C32E6C,A12A3079E14CED46E69BA52B8A90B21A,11.0,True,842.0,True,87.0,Security,188,17
Property,2CF5A34DBD92E359B5D62683C1AE1B68,2023-01-19,Recommendation,2023-02-02,,Fire_Safety_Management,Completed Not Verified,2023-07-10,6B712DA7B7CCF80851BEB06DE6C32E6C,A12A3079E14CED46E69BA52B8A90B21A,158.0,True,0.0,False,,Other,188,17
Property,2CF5A34DBD92E359B5D62683C1AE1B68,2023-01-19,Recommendation,2023-02-02,,Contractor_Controls,Completed Not Verified,,6B712DA7B7CCF80851BEB06DE6C32E6C,A12A3079E14CED46E69BA52B8A90B21A,,True,0.0,False,,Other,188,17
Property,2CF5A34DBD92E359B5D62683C1AE1B68,2023-01-19,Recommendation,2023-02-02,,Contractor_Controls,Completed Not Verified,2023-07-10,6B712DA7B7CCF80851BEB06DE6C32E6C,A12A3079E14CED46E69BA52B8A90B21A,158.0,True,0.0,False,,Other,188,17
Property,2CF5A34DBD92E359B5D62683C1AE1B68,2023-02-07,Requirement,2023-03-01,2023-03-31,Fire_Safety_Management,Completed Not Verified,2023-07-10,6B712DA7B7CCF80851BEB06DE6C32E6C,A12A3079E14CED46E69BA52B8A90B21A,131.0,True,872.0,True,30.0,Other,188,17
Property,2CF5A34DBD92E359B5D62683C1AE1B68,2023-02-07,Requirement,2023-03-01,2023-03-31,Fire_Safety_Management,Completed Not Verified,2023-07-10,6B712DA7B7CCF80851BEB06DE6C32E6C,A12A3079E14CED46E69BA52B8A90B21A,131.0,True,872.0,True,30.0,Other,188,17
Property,2CF5A34DBD92E359B5D62683C1AE1B68,2023-02-07,Requirement,2023-03-01,2023-03-31,Security and Fire  Safety,Completed Not Verified,2023-07-10,6B712DA7B7CCF80851BEB06DE6C32E6C,A12A3079E14CED46E69BA52B8A90B21A,131.0,True,872.0,True,30.0,Security,188,17
Property,2CF5A34DBD92E359B5D62683C1AE1B68,2023-02-07,Recommendation,2023-03-01,,Housekeeping,Completed Not Verified,2023-07-10,6B712DA7B7CCF80851BEB06DE6C32E6C,A12A3079E14CED46E69BA52B8A90B21A,131.0,True,0.0,False,,Housekeeping,188,17
Property,2CF5A34DBD92E359B5D62683C1AE1B68,2023-02-07,Recommendation,2023-03-01,,Contractor_Controls,Completed Not Verified,2023-07-10,6B712DA7B7CCF80851BEB06DE6C32E6C,A12A3079E14CED46E69BA52B8A90B21A,131.0,True,0.0,False,,Other,188,17
Property,2CF5A34DBD92E359B5D62683C1AE1B68,2023-02-07,Recommendation,2023-03-01,,Fire_Safety_Management,Completed Not Verified,2023-07-10,6B712DA7B7CCF80851BEB06DE6C32E6C,A12A3079E14CED46E69BA52B8A90B21A,131.0,True,0.0,False,,Other,188,17
Property,E3C139F5FEE0AF439C0AAF96346A3E9B,2023-06-21,Requirement,,2023-08-20,Housekeeping,In Process,2023-07-12,90581D96B500FD2D3FD701A583409CB8,3138B8E6061FDF7CFAAA79279175CBCD,,True,730.0,True,,Housekeeping,34,9
Property,E3C139F5FEE0AF439C0AAF96346A3E9B,2023-06-21,Requirement,,2023-08-20,Storage_Hazards,In Process,2023-07-12,90581D96B500FD2D3FD701A583409CB8,3138B8E6061FDF7CFAAA79279175CBCD,,True,730.0,True,,Other,34,9
Liability,E3C139F5FEE0AF439C0AAF96346A3E9B,2023-06-21,Requirement,,2023-08-20,Storage_Hazards,In Process,2023-07-12,90581D96B500FD2D3FD701A583409CB8,D3D4C5DEB455AC79DD5FF47C88BD65D9,,True,730.0,True,,Other,34,9
Property,E3C139F5FEE0AF439C0AAF96346A3E9B,2023-06-21,Recommendation,,,Management_of_Change,No Plans Agreed,2023-07-12,90581D96B500FD2D3FD701A583409CB8,3138B8E6061FDF7CFAAA79279175CBCD,,True,0.0,False,,Other,34,9
Property,E3C139F5FEE0AF439C0AAF96346A3E9B,2023-06-21,Recommendation,,,General_Maintenance,No Plans Agreed,2023-07-12,90581D96B500FD2D3FD701A583409CB8,3138B8E6061FDF7CFAAA79279175CBCD,,True,0.0,False,,Other,34,9
Property,E3C139F5FEE0AF439C0AAF96346A3E9B,2023-06-23,Requirement,,2023-08-20,Housekeeping,In Process,2023-07-12,90581D96B500FD2D3FD701A583409CB8,3138B8E6061FDF7CFAAA79279175CBCD,,True,730.0,True,,Housekeeping,34,9
Liability,E3C139F5FEE0AF439C0AAF96346A3E9B,2023-06-23,Requirement,,2023-08-20,Emergency_Response,In Process,2023-07-12,90581D96B500FD2D3FD701A583409CB8,D3D4C5DEB455AC79DD5FF47C88BD65D9,,True,730.0,True,,Other,34,9
Property,E3C139F5FEE0AF439C0AAF96346A3E9B,2023-06-23,Requirement,,2023-08-20,Electrical_Maintenance,In Process,2023-07-12,90581D96B500FD2D3FD701A583409CB8,3138B8E6061FDF7CFAAA79279175CBCD,,True,730.0,True,,Other,34,9
Property,E3C139F5FEE0AF439C0AAF96346A3E9B,2023-06-23,Recommendation,,,Housekeeping,No Plans Agreed,2023-07-12,90581D96B500FD2D3FD701A583409CB8,3138B8E6061FDF7CFAAA79279175CBCD,,True,0.0,False,,Housekeeping,34,9
Liability,C05813531344B6C3D8A67492DE2BD456,2022-06-21,Recommendation,2022-06-23,,Process_Hazards_-_Casualty,Completed Verified,,7B6166324DC52F374D908E03602B1DAF,6848AE6F8E786062F1B23476C9ECD258,,True,0.0,False,,Other,14,6
Liability,C05813531344B6C3D8A67492DE2BD456,2022-06-21,Recommendation,2022-06-23,,Process_Hazards_-_Casualty,Completed Verified,,7B6166324DC52F374D908E03602B1DAF,6848AE6F8E786062F1B23476C9ECD258,,True,0.0,False,,Other,14,6
Liability,C05813531344B6C3D8A67492DE2BD456,2022-06-21,Recommendation,2022-06-23,,Process_Hazards,Completed Verified,,7B6166324DC52F374D908E03602B1DAF,6848AE6F8E786062F1B23476C9ECD258,,True,0.0,False,,Other,14,6
Liability,C05813531344B6C3D8A67492DE2BD456,2022-06-21,Recommendation,2022-06-23,,Process_Hazards,Completed Verified,,7B6166324DC52F374D908E03602B1DAF,6848AE6F8E786062F1B23476C9ECD258,,True,0.0,False,,Other,14,6
Liability,C05813531344B6C3D8A67492DE2BD456,2022-06-21,Recommendation,2022-06-23,,Process_Hazards,Completed Verified,,7B6166324DC52F374D908E03602B1DAF,6848AE6F8E786062F1B23476C9ECD258,,True,0.0,False,,Other,14,6
Liability,C05813531344B6C3D8A67492DE2BD456,2022-06-21,Recommendation,2022-06-23,,Process_Hazards,Completed Verified,,7B6166324DC52F374D908E03602B1DAF,6848AE6F8E786062F1B23476C9ECD258,,True,0.0,False,,Other,14,6
Property,EDD02A662CBBE87CD975D66F8DBC4185,2021-07-12,Recommendation,2021-08-04,,Compartmentation,Completed Verified,2021-09-24,FBD1E7BA9564863B88D5C43CB833AFAF,C6CCE58F32CB59A6162853C797F5AE77,51.0,True,0.0,False,,Other,414,1
Property,09830FC66F03FC5FCC2040445F5221DE,2021-10-05,Recommendation,2021-10-28,,Management_of_Change,Under Review,2022-03-02,6B712DA7B7CCF80851BEB06DE6C32E6C,F4A5F77DBC261A64BD853D05F8410365,125.0,True,0.0,False,,Other,188,7
Property,09830FC66F03FC5FCC2040445F5221DE,2021-10-05,Recommendation,2021-10-28,,General_Maintenance,Under Review,2022-03-01,6B712DA7B7CCF80851BEB06DE6C32E6C,F4A5F77DBC261A64BD853D05F8410365,124.0,True,0.0,False,,Other,188,7
Property,09830FC66F03FC5FCC2040445F5221DE,2021-10-05,Recommendation,2021-10-28,,Electrical_Maintenance,In Process,2022-03-01,6B712DA7B7CCF80851BEB06DE6C32E6C,F4A5F77DBC261A64BD853D05F8410365,124.0,True,0.0,False,,Other,188,7
Property,09830FC66F03FC5FCC2040445F5221DE,2021-10-05,Recommendation,2021-10-28,,Process_Hazards,No Response,2023-02-13,6B712DA7B7CCF80851BEB06DE6C32E6C,F4A5F77DBC261A64BD853D05F8410365,473.0,True,0.0,False,,Other,188,7
Property,09830FC66F03FC5FCC2040445F5221DE,2021-10-21,Recommendation,2021-11-22,,Fire_Safety_Management,Completed Verified,2022-03-02,6B712DA7B7CCF80851BEB06DE6C32E6C,F4A5F77DBC261A64BD853D05F8410365,100.0,True,0.0,False,,Other,188,7
Property,09830FC66F03FC5FCC2040445F5221DE,2021-10-21,Recommendation,2021-11-22,,General_Maintenance,Completed Verified,2022-03-02,6B712DA7B7CCF80851BEB06DE6C32E6C,F4A5F77DBC261A64BD853D05F8410365,100.0,True,0.0,False,,Other,188,7
Property,09830FC66F03FC5FCC2040445F5221DE,2021-10-21,Recommendation,2021-11-22,,Business_Continuity,In Process,2022-03-02,6B712DA7B7CCF80851BEB06DE6C32E6C,F4A5F77DBC261A64BD853D05F8410365,100.0,True,0.0,False,,Other,188,7
Property,A549B5C1325632AF2BA989B3586A7B4A,2021-12-02,Requirement,2022-02-07,2022-03-07,Housekeeping,No Response,,92A54B358B4CF53CCA4095E4697E1004,307FED5E5D71228A4A59DDB546FD431C,,True,1261.0,True,28.0,Housekeeping,254,6
Property,A549B5C1325632AF2BA989B3586A7B4A,2021-12-02,Requirement,2022-02-07,2022-03-07,External_Storage,No Response,,92A54B358B4CF53CCA4095E4697E1004,307FED5E5D71228A4A59DDB546FD431C,,True,1261.0,True,28.0,Other,254,6
Property,A549B5C1325632AF2BA989B3586A7B4A,2021-12-02,Requirement,2022-02-07,2022-03-07,Housekeeping,No Response,,92A54B358B4CF53CCA4095E4697E1004,307FED5E5D71228A4A59DDB546FD431C,,True,1261.0,True,28.0,Housekeeping,254,6
Property,A549B5C1325632AF2BA989B3586A7B4A,2021-12-02,Recommendation,2022-02-07,,Fire_Safety_Management,No Response,,92A54B358B4CF53CCA4095E4697E1004,307FED5E5D71228A4A59DDB546FD431C,,True,0.0,False,,Other,254,6
Property,A549B5C1325632AF2BA989B3586A7B4A,2021-12-02,Recommendation,2022-02-07,,Electrical_Maintenance,No Response,,92A54B358B4CF53CCA4095E4697E1004,307FED5E5D71228A4A59DDB546FD431C,,True,0.0,False,,Other,254,6
Property,A549B5C1325632AF2BA989B3586A7B4A,2021-12-02,Recommendation,2022-02-07,,General_Maintenance,No Response,,92A54B358B4CF53CCA4095E4697E1004,307FED5E5D71228A4A59DDB546FD431C,,True,0.0,False,,Other,254,6
Property,0F411304150D0A28270FB9BCB1146E86,2022-06-01,Recommendation,2022-06-01,,General_Maintenance,No Response,,6B712DA7B7CCF80851BEB06DE6C32E6C,3A52F3C22ED6FCDE5BF696A6C02C9E73,,True,0.0,False,,Other,188,1
Property,6C057132C4FE6D53449DB4BB98D48374,2024-03-15,Requirement,2024-04-04,2024-06-04,Housekeeping,In Process,,C17D19F7520BE36ADDBEB5D2C76AB7CF,E99C19DEC2B574BC5D4990504F6CF550,,True,441.0,True,61.0,Housekeeping,21,15
Property,6C057132C4FE6D53449DB4BB98D48374,2024-03-15,Requirement,2024-04-04,2024-06-04,Storage_Hazards,In Process,,C17D19F7520BE36ADDBEB5D2C76AB7CF,E99C19DEC2B574BC5D4990504F6CF550,,True,441.0,True,61.0,Other,21,15
Property,6C057132C4FE6D53449DB4BB98D48374,2024-03-15,Requirement,2024-04-04,2024-06-04,Construction,In Process,,C17D19F7520BE36ADDBEB5D2C76AB7CF,E99C19DEC2B574BC5D4990504F6CF550,,True,441.0,True,61.0,Other,21,15
Property,6C057132C4FE6D53449DB4BB98D48374,2024-03-15,Requirement,2024-04-04,2024-06-04,Security,In Process,,C17D19F7520BE36ADDBEB5D2C76AB7CF,E99C19DEC2B574BC5D4990504F6CF550,,True,441.0,True,61.0,Security,21,15
Property,6C057132C4FE6D53449DB4BB98D48374,2024-03-15,Requirement,2024-04-04,2024-06-04,General_Maintenance,In Process,,C17D19F7520BE36ADDBEB5D2C76AB7CF,E99C19DEC2B574BC5D4990504F6CF550,,True,441.0,True,61.0,Other,21,15
Property,6C057132C4FE6D53449DB4BB98D48374,2024-03-15,Requirement,2024-04-04,2024-06-04,Fire_Service_and_Water_Supplies,In Process,,C17D19F7520BE36ADDBEB5D2C76AB7CF,E99C19DEC2B574BC5D4990504F6CF550,,True,441.0,True,61.0,Other,21,15
Property,6C057132C4FE6D53449DB4BB98D48374,2024-03-15,Requirement,2024-04-04,2024-06-04,Housekeeping,In Process,,C17D19F7520BE36ADDBEB5D2C76AB7CF,E99C19DEC2B574BC5D4990504F6CF550,,True,441.0,True,61.0,Housekeeping,21,15
Property,6C057132C4FE6D53449DB4BB98D48374,2024-03-15,Requirement,2024-04-04,2024-06-04,General_Maintenance,In Process,,C17D19F7520BE36ADDBEB5D2C76AB7CF,E99C19DEC2B574BC5D4990504F6CF550,,True,441.0,True,61.0,Other,21,15
Property,6C057132C4FE6D53449DB4BB98D48374,2024-03-15,Requirement,2024-04-04,2024-06-04,Compartmentation,In Process,,C17D19F7520BE36ADDBEB5D2C76AB7CF,E99C19DEC2B574BC5D4990504F6CF550,,True,441.0,True,61.0,Other,21,15
Property,6C057132C4FE6D53449DB4BB98D48374,2024-02-15,Requirement,2024-04-04,2024-06-04,General_Maintenance,In Process,,C17D19F7520BE36ADDBEB5D2C76AB7CF,E99C19DEC2B574BC5D4990504F6CF550,,True,441.0,True,61.0,Other,21,15
Property,6C057132C4FE6D53449DB4BB98D48374,2024-02-15,Requirement,2024-04-04,2024-06-04,Construction,In Process,,C17D19F7520BE36ADDBEB5D2C76AB7CF,E99C19DEC2B574BC5D4990504F6CF550,,True,441.0,True,61.0,Other,21,15
Property,6C057132C4FE6D53449DB4BB98D48374,2024-02-15,Requirement,2024-04-04,2024-06-04,General_Maintenance,In Process,,C17D19F7520BE36ADDBEB5D2C76AB7CF,E99C19DEC2B574BC5D4990504F6CF550,,True,441.0,True,61.0,Other,21,15
Property,6C057132C4FE6D53449DB4BB98D48374,2024-02-15,Requirement,2024-04-04,2024-06-04,Inspections,In Process,,C17D19F7520BE36ADDBEB5D2C76AB7CF,E99C19DEC2B574BC5D4990504F6CF550,,True,441.0,True,61.0,Other,21,15
Property,6C057132C4FE6D53449DB4BB98D48374,2024-02-15,Requirement,2024-04-04,2024-06-04,External_Storage,In Process,,C17D19F7520BE36ADDBEB5D2C76AB7CF,E99C19DEC2B574BC5D4990504F6CF550,,True,441.0,True,61.0,Other,21,15
Property,6C057132C4FE6D53449DB4BB98D48374,2024-02-15,Requirement,2024-04-04,2024-06-04,Compartmentation,In Process,,C17D19F7520BE36ADDBEB5D2C76AB7CF,E99C19DEC2B574BC5D4990504F6CF550,,True,441.0,True,61.0,Other,21,15
Property,1D3AC56972D68DEC3B33A04C1FF7647D,2023-07-24,Requirement,,2023-09-04,Fire_Safety_Management,No Response,,3754385271C4F2A2648B471683D21149,A06B33D1EA28E90733617EC889D4E76E,,True,715.0,True,,Other,1,1
Motor,EEBD8071ED2C2AB41AB9C8B9C51B5158,2024-02-06,Recommendation,2024-02-08,2024-09-08,Management_of_Change,In Process,2024-02-26,534AC75C2E8AC3E3FE7BC32BB8C6E34A,A12A3079E14CED46E69BA52B8A90B21A,18.0,True,345.0,True,213.0,Other,79,4
Motor,EEBD8071ED2C2AB41AB9C8B9C51B5158,2024-02-06,Recommendation,2024-02-08,2024-02-22,Root_Cause,Completed Verified,2024-02-26,534AC75C2E8AC3E3FE7BC32BB8C6E34A,A12A3079E14CED46E69BA52B8A90B21A,18.0,True,544.0,True,14.0,Other,79,4
Motor,EEBD8071ED2C2AB41AB9C8B9C51B5158,2024-02-06,Recommendation,2024-02-08,2024-09-08,Workplace_Transport,In Process,2024-02-26,534AC75C2E8AC3E3FE7BC32BB8C6E34A,A12A3079E14CED46E69BA52B8A90B21A,18.0,True,345.0,True,213.0,Other,79,4
Motor,EEBD8071ED2C2AB41AB9C8B9C51B5158,2024-02-06,Recommendation,2024-02-08,2024-09-08,Workplace_Transport,In Process,2024-02-26,534AC75C2E8AC3E3FE7BC32BB8C6E34A,A12A3079E14CED46E69BA52B8A90B21A,18.0,True,345.0,True,213.0,Other,79,4
Liability,1B2AE3608C4EAF2C345FCAAFD7E929B4,2020-11-02,Requirement,2020-11-04,2021-01-31,Process_Hazards,Completed Not Verified,2022-12-21,5CE8266757B27623F18AB526111231B6,4D63EC1AA4C46738107033714ADF7189,777.0,True,1661.0,True,88.0,Other,310,9
Liability,1B2AE3608C4EAF2C345FCAAFD7E929B4,2020-11-02,Requirement,2020-11-04,2020-12-05,Storage_Hazards,Completed Verified,2022-12-21,5CE8266757B27623F18AB526111231B6,4D63EC1AA4C46738107033714ADF7189,777.0,True,1718.0,True,31.0,Other,310,9
Liability,1B2AE3608C4EAF2C345FCAAFD7E929B4,2020-11-02,Requirement,2020-11-04,2021-01-31,Management_of_Change,Completed Verified,2022-12-21,5CE8266757B27623F18AB526111231B6,4D63EC1AA4C46738107033714ADF7189,777.0,True,1661.0,True,88.0,Other,310,9
Property,1B2AE3608C4EAF2C345FCAAFD7E929B4,2020-11-02,Requirement,2020-11-04,2021-01-15,Fire_Safety_Management,Completed Verified,2022-12-20,5CE8266757B27623F18AB526111231B6,79CBA1185463850DEDBA31F172F1DC5B,776.0,True,1677.0,True,72.0,Other,310,9
Property,1B2AE3608C4EAF2C345FCAAFD7E929B4,2020-11-02,Requirement,2020-11-04,2021-01-15,Flammable_Liquids,Completed Verified,2022-12-20,5CE8266757B27623F18AB526111231B6,79CBA1185463850DEDBA31F172F1DC5B,776.0,True,1677.0,True,72.0,Other,310,9
Property,1B2AE3608C4EAF2C345FCAAFD7E929B4,2020-11-02,Requirement,2020-11-04,2021-02-01,Storage_Hazards,Completed Verified,2022-12-20,5CE8266757B27623F18AB526111231B6,79CBA1185463850DEDBA31F172F1DC5B,776.0,True,1660.0,True,89.0,Other,310,9
Property,1B2AE3608C4EAF2C345FCAAFD7E929B4,2020-11-02,Requirement,2020-11-04,2021-11-04,Storage_Hazards,Completed Verified,2022-12-20,5CE8266757B27623F18AB526111231B6,79CBA1185463850DEDBA31F172F1DC5B,776.0,True,1384.0,True,365.0,Other,310,9
Liability,1B2AE3608C4EAF2C345FCAAFD7E929B4,2020-11-02,Recommendation,2020-11-04,,Storage_Hazards,Completed Verified,2022-12-21,5CE8266757B27623F18AB526111231B6,4D63EC1AA4C46738107033714ADF7189,777.0,True,0.0,False,,Other,310,9
Liability,1B2AE3608C4EAF2C345FCAAFD7E929B4,2020-11-02,Recommendation,2020-11-04,,Housekeeping,Completed Not Verified,2023-08-03,5CE8266757B27623F18AB526111231B6,4D63EC1AA4C46738107033714ADF7189,1002.0,True,0.0,False,,Housekeeping,310,9
Property,91542E24EDEC4F369B58C468BF281734,2023-04-25,Recommendation,,,Housekeeping,No Plans Agreed,,90581D96B500FD2D3FD701A583409CB8,EB4BFFE0D6DDACCB8A7D487B7B8FCD42,,True,0.0,False,,Housekeeping,34,2
Property,91542E24EDEC4F369B58C468BF281734,2023-04-25,Recommendation,,,Security,No Plans Agreed,,90581D96B500FD2D3FD701A583409CB8,EB4BFFE0D6DDACCB8A7D487B7B8FCD42,,True,0.0,False,,Security,34,2
Property,B3A74DC67BCEFA49B9F36E0F361F1EF8,2023-11-14,Recommendation,2023-01-06,,Storage_Hazards,No Response,2023-01-06,07D935680B6501B2E42FE4BAEA021389,A12A3079E14CED46E69BA52B8A90B21A,0.0,True,0.0,False,,Other,11,2
Property,B3A74DC67BCEFA49B9F36E0F361F1EF8,2023-11-14,Recommendation,2023-01-06,,Storage_Hazards,No Response,2023-01-06,07D935680B6501B2E42FE4BAEA021389,A12A3079E14CED46E69BA52B8A90B21A,0.0,True,0.0,False,,Other,11,2
Property,A38291FB349B6292680C4610CC62107D,2023-05-17,Recommendation,,,Process_Hazards,In Process,2023-05-31,FBD1E7BA9564863B88D5C43CB833AFAF,F4A5F77DBC261A64BD853D05F8410365,,True,0.0,False,,Other,414,7
Property,A38291FB349B6292680C4610CC62107D,2023-05-17,Recommendation,,,Process_Hazards,In Process,2023-05-31,FBD1E7BA9564863B88D5C43CB833AFAF,F4A5F77DBC261A64BD853D05F8410365,,True,0.0,False,,Other,414,7
Property,A38291FB349B6292680C4610CC62107D,2023-05-17,Recommendation,,,Electrical_Maintenance,In Process,2023-05-31,FBD1E7BA9564863B88D5C43CB833AFAF,F4A5F77DBC261A64BD853D05F8410365,,True,0.0,False,,Other,414,7
Property,A38291FB349B6292680C4610CC62107D,2023-05-17,Recommendation,,,Electrical_Maintenance,In Process,2023-05-31,FBD1E7BA9564863B88D5C43CB833AFAF,F4A5F77DBC261A64BD853D05F8410365,,True,0.0,False,,Other,414,7
Property,A38291FB349B6292680C4610CC62107D,2023-05-17,Recommendation,,,Housekeeping,In Process,2023-05-31,FBD1E7BA9564863B88D5C43CB833AFAF,F4A5F77DBC261A64BD853D05F8410365,,True,0.0,False,,Housekeeping,414,7
Liability,A38291FB349B6292680C4610CC62107D,2024-01-30,Requirement,2024-02-12,2024-05-12,General_Maintenance,No Response,,FBD1E7BA9564863B88D5C43CB833AFAF,F4A5F77DBC261A64BD853D05F8410365,,True,464.0,True,90.0,Other,414,7
Liability,A38291FB349B6292680C4610CC62107D,2024-01-30,Requirement,2024-02-12,2024-04-12,Claims_Defensibility,No Response,,FBD1E7BA9564863B88D5C43CB833AFAF,F4A5F77DBC261A64BD853D05F8410365,,True,494.0,True,60.0,Other,414,7
Property,40604B9E91A2A07F8A3ADEA40EC0BD92,2021-08-24,Requirement,2021-09-08,2022-03-08,Compartmentation,In Process,2022-03-02,FBD1E7BA9564863B88D5C43CB833AFAF,307FED5E5D71228A4A59DDB546FD431C,175.0,True,1260.0,True,181.0,Other,414,7
Property,40604B9E91A2A07F8A3ADEA40EC0BD92,2021-08-24,Requirement,2021-09-08,2022-03-08,Compartmentation,In Process,2022-03-02,FBD1E7BA9564863B88D5C43CB833AFAF,307FED5E5D71228A4A59DDB546FD431C,175.0,True,1260.0,True,181.0,Other,414,7
Property,40604B9E91A2A07F8A3ADEA40EC0BD92,2021-08-24,Requirement,2021-09-08,2022-03-08,Compartmentation,In Process,2022-03-02,FBD1E7BA9564863B88D5C43CB833AFAF,307FED5E5D71228A4A59DDB546FD431C,175.0,True,1260.0,True,181.0,Other,414,7
Property,40604B9E91A2A07F8A3ADEA40EC0BD92,2021-08-24,Recommendation,2021-09-08,,Process_Hazards,In Process,2022-03-02,FBD1E7BA9564863B88D5C43CB833AFAF,307FED5E5D71228A4A59DDB546FD431C,175.0,True,0.0,False,,Other,414,7
Property,40604B9E91A2A07F8A3ADEA40EC0BD92,2021-08-24,Recommendation,2021-09-08,,Electrical_Maintenance,In Process,2022-03-02,FBD1E7BA9564863B88D5C43CB833AFAF,307FED5E5D71228A4A59DDB546FD431C,175.0,True,0.0,False,,Other,414,7
Property,40604B9E91A2A07F8A3ADEA40EC0BD92,2021-08-24,Recommendation,2021-09-08,,Management_of_Change,In Process,2021-09-16,FBD1E7BA9564863B88D5C43CB833AFAF,307FED5E5D71228A4A59DDB546FD431C,8.0,True,0.0,False,,Other,414,7
Property,40604B9E91A2A07F8A3ADEA40EC0BD92,2021-08-24,Recommendation,2021-09-08,,Business_Continuity,In Process,2021-09-16,FBD1E7BA9564863B88D5C43CB833AFAF,307FED5E5D71228A4A59DDB546FD431C,8.0,True,0.0,False,,Other,414,7
Property,97D7D143EB0221B24B56BDCF344EC7FB,2023-02-06,Recommendation,,,Automatic_Fire_Detection,No Response,2023-02-22,7B6166324DC52F374D908E03602B1DAF,3138B8E6061FDF7CFAAA79279175CBCD,,True,0.0,False,,Other,14,4
Property,97D7D143EB0221B24B56BDCF344EC7FB,2023-02-06,Recommendation,,,Permits_to_Work,No Response,2023-02-22,7B6166324DC52F374D908E03602B1DAF,3138B8E6061FDF7CFAAA79279175CBCD,,True,0.0,False,,Other,14,4
Property,97D7D143EB0221B24B56BDCF344EC7FB,2023-02-06,Recommendation,,,Sprinkler_Protection,No Response,2023-02-22,7B6166324DC52F374D908E03602B1DAF,3138B8E6061FDF7CFAAA79279175CBCD,,True,0.0,False,,Other,14,4
Property,97D7D143EB0221B24B56BDCF344EC7FB,2023-02-06,Recommendation,,,Process_Hazards,No Response,2023-02-22,7B6166324DC52F374D908E03602B1DAF,3138B8E6061FDF7CFAAA79279175CBCD,,True,0.0,False,,Other,14,4
Motor,6C19190D073F5A3E7CA37859C980124E,2024-03-28,Recommendation,2024-07-03,2024-11-03,Fleet_Risk_Management,No Response,,24D22E03AFB23EDB45C6C8CFA16A280E,C556331DE98FF0977430DADE00C6C714,,True,289.0,True,123.0,Other,23,4
Motor,4CC9BF7E63D44E1C0651004173186453,2023-02-01,Recommendation,2023-02-02,,Fleet_Risk_Management,In Process,,534AC75C2E8AC3E3FE7BC32BB8C6E34A,D7FB95A565D5B96F24FD2A30A7231729,,True,0.0,False,,Other,79,1
Property,3D7838CCAD4F5AC407EA502E49B80667,2021-09-21,Requirement,2021-11-26,2022-02-26,Permits_to_Work,Completed Not Verified,2023-08-31,5CE8266757B27623F18AB526111231B6,3138B8E6061FDF7CFAAA79279175CBCD,643.0,True,1270.0,True,92.0,Other,310,39
Property,3D7838CCAD4F5AC407EA502E49B80667,2021-09-21,Requirement,2021-11-26,2022-05-26,Process_Hazards,Completed Not Verified,2023-08-31,5CE8266757B27623F18AB526111231B6,3138B8E6061FDF7CFAAA79279175CBCD,643.0,True,1181.0,True,181.0,Other,310,39
Property,3D7838CCAD4F5AC407EA502E49B80667,2021-09-21,Requirement,2021-11-26,2022-02-26,External_Storage,Completed Not Verified,2023-08-31,5CE8266757B27623F18AB526111231B6,3138B8E6061FDF7CFAAA79279175CBCD,643.0,True,1270.0,True,92.0,Other,310,39
Property,3D7838CCAD4F5AC407EA502E49B80667,2021-09-21,Requirement,2021-11-26,2022-02-26,General_Maintenance,Completed Not Verified,2023-08-31,5CE8266757B27623F18AB526111231B6,3138B8E6061FDF7CFAAA79279175CBCD,643.0,True,1270.0,True,92.0,Other,310,39
Property,3D7838CCAD4F5AC407EA502E49B80667,2021-09-21,Requirement,2021-11-26,2022-11-26,Electrical_Maintenance,Completed Not Verified,2023-08-31,5CE8266757B27623F18AB526111231B6,3138B8E6061FDF7CFAAA79279175CBCD,643.0,True,997.0,True,365.0,Other,310,39
Property,3D7838CCAD4F5AC407EA502E49B80667,2021-09-21,Requirement,2021-11-26,2022-02-26,Flammable_Liquids,Completed Not Verified,2023-08-31,5CE8266757B27623F18AB526111231B6,3138B8E6061FDF7CFAAA79279175CBCD,643.0,True,1270.0,True,92.0,Other,310,39
Property,3D7838CCAD4F5AC407EA502E49B80667,2021-09-21,Requirement,2021-11-26,2022-02-26,General_Maintenance,Completed Not Verified,2023-08-31,5CE8266757B27623F18AB526111231B6,3138B8E6061FDF7CFAAA79279175CBCD,643.0,True,1270.0,True,92.0,Other,310,39
Property,3D7838CCAD4F5AC407EA502E49B80667,2021-09-21,Requirement,2021-11-26,2022-11-26,Process_Hazards,Completed Not Verified,2023-08-31,5CE8266757B27623F18AB526111231B6,3138B8E6061FDF7CFAAA79279175CBCD,643.0,True,997.0,True,365.0,Other,310,39
Property,3D7838CCAD4F5AC407EA502E49B80667,2021-09-21,Requirement,2021-11-26,2022-02-26,Inspections,Completed Not Verified,2023-08-31,5CE8266757B27623F18AB526111231B6,3138B8E6061FDF7CFAAA79279175CBCD,643.0,True,1270.0,True,92.0,Other,310,39
Property,3D7838CCAD4F5AC407EA502E49B80667,2021-09-21,Recommendation,2021-11-26,,Emergency_Response,No Response,2023-08-03,5CE8266757B27623F18AB526111231B6,3138B8E6061FDF7CFAAA79279175CBCD,615.0,True,0.0,False,,Other,310,39
Property,3D7838CCAD4F5AC407EA502E49B80667,2021-09-21,Recommendation,2021-11-26,,Management_of_Change,No Response,2023-08-03,5CE8266757B27623F18AB526111231B6,3138B8E6061FDF7CFAAA79279175CBCD,615.0,True,0.0,False,,Other,310,39
Property,3D7838CCAD4F5AC407EA502E49B80667,2021-09-21,Requirement,2021-11-26,2022-02-26,Sprinkler_Protection,No Response,2023-08-31,5CE8266757B27623F18AB526111231B6,3138B8E6061FDF7CFAAA79279175CBCD,643.0,True,1270.0,True,92.0,Other,310,39
Property,3D7838CCAD4F5AC407EA502E49B80667,2021-09-21,Requirement,2021-11-26,2022-02-26,Sprinkler_Protection,No Response,2023-08-31,5CE8266757B27623F18AB526111231B6,3138B8E6061FDF7CFAAA79279175CBCD,643.0,True,1270.0,True,92.0,Other,310,39
Property,3D7838CCAD4F5AC407EA502E49B80667,2021-09-21,Requirement,2021-11-26,2022-11-26,Flammable_Liquids,No Response,2023-08-31,5CE8266757B27623F18AB526111231B6,3138B8E6061FDF7CFAAA79279175CBCD,643.0,True,997.0,True,365.0,Other,310,39
Property,3D7838CCAD4F5AC407EA502E49B80667,2021-09-21,Requirement,2021-11-26,2022-02-26,Emergency_Response,No Response,2023-08-31,5CE8266757B27623F18AB526111231B6,3138B8E6061FDF7CFAAA79279175CBCD,643.0,True,1270.0,True,92.0,Other,310,39
Property,3D7838CCAD4F5AC407EA502E49B80667,2021-09-21,Requirement,2021-11-26,2022-02-26,Process_Hazards,No Response,2023-08-31,5CE8266757B27623F18AB526111231B6,3138B8E6061FDF7CFAAA79279175CBCD,643.0,True,1270.0,True,92.0,Other,310,39
Property,3D7838CCAD4F5AC407EA502E49B80667,2021-09-21,Requirement,2021-11-26,2022-02-26,Impairment_Procedures,No Response,2023-08-31,5CE8266757B27623F18AB526111231B6,3138B8E6061FDF7CFAAA79279175CBCD,643.0,True,1270.0,True,92.0,Other,310,39
Property,3D7838CCAD4F5AC407EA502E49B80667,2022-03-23,Requirement,2022-04-29,2022-07-29,Housekeeping,Completed Not Verified,2023-08-03,5CE8266757B27623F18AB526111231B6,3138B8E6061FDF7CFAAA79279175CBCD,461.0,True,1117.0,True,91.0,Housekeeping,310,39
Property,3D7838CCAD4F5AC407EA502E49B80667,2022-03-23,Requirement,2022-04-29,2022-10-29,Compartmentation,Completed Verified,2023-08-03,5CE8266757B27623F18AB526111231B6,3138B8E6061FDF7CFAAA79279175CBCD,461.0,True,1025.0,True,183.0,Other,310,39
Property,3D7838CCAD4F5AC407EA502E49B80667,2022-03-23,Requirement,2022-04-29,2022-07-29,General_Maintenance,Completed Not Verified,2023-08-03,5CE8266757B27623F18AB526111231B6,3138B8E6061FDF7CFAAA79279175CBCD,461.0,True,1117.0,True,91.0,Other,310,39
Property,3D7838CCAD4F5AC407EA502E49B80667,2022-03-23,Requirement,2022-04-29,2022-07-29,External_Storage,Completed Not Verified,2023-08-03,5CE8266757B27623F18AB526111231B6,3138B8E6061FDF7CFAAA79279175CBCD,461.0,True,1117.0,True,91.0,Other,310,39
Property,3D7838CCAD4F5AC407EA502E49B80667,2022-03-23,Recommendation,2022-04-29,,General_Maintenance,Completed Not Verified,2023-08-03,5CE8266757B27623F18AB526111231B6,3138B8E6061FDF7CFAAA79279175CBCD,461.0,True,0.0,False,,Other,310,39
Property,3D7838CCAD4F5AC407EA502E49B80667,2022-03-23,Requirement,2022-04-29,2022-10-29,Storage_Hazards,Under Review,2023-08-03,5CE8266757B27623F18AB526111231B6,3138B8E6061FDF7CFAAA79279175CBCD,461.0,True,1025.0,True,183.0,Other,310,39
Property,3D7838CCAD4F5AC407EA502E49B80667,2022-03-23,Requirement,2022-04-29,2022-07-29,Special_Fixed_Fire_Protection,In Process,2023-08-03,5CE8266757B27623F18AB526111231B6,3138B8E6061FDF7CFAAA79279175CBCD,461.0,True,1117.0,True,91.0,Other,310,39
Property,3D7838CCAD4F5AC407EA502E49B80667,2022-03-23,Requirement,2022-04-29,2022-07-29,Electrical_Maintenance,In Process,2023-08-03,5CE8266757B27623F18AB526111231B6,3138B8E6061FDF7CFAAA79279175CBCD,461.0,True,1117.0,True,91.0,Other,310,39
Property,3D7838CCAD4F5AC407EA502E49B80667,2022-03-23,Requirement,2022-04-29,2022-07-29,Electrical_Maintenance,Under Review,2023-08-03,5CE8266757B27623F18AB526111231B6,3138B8E6061FDF7CFAAA79279175CBCD,461.0,True,1117.0,True,91.0,Other,310,39
Property,3D7838CCAD4F5AC407EA502E49B80667,2022-03-23,Requirement,2022-04-29,2022-07-29,Flammable_Liquids,Under Review,2023-08-03,5CE8266757B27623F18AB526111231B6,3138B8E6061FDF7CFAAA79279175CBCD,461.0,True,1117.0,True,91.0,Other,310,39
Property,3D7838CCAD4F5AC407EA502E49B80667,2022-03-23,Requirement,2022-04-29,2022-07-29,Flammable_Liquids,In Process,2023-08-03,5CE8266757B27623F18AB526111231B6,3138B8E6061FDF7CFAAA79279175CBCD,461.0,True,1117.0,True,91.0,Other,310,39
Property,3D7838CCAD4F5AC407EA502E49B80667,2022-03-23,Recommendation,2022-04-29,,Flammable_Liquids,No Response,2023-08-03,5CE8266757B27623F18AB526111231B6,3138B8E6061FDF7CFAAA79279175CBCD,461.0,True,0.0,False,,Other,310,39
Property,3D7838CCAD4F5AC407EA502E49B80667,2022-03-23,Recommendation,2022-04-29,,Construction,No Response,2023-08-03,5CE8266757B27623F18AB526111231B6,3138B8E6061FDF7CFAAA79279175CBCD,461.0,True,0.0,False,,Other,310,39
Property,3D7838CCAD4F5AC407EA502E49B80667,2023-01-31,Recommendation,2023-02-09,,Sprinkler_Protection,Completed Verified,2023-02-17,5CE8266757B27623F18AB526111231B6,3138B8E6061FDF7CFAAA79279175CBCD,8.0,True,0.0,False,,Other,310,39
Property,3D7838CCAD4F5AC407EA502E49B80667,2023-01-31,Recommendation,2023-02-09,,Sprinkler_Protection,Completed Not Verified,2023-02-09,5CE8266757B27623F18AB526111231B6,3138B8E6061FDF7CFAAA79279175CBCD,0.0,True,0.0,False,,Other,310,39
Property,3D7838CCAD4F5AC407EA502E49B80667,2023-01-31,Recommendation,2023-02-09,,Automatic_Fire_Detection,Completed Not Verified,2023-02-09,5CE8266757B27623F18AB526111231B6,3138B8E6061FDF7CFAAA79279175CBCD,0.0,True,0.0,False,,Other,310,39
Property,3D7838CCAD4F5AC407EA502E49B80667,2023-01-31,Recommendation,2023-02-09,,Sprinkler_Protection,Completed Not Verified,2023-02-09,5CE8266757B27623F18AB526111231B6,3138B8E6061FDF7CFAAA79279175CBCD,0.0,True,0.0,False,,Other,310,39
Property,3D7838CCAD4F5AC407EA502E49B80667,2023-01-31,Recommendation,2023-02-09,,Security,Completed Not Verified,2023-02-09,5CE8266757B27623F18AB526111231B6,3138B8E6061FDF7CFAAA79279175CBCD,0.0,True,0.0,False,,Security,310,39
Property,3D7838CCAD4F5AC407EA502E49B80667,2023-01-31,Recommendation,2023-02-09,,Automatic_Fire_Detection,In Process,2023-02-09,5CE8266757B27623F18AB526111231B6,3138B8E6061FDF7CFAAA79279175CBCD,0.0,True,0.0,False,,Other,310,39
Property,3D7838CCAD4F5AC407EA502E49B80667,2023-01-31,Recommendation,2023-02-09,,Management_of_Change,In Process,2023-08-03,5CE8266757B27623F18AB526111231B6,3138B8E6061FDF7CFAAA79279175CBCD,175.0,True,0.0,False,,Other,310,39
Property,3D7838CCAD4F5AC407EA502E49B80667,2023-05-18,Recommendation,,,Sprinkler_Protection,In Process,,5CE8266757B27623F18AB526111231B6,3138B8E6061FDF7CFAAA79279175CBCD,,True,0.0,False,,Other,310,39
Property,3D7838CCAD4F5AC407EA502E49B80667,2023-05-18,Recommendation,,,Sprinkler_Protection,In Process,,5CE8266757B27623F18AB526111231B6,3138B8E6061FDF7CFAAA79279175CBCD,,True,0.0,False,,Other,310,39
Property,CD0EA521A6096FB5813DD79E91FC9893,2021-08-31,Recommendation,2022-04-22,,External_Storage,No Response,,6B712DA7B7CCF80851BEB06DE6C32E6C,24D22E03AFB23EDB45C6C8CFA16A280E,,True,0.0,False,,Other,188,3
Property,CD0EA521A6096FB5813DD79E91FC9893,2021-08-31,Recommendation,2022-04-22,,External_Storage,No Response,,6B712DA7B7CCF80851BEB06DE6C32E6C,24D22E03AFB23EDB45C6C8CFA16A280E,,True,0.0,False,,Other,188,3
Property,CD0EA521A6096FB5813DD79E91FC9893,2021-08-31,Recommendation,2022-04-22,,Construction,No Response,,6B712DA7B7CCF80851BEB06DE6C32E6C,24D22E03AFB23EDB45C6C8CFA16A280E,,True,0.0,False,,Other,188,3
Motor,8CB68508631C4ACCD409496C5E41EFC8,2023-01-18,Recommendation,2023-01-23,,Fleet_Risk_Management,In Process,,534AC75C2E8AC3E3FE7BC32BB8C6E34A,112C61A276D0376F2F6B25DD3A337B1D,,True,0.0,False,,Other,79,1
Property,6BD4025B91C391323FC45885D87B2F21,2023-01-25,Recommendation,,,Special_Fixed_Fire_Protection,Under Review,2023-02-10,FBD1E7BA9564863B88D5C43CB833AFAF,7DC10E66DA5549D351765BD940B81BE9,,True,0.0,False,,Other,414,18
Property,6BD4025B91C391323FC45885D87B2F21,2023-01-25,Recommendation,,,Process_Hazards,Under Review,2023-02-10,FBD1E7BA9564863B88D5C43CB833AFAF,7DC10E66DA5549D351765BD940B81BE9,,True,0.0,False,,Other,414,18
Property,6BD4025B91C391323FC45885D87B2F21,2023-01-25,Recommendation,,,Automatic_Fire_Detection,Under Review,2023-02-10,FBD1E7BA9564863B88D5C43CB833AFAF,7DC10E66DA5549D351765BD940B81BE9,,True,0.0,False,,Other,414,18
Property,6BD4025B91C391323FC45885D87B2F21,2023-01-25,Recommendation,,,Housekeeping,Under Review,2023-02-10,FBD1E7BA9564863B88D5C43CB833AFAF,7DC10E66DA5549D351765BD940B81BE9,,True,0.0,False,,Housekeeping,414,18
Property,6BD4025B91C391323FC45885D87B2F21,2023-01-25,Recommendation,,,Security,Under Review,2023-02-10,FBD1E7BA9564863B88D5C43CB833AFAF,7DC10E66DA5549D351765BD940B81BE9,,True,0.0,False,,Security,414,18
Property,6BD4025B91C391323FC45885D87B2F21,2023-01-25,Recommendation,,,Electrical_Maintenance,Under Review,2023-02-10,FBD1E7BA9564863B88D5C43CB833AFAF,7DC10E66DA5549D351765BD940B81BE9,,True,0.0,False,,Other,414,18
Property,6BD4025B91C391323FC45885D87B2F21,2023-01-25,Recommendation,,,Fire_Service_and_Water_Supplies,Under Review,2023-02-10,FBD1E7BA9564863B88D5C43CB833AFAF,7DC10E66DA5549D351765BD940B81BE9,,True,0.0,False,,Other,414,18
Property,6BD4025B91C391323FC45885D87B2F21,2023-01-25,Recommendation,,,Fire_Safety_Management,Under Review,2023-02-10,FBD1E7BA9564863B88D5C43CB833AFAF,7DC10E66DA5549D351765BD940B81BE9,,True,0.0,False,,Other,414,18
Property,6BD4025B91C391323FC45885D87B2F21,2023-01-25,Recommendation,,,Compartmentation,Under Review,2023-02-10,FBD1E7BA9564863B88D5C43CB833AFAF,7DC10E66DA5549D351765BD940B81BE9,,True,0.0,False,,Other,414,18
Property,6BD4025B91C391323FC45885D87B2F21,2023-01-25,Recommendation,,,Housekeeping,Under Review,2023-02-10,FBD1E7BA9564863B88D5C43CB833AFAF,7DC10E66DA5549D351765BD940B81BE9,,True,0.0,False,,Housekeeping,414,18
Property,6BD4025B91C391323FC45885D87B2F21,2023-01-25,Recommendation,2023-02-09,,Sprinkler_Protection,In Process,2023-02-10,FBD1E7BA9564863B88D5C43CB833AFAF,7DC10E66DA5549D351765BD940B81BE9,1.0,True,0.0,False,,Other,414,18
Property,6BD4025B91C391323FC45885D87B2F21,2023-01-25,Recommendation,2023-02-09,,Sprinkler_Protection,In Process,2023-02-10,FBD1E7BA9564863B88D5C43CB833AFAF,7DC10E66DA5549D351765BD940B81BE9,1.0,True,0.0,False,,Other,414,18
Property,6BD4025B91C391323FC45885D87B2F21,2023-01-25,Recommendation,2023-02-09,,Sprinkler_Protection,In Process,2023-02-10,FBD1E7BA9564863B88D5C43CB833AFAF,7DC10E66DA5549D351765BD940B81BE9,1.0,True,0.0,False,,Other,414,18
Property,6BD4025B91C391323FC45885D87B2F21,2023-01-25,Recommendation,2023-02-09,,Sprinkler_Protection,In Process,2023-02-10,FBD1E7BA9564863B88D5C43CB833AFAF,7DC10E66DA5549D351765BD940B81BE9,1.0,True,0.0,False,,Other,414,18
Property,6BD4025B91C391323FC45885D87B2F21,2023-01-25,Recommendation,2023-02-09,,Sprinkler_Protection,In Process,2023-02-10,FBD1E7BA9564863B88D5C43CB833AFAF,7DC10E66DA5549D351765BD940B81BE9,1.0,True,0.0,False,,Other,414,18
Property,6BD4025B91C391323FC45885D87B2F21,2023-01-25,Recommendation,2023-02-09,,Sprinkler_Protection,In Process,2023-02-10,FBD1E7BA9564863B88D5C43CB833AFAF,7DC10E66DA5549D351765BD940B81BE9,1.0,True,0.0,False,,Other,414,18
Property,6BD4025B91C391323FC45885D87B2F21,2023-01-25,Recommendation,2023-02-09,,Sprinkler_Protection,In Process,2023-02-10,FBD1E7BA9564863B88D5C43CB833AFAF,7DC10E66DA5549D351765BD940B81BE9,1.0,True,0.0,False,,Other,414,18
Property,6BD4025B91C391323FC45885D87B2F21,2023-01-25,Recommendation,2023-02-09,,Sprinkler_Protection,In Process,2023-02-10,FBD1E7BA9564863B88D5C43CB833AFAF,7DC10E66DA5549D351765BD940B81BE9,1.0,True,0.0,False,,Other,414,18
Property,65D50AEB3B3102996145D0ABDD3F59E0,2023-08-24,Requirement,2023-09-19,2023-10-19,Management_safety_procedure_for_vehilces,No Response,,5CE8266757B27623F18AB526111231B6,F003C44DEAB679AA2EDFAFF864C77402,,True,670.0,True,30.0,Other,310,2
Property,65D50AEB3B3102996145D0ABDD3F59E0,2023-08-24,Requirement,2023-09-19,2023-10-19,Fire_Service_and_Water_Supplies,No Response,,5CE8266757B27623F18AB526111231B6,F003C44DEAB679AA2EDFAFF864C77402,,True,670.0,True,30.0,Other,310,2
Motor,E92BFD9D8F8E9E4AE29FB15F42F22579,2023-11-09,Recommendation,2023-11-17,2023-05-17,Fleet_Risk_Management,No Response,,534AC75C2E8AC3E3FE7BC32BB8C6E34A,08AD08F6491037714D09263A79BEBFBA,,True,825.0,True,-184.0,Other,79,3
Motor,E92BFD9D8F8E9E4AE29FB15F42F22579,2023-11-09,Recommendation,2023-11-17,2023-05-17,Fleet_Risk_Management,No Response,,534AC75C2E8AC3E3FE7BC32BB8C6E34A,08AD08F6491037714D09263A79BEBFBA,,True,825.0,True,-184.0,Other,79,3
Motor,E92BFD9D8F8E9E4AE29FB15F42F22579,2023-11-09,Recommendation,2023-11-17,2023-05-17,Fleet_Risk_Management,No Response,,534AC75C2E8AC3E3FE7BC32BB8C6E34A,08AD08F6491037714D09263A79BEBFBA,,True,825.0,True,-184.0,Other,79,3
Property,7A4985C980DFDC91BBFD8C68A7345266,2023-01-18,Critical Requirement,2023-01-20,2023-04-20,External_Storage,Completed Not Verified,2023-07-28,5CE8266757B27623F18AB526111231B6,25EC916D56B8212E569DBF2E4E4B51D4,189.0,True,852.0,True,90.0,Other,310,15
Property,7A4985C980DFDC91BBFD8C68A7345266,2023-01-18,Critical Requirement,2023-01-20,2023-04-20,External_Storage,Completed Not Verified,2023-07-28,5CE8266757B27623F18AB526111231B6,25EC916D56B8212E569DBF2E4E4B51D4,189.0,True,852.0,True,90.0,Other,310,15
Property,7A4985C980DFDC91BBFD8C68A7345266,2023-01-18,Critical Requirement,2023-01-20,2023-04-20,External_Storage,Completed Not Verified,2023-07-28,5CE8266757B27623F18AB526111231B6,25EC916D56B8212E569DBF2E4E4B51D4,189.0,True,852.0,True,90.0,Other,310,15
Property,7A4985C980DFDC91BBFD8C68A7345266,2023-01-18,Critical Requirement,2023-01-20,2023-04-20,External_Storage,Completed Not Verified,2023-07-28,5CE8266757B27623F18AB526111231B6,25EC916D56B8212E569DBF2E4E4B51D4,189.0,True,852.0,True,90.0,Other,310,15
Property,7A4985C980DFDC91BBFD8C68A7345266,2023-01-18,Critical Requirement,2023-01-20,2023-04-20,External_Storage,Completed Not Verified,2023-07-28,5CE8266757B27623F18AB526111231B6,25EC916D56B8212E569DBF2E4E4B51D4,189.0,True,852.0,True,90.0,Other,310,15
Property,7A4985C980DFDC91BBFD8C68A7345266,2023-01-18,Critical Requirement,2023-01-20,2023-04-20,External_Storage,Completed Not Verified,2023-07-28,5CE8266757B27623F18AB526111231B6,25EC916D56B8212E569DBF2E4E4B51D4,189.0,True,852.0,True,90.0,Other,310,15
Property,7A4985C980DFDC91BBFD8C68A7345266,2023-01-18,Critical Requirement,2023-01-20,2023-07-20,Sprinkler_Protection,Completed Not Verified,2023-07-28,5CE8266757B27623F18AB526111231B6,25EC916D56B8212E569DBF2E4E4B51D4,189.0,True,761.0,True,181.0,Other,310,15
Property,7A4985C980DFDC91BBFD8C68A7345266,2023-01-18,Requirement,2023-01-20,2023-04-20,Security,Completed Not Verified,2023-07-28,5CE8266757B27623F18AB526111231B6,25EC916D56B8212E569DBF2E4E4B51D4,189.0,True,852.0,True,90.0,Security,310,15
Property,7A4985C980DFDC91BBFD8C68A7345266,2023-01-18,Recommendation,2023-01-20,,Contractor_Controls,Completed Not Verified,2023-07-28,5CE8266757B27623F18AB526111231B6,25EC916D56B8212E569DBF2E4E4B51D4,189.0,True,0.0,False,,Other,310,15
Property,7A4985C980DFDC91BBFD8C68A7345266,2023-01-18,Recommendation,2023-01-20,,Electrical_Maintenance,Completed Not Verified,2023-07-28,5CE8266757B27623F18AB526111231B6,25EC916D56B8212E569DBF2E4E4B51D4,189.0,True,0.0,False,,Other,310,15
Property,7A4985C980DFDC91BBFD8C68A7345266,2023-01-18,Recommendation,2023-01-20,,Compartmentation,Completed Not Verified,2023-07-28,5CE8266757B27623F18AB526111231B6,25EC916D56B8212E569DBF2E4E4B51D4,189.0,True,0.0,False,,Other,310,15
Property,7A4985C980DFDC91BBFD8C68A7345266,2023-01-18,Recommendation,2023-01-20,,Business_Continuity,Completed Not Verified,2023-07-28,5CE8266757B27623F18AB526111231B6,25EC916D56B8212E569DBF2E4E4B51D4,189.0,True,0.0,False,,Other,310,15
Property,7A4985C980DFDC91BBFD8C68A7345266,2023-01-18,Recommendation,2023-01-20,,Special_Fixed_Fire_Protection,Completed Not Verified,2023-07-28,5CE8266757B27623F18AB526111231B6,25EC916D56B8212E569DBF2E4E4B51D4,189.0,True,0.0,False,,Other,310,15
Property,7A4985C980DFDC91BBFD8C68A7345266,2023-01-18,Recommendation,2023-01-20,,Sprinkler_Protection,Completed Not Verified,2023-07-28,5CE8266757B27623F18AB526111231B6,25EC916D56B8212E569DBF2E4E4B51D4,189.0,True,0.0,False,,Other,310,15
Property,7A4985C980DFDC91BBFD8C68A7345266,2023-01-18,Recommendation,2023-01-20,,Security,Completed Not Verified,2023-07-28,5CE8266757B27623F18AB526111231B6,25EC916D56B8212E569DBF2E4E4B51D4,189.0,True,0.0,False,,Security,310,15
Property,ABF70649DCA3EEA5E47219D1C8FA47AA,2023-10-12,Recommendation,2022-12-20,,Sprinkler_Protection,No Plans Agreed,2023-09-19,5CE8266757B27623F18AB526111231B6,B86FC6B051F63D73DE262D4C34E3A0A9,273.0,True,0.0,False,,Other,310,5
Property,ABF70649DCA3EEA5E47219D1C8FA47AA,2023-10-12,Recommendation,2022-12-20,,Automatic_Fire_Detection,Completed Not Verified,2023-09-19,5CE8266757B27623F18AB526111231B6,B86FC6B051F63D73DE262D4C34E3A0A9,273.0,True,0.0,False,,Other,310,5
Property,ABF70649DCA3EEA5E47219D1C8FA47AA,2023-10-12,Recommendation,2022-12-20,,Automatic_Fire_Detection,Completed Not Verified,2023-09-19,5CE8266757B27623F18AB526111231B6,B86FC6B051F63D73DE262D4C34E3A0A9,273.0,True,0.0,False,,Other,310,5
Property,ABF70649DCA3EEA5E47219D1C8FA47AA,2023-10-12,Recommendation,2022-12-20,,External Storage,Completed Not Verified,2023-09-19,5CE8266757B27623F18AB526111231B6,B86FC6B051F63D73DE262D4C34E3A0A9,273.0,True,0.0,False,,Housekeeping,310,5
Property,ABF70649DCA3EEA5E47219D1C8FA47AA,2023-10-12,Recommendation,2022-12-20,,Automatic_Fire_Detection,Completed Not Verified,2023-09-19,5CE8266757B27623F18AB526111231B6,B86FC6B051F63D73DE262D4C34E3A0A9,273.0,True,0.0,False,,Other,310,5
Property,E2D5D7AB32B80D35D834D26D20FDDC4D,2023-07-27,Requirement,2023-08-07,2023-09-10,Security,No Response,,5CE8266757B27623F18AB526111231B6,94A990462684A2FBB5DFC7FAB1C8975D,,True,709.0,True,34.0,Security,310,2
Property,E2D5D7AB32B80D35D834D26D20FDDC4D,2023-07-27,Requirement,2023-08-07,2023-09-10,Security,No Response,,5CE8266757B27623F18AB526111231B6,94A990462684A2FBB5DFC7FAB1C8975D,,True,709.0,True,34.0,Security,310,2
Property,457E32FFB20825109C0E9BFBA1A03395,2020-09-29,Requirement,2020-09-30,2020-10-22,Housekeeping,Completed Verified,2021-10-05,5CE8266757B27623F18AB526111231B6,3138B8E6061FDF7CFAAA79279175CBCD,370.0,True,1762.0,True,22.0,Housekeeping,310,41
Property,457E32FFB20825109C0E9BFBA1A03395,2020-09-29,Requirement,2020-09-30,2020-10-22,Sprinkler_Protection,Completed Verified,2021-10-05,5CE8266757B27623F18AB526111231B6,3138B8E6061FDF7CFAAA79279175CBCD,370.0,True,1762.0,True,22.0,Other,310,41
Property,457E32FFB20825109C0E9BFBA1A03395,2020-09-29,Requirement,2020-09-30,2020-10-22,Inspections,Completed Verified,2021-11-11,5CE8266757B27623F18AB526111231B6,3138B8E6061FDF7CFAAA79279175CBCD,407.0,True,1762.0,True,22.0,Other,310,41
Property,457E32FFB20825109C0E9BFBA1A03395,2020-09-29,Requirement,2020-09-30,2020-10-22,Flammable_Liquids,Completed Verified,2020-10-22,5CE8266757B27623F18AB526111231B6,3138B8E6061FDF7CFAAA79279175CBCD,22.0,True,1762.0,True,22.0,Other,310,41
Property,457E32FFB20825109C0E9BFBA1A03395,2020-09-29,Requirement,2020-09-30,2020-10-22,Housekeeping,Completed Verified,2020-10-22,5CE8266757B27623F18AB526111231B6,3138B8E6061FDF7CFAAA79279175CBCD,22.0,True,1762.0,True,22.0,Housekeeping,310,41
Property,457E32FFB20825109C0E9BFBA1A03395,2020-09-29,Requirement,2020-09-30,2020-10-22,Fire_Safety_Management,Completed Verified,2020-11-20,5CE8266757B27623F18AB526111231B6,3138B8E6061FDF7CFAAA79279175CBCD,51.0,True,1762.0,True,22.0,Other,310,41
Property,457E32FFB20825109C0E9BFBA1A03395,2020-09-29,Recommendation,2020-09-30,,Flammable_Liquids,Completed Verified,2020-11-20,5CE8266757B27623F18AB526111231B6,3138B8E6061FDF7CFAAA79279175CBCD,51.0,True,0.0,False,,Other,310,41
Property,457E32FFB20825109C0E9BFBA1A03395,2020-09-29,Recommendation,2020-09-30,,Special_Fixed_Fire_Protection,No Plans,2020-11-20,7B6166324DC52F374D908E03602B1DAF,3138B8E6061FDF7CFAAA79279175CBCD,51.0,True,0.0,False,,Other,14,41
Property,457E32FFB20825109C0E9BFBA1A03395,2021-05-25,Requirement,2021-06-01,2021-09-01,Sprinkler_Protection,Completed Not Verified,2021-07-06,5CE8266757B27623F18AB526111231B6,3138B8E6061FDF7CFAAA79279175CBCD,35.0,True,1448.0,True,92.0,Other,310,41
Property,457E32FFB20825109C0E9BFBA1A03395,2021-05-25,Requirement,2021-06-01,2021-07-01,Process_Hazards,Completed Not Verified,2021-07-06,5CE8266757B27623F18AB526111231B6,3138B8E6061FDF7CFAAA79279175CBCD,35.0,True,1510.0,True,30.0,Other,310,41
Property,457E32FFB20825109C0E9BFBA1A03395,2021-05-25,Requirement,2021-06-01,2021-09-01,Electrical_Maintenance,Completed Not Verified,2021-10-05,5CE8266757B27623F18AB526111231B6,3138B8E6061FDF7CFAAA79279175CBCD,126.0,True,1448.0,True,92.0,Other,310,41
Property,457E32FFB20825109C0E9BFBA1A03395,2021-05-25,Requirement,2021-06-01,2021-09-01,Heating_and_Cooling,Completed Not Verified,2021-09-07,5CE8266757B27623F18AB526111231B6,3138B8E6061FDF7CFAAA79279175CBCD,98.0,True,1448.0,True,92.0,Other,310,41
Property,457E32FFB20825109C0E9BFBA1A03395,2021-05-25,Requirement,2021-06-01,2021-09-01,Management_of_Change,Completed Verified,2022-06-24,5CE8266757B27623F18AB526111231B6,3138B8E6061FDF7CFAAA79279175CBCD,388.0,True,1448.0,True,92.0,Other,310,41
Property,457E32FFB20825109C0E9BFBA1A03395,2021-05-25,Requirement,2021-06-01,2021-12-01,Process_Hazards,Completed Verified,2021-09-07,5CE8266757B27623F18AB526111231B6,3138B8E6061FDF7CFAAA79279175CBCD,98.0,True,1357.0,True,183.0,Other,310,41
Property,457E32FFB20825109C0E9BFBA1A03395,2021-05-25,Requirement,2021-06-01,2021-12-01,Sprinkler_Protection,Completed Verified,2022-03-15,5CE8266757B27623F18AB526111231B6,3138B8E6061FDF7CFAAA79279175CBCD,287.0,True,1357.0,True,183.0,Other,310,41
Property,457E32FFB20825109C0E9BFBA1A03395,2021-05-25,Recommendation,2021-06-01,,Impairment_Procedures,Completed Not Verified,2021-07-06,5CE8266757B27623F18AB526111231B6,3138B8E6061FDF7CFAAA79279175CBCD,35.0,True,0.0,False,,Other,310,41
Property,457E32FFB20825109C0E9BFBA1A03395,2021-05-25,Requirement,2021-06-01,2021-07-01,Process_Hazards,In Process,2021-07-06,5CE8266757B27623F18AB526111231B6,3138B8E6061FDF7CFAAA79279175CBCD,35.0,True,1510.0,True,30.0,Other,310,41
Property,457E32FFB20825109C0E9BFBA1A03395,2021-05-25,Requirement,2021-12-01,2021-09-01,Fire_Service_and_Water_Supplies,In Process,2022-03-15,5CE8266757B27623F18AB526111231B6,3138B8E6061FDF7CFAAA79279175CBCD,104.0,True,1448.0,True,-91.0,Other,310,41
Property,457E32FFB20825109C0E9BFBA1A03395,2021-05-25,Requirement,2021-06-01,2021-12-01,Emergency_Response,In Process,2021-10-05,5CE8266757B27623F18AB526111231B6,3138B8E6061FDF7CFAAA79279175CBCD,126.0,True,1357.0,True,183.0,Other,310,41
Property,457E32FFB20825109C0E9BFBA1A03395,2021-05-25,Requirement,2021-06-01,2021-09-01,Fire_Safety_Management,In Process,2021-07-06,5CE8266757B27623F18AB526111231B6,3138B8E6061FDF7CFAAA79279175CBCD,35.0,True,1448.0,True,92.0,Other,310,41
Property,457E32FFB20825109C0E9BFBA1A03395,2021-05-25,Requirement,2021-06-01,2021-12-01,Process_Hazards,Under Review,2022-07-05,5CE8266757B27623F18AB526111231B6,3138B8E6061FDF7CFAAA79279175CBCD,399.0,True,1357.0,True,183.0,Other,310,41
Property,457E32FFB20825109C0E9BFBA1A03395,2021-05-25,Requirement,2021-06-01,2021-12-01,Process_Hazards,Under Review,2022-03-15,5CE8266757B27623F18AB526111231B6,3138B8E6061FDF7CFAAA79279175CBCD,287.0,True,1357.0,True,183.0,Other,310,41
Property,457E32FFB20825109C0E9BFBA1A03395,2021-05-25,Recommendation,2021-06-01,,Business_Continuity,No Response,2022-03-15,5CE8266757B27623F18AB526111231B6,3138B8E6061FDF7CFAAA79279175CBCD,287.0,True,0.0,False,,Other,310,41
Property,457E32FFB20825109C0E9BFBA1A03395,2021-05-25,Recommendation,2021-06-01,,Process_Hazards,No Plans,2022-03-15,5CE8266757B27623F18AB526111231B6,3138B8E6061FDF7CFAAA79279175CBCD,287.0,True,0.0,False,,Other,310,41
Property,457E32FFB20825109C0E9BFBA1A03395,2021-05-26,Requirement,2021-06-01,2021-09-01,General_Maintenance,Completed Verified,2022-03-15,5CE8266757B27623F18AB526111231B6,3138B8E6061FDF7CFAAA79279175CBCD,287.0,True,1448.0,True,92.0,Other,310,41
Property,457E32FFB20825109C0E9BFBA1A03395,2021-05-26,Requirement,2021-06-01,2021-09-01,Storage_Hazards,Completed Verified,2021-10-05,5CE8266757B27623F18AB526111231B6,3138B8E6061FDF7CFAAA79279175CBCD,126.0,True,1448.0,True,92.0,Other,310,41
Property,457E32FFB20825109C0E9BFBA1A03395,2021-05-26,Requirement,2021-06-01,2021-09-01,Emergency_Response,No Plans Agreed,2022-03-15,5CE8266757B27623F18AB526111231B6,3138B8E6061FDF7CFAAA79279175CBCD,287.0,True,1448.0,True,92.0,Other,310,41
Property,457E32FFB20825109C0E9BFBA1A03395,2021-05-26,Requirement,2021-06-01,2021-09-01,Automatic_Fire_Detection,No Response,,5CE8266757B27623F18AB526111231B6,3138B8E6061FDF7CFAAA79279175CBCD,,True,1448.0,True,92.0,Other,310,41
Property,457E32FFB20825109C0E9BFBA1A03395,2021-05-26,Requirement,2021-06-01,2021-09-01,Process_Hazards,No Response,,5CE8266757B27623F18AB526111231B6,3138B8E6061FDF7CFAAA79279175CBCD,,True,1448.0,True,92.0,Other,310,41
Property,457E32FFB20825109C0E9BFBA1A03395,2021-05-26,Requirement,2021-06-01,2021-12-01,Sprinkler_Protection,Under Review,2022-03-15,5CE8266757B27623F18AB526111231B6,3138B8E6061FDF7CFAAA79279175CBCD,287.0,True,1357.0,True,183.0,Other,310,41
Property,457E32FFB20825109C0E9BFBA1A03395,2021-05-26,Requirement,2021-06-01,2021-09-01,General_Maintenance,Under Review,2022-03-15,5CE8266757B27623F18AB526111231B6,3138B8E6061FDF7CFAAA79279175CBCD,287.0,True,1448.0,True,92.0,Other,310,41
Property,457E32FFB20825109C0E9BFBA1A03395,2022-03-15,Requirement,2022-03-17,2022-04-17,Sprinkler_Protection,Completed Not Verified,2022-04-19,5CE8266757B27623F18AB526111231B6,3138B8E6061FDF7CFAAA79279175CBCD,33.0,True,1220.0,True,31.0,Other,310,41
Property,457E32FFB20825109C0E9BFBA1A03395,2022-03-15,Recommendation,2022-03-17,,Storage_Hazards,Completed Not Verified,2022-05-10,5CE8266757B27623F18AB526111231B6,3138B8E6061FDF7CFAAA79279175CBCD,54.0,True,0.0,False,,Other,310,41
Property,457E32FFB20825109C0E9BFBA1A03395,2022-03-15,Recommendation,2022-03-17,,Sprinkler_Protection,In Process,2022-05-10,7B6166324DC52F374D908E03602B1DAF,3138B8E6061FDF7CFAAA79279175CBCD,54.0,True,0.0,False,,Other,14,41
Property,457E32FFB20825109C0E9BFBA1A03395,2022-03-15,Requirement,2022-03-17,2022-05-17,Management_of_Change,Under Review,2022-09-22,5CE8266757B27623F18AB526111231B6,3138B8E6061FDF7CFAAA79279175CBCD,189.0,True,1190.0,True,61.0,Other,310,41
Property,457E32FFB20825109C0E9BFBA1A03395,2022-03-15,Requirement,2022-03-17,2022-06-17,Business_Continuity,No Plans,2022-07-13,5CE8266757B27623F18AB526111231B6,3138B8E6061FDF7CFAAA79279175CBCD,118.0,True,1159.0,True,92.0,Other,310,41
Property,457E32FFB20825109C0E9BFBA1A03395,2022-03-15,Requirement,2022-03-17,2022-09-17,Flammable_Liquids,In Process,2022-07-05,5CE8266757B27623F18AB526111231B6,3138B8E6061FDF7CFAAA79279175CBCD,110.0,True,1067.0,True,184.0,Other,310,41
Property,457E32FFB20825109C0E9BFBA1A03395,2022-03-15,Requirement,2022-03-17,2022-06-17,Sprinkler_Protection,In Process,2022-07-05,5CE8266757B27623F18AB526111231B6,3138B8E6061FDF7CFAAA79279175CBCD,110.0,True,1159.0,True,92.0,Other,310,41
Property,457E32FFB20825109C0E9BFBA1A03395,2022-03-15,Requirement,2022-03-17,2022-05-17,Inspections,No Response,,5CE8266757B27623F18AB526111231B6,3138B8E6061FDF7CFAAA79279175CBCD,,True,1190.0,True,61.0,Other,310,41
Property,457E32FFB20825109C0E9BFBA1A03395,2022-03-15,Requirement,2022-03-17,2022-07-17,Fire_Safety_Management,In Process,2022-07-05,5CE8266757B27623F18AB526111231B6,3138B8E6061FDF7CFAAA79279175CBCD,110.0,True,1129.0,True,122.0,Other,310,41
Property,457E32FFB20825109C0E9BFBA1A03395,2022-03-15,Requirement,2022-03-17,2022-09-17,Compartmentation,In Process,2022-07-05,5CE8266757B27623F18AB526111231B6,3138B8E6061FDF7CFAAA79279175CBCD,110.0,True,1067.0,True,184.0,Other,310,41
Motor,7A22201D7AA689900405F5B8EE7EEBD8,2021-03-21,Recommendation,2023-04-04,,Fleet_Risk_Management,Under Review,2023-04-24,534AC75C2E8AC3E3FE7BC32BB8C6E34A,674769E3326F8CF937AF4282F2815C02,20.0,True,0.0,False,,Other,79,4
Motor,7A22201D7AA689900405F5B8EE7EEBD8,2023-03-21,Recommendation,2023-04-04,,Fleet_Risk_Management,Under Review,2023-04-24,534AC75C2E8AC3E3FE7BC32BB8C6E34A,674769E3326F8CF937AF4282F2815C02,20.0,True,0.0,False,,Other,79,4
Motor,7A22201D7AA689900405F5B8EE7EEBD8,2023-03-21,Recommendation,2023-04-04,,Fleet_Risk_Management,Under Review,2023-04-24,534AC75C2E8AC3E3FE7BC32BB8C6E34A,674769E3326F8CF937AF4282F2815C02,20.0,True,0.0,False,,Other,79,4
Motor,7A22201D7AA689900405F5B8EE7EEBD8,2023-03-21,Recommendation,2023-04-04,,Fleet_Risk_Management,Under Review,2023-04-24,534AC75C2E8AC3E3FE7BC32BB8C6E34A,674769E3326F8CF937AF4282F2815C02,20.0,True,0.0,False,,Other,79,4
Motor,A7235228010E4CE29F35880BB4408300,2023-03-21,Recommendation,2023-04-04,,Fleet_Risk_Management,Under Review,2023-04-24,534AC75C2E8AC3E3FE7BC32BB8C6E34A,674769E3326F8CF937AF4282F2815C02,20.0,True,0.0,False,,Other,79,3
Motor,A7235228010E4CE29F35880BB4408300,2023-03-21,Recommendation,2023-04-04,,Fleet_Risk_Management,Under Review,2023-04-24,534AC75C2E8AC3E3FE7BC32BB8C6E34A,674769E3326F8CF937AF4282F2815C02,20.0,True,0.0,False,,Other,79,3
Motor,A7235228010E4CE29F35880BB4408300,2023-03-21,Recommendation,2023-04-04,,Fleet_Risk_Management,Under Review,2023-04-24,534AC75C2E8AC3E3FE7BC32BB8C6E34A,674769E3326F8CF937AF4282F2815C02,20.0,True,0.0,False,,Other,79,3
Property,0D6B43E53E824972323BAFB1CA5C494F,2023-08-24,Requirement,2023-09-07,2023-12-07,Construction,No Response,,FBD1E7BA9564863B88D5C43CB833AFAF,F4A5F77DBC261A64BD853D05F8410365,,True,621.0,True,91.0,Other,414,8
Property,0D6B43E53E824972323BAFB1CA5C494F,2023-08-24,Requirement,2023-09-07,2023-12-07,Compartmentation,No Response,,FBD1E7BA9564863B88D5C43CB833AFAF,F4A5F77DBC261A64BD853D05F8410365,,True,621.0,True,91.0,Other,414,8
Property,0D6B43E53E824972323BAFB1CA5C494F,2023-08-24,Requirement,2023-09-07,2023-12-07,Process_Hazards,No Response,,FBD1E7BA9564863B88D5C43CB833AFAF,F4A5F77DBC261A64BD853D05F8410365,,True,621.0,True,91.0,Other,414,8
Property,0D6B43E53E824972323BAFB1CA5C494F,2023-08-24,Requirement,2023-09-07,2023-12-07,Construction,No Response,,FBD1E7BA9564863B88D5C43CB833AFAF,F4A5F77DBC261A64BD853D05F8410365,,True,621.0,True,91.0,Other,414,8
Property,0D6B43E53E824972323BAFB1CA5C494F,2023-08-24,Requirement,2023-09-07,2023-12-07,Storage_Hazards,Under Review,,FBD1E7BA9564863B88D5C43CB833AFAF,F4A5F77DBC261A64BD853D05F8410365,,True,621.0,True,91.0,Other,414,8
Property,0D6B43E53E824972323BAFB1CA5C494F,2023-08-24,Requirement,2023-09-07,2023-12-07,Maintenance,Completed Not Verified,,FBD1E7BA9564863B88D5C43CB833AFAF,F4A5F77DBC261A64BD853D05F8410365,,True,621.0,True,91.0,Maintenance,414,8
Property,0D6B43E53E824972323BAFB1CA5C494F,2023-08-24,Requirement,2023-09-07,2023-12-07,Housekeeping,No Response,,FBD1E7BA9564863B88D5C43CB833AFAF,F4A5F77DBC261A64BD853D05F8410365,,True,621.0,True,91.0,Housekeeping,414,8
Property,0D6B43E53E824972323BAFB1CA5C494F,2023-08-24,Requirement,2023-09-07,2023-12-07,Automatic_Fire_Detection,Completed Verified,,FBD1E7BA9564863B88D5C43CB833AFAF,F4A5F77DBC261A64BD853D05F8410365,,True,621.0,True,91.0,Other,414,8
Property,3AF6A180FD9BEBAD00A873AB38504EBA,2021-09-09,Recommendation,2021-09-24,,Emergency_Response,Completed Verified,2021-01-17,92A54B358B4CF53CCA4095E4697E1004,79CBA1185463850DEDBA31F172F1DC5B,-250.0,True,0.0,False,,Other,254,3
Property,3AF6A180FD9BEBAD00A873AB38504EBA,2021-09-09,Recommendation,2021-09-24,,Automatic_Fire_Detection,Under Review,2022-01-17,92A54B358B4CF53CCA4095E4697E1004,79CBA1185463850DEDBA31F172F1DC5B,115.0,True,0.0,False,,Other,254,3
Property,3AF6A180FD9BEBAD00A873AB38504EBA,2021-09-09,Recommendation,2021-09-24,,Storage_Hazards,In Process,2021-01-17,92A54B358B4CF53CCA4095E4697E1004,79CBA1185463850DEDBA31F172F1DC5B,-250.0,True,0.0,False,,Other,254,3
Property,BE732E3D7E447E7396AE66A04DBCD3EC,2022-02-16,Recommendation,2022-04-04,,General_Maintenance,No Response,,6B712DA7B7CCF80851BEB06DE6C32E6C,79CBA1185463850DEDBA31F172F1DC5B,,True,0.0,False,,Other,188,2
Property,BE732E3D7E447E7396AE66A04DBCD3EC,2022-02-16,Recommendation,2022-04-04,,Housekeeping,No Response,,6B712DA7B7CCF80851BEB06DE6C32E6C,79CBA1185463850DEDBA31F172F1DC5B,,True,0.0,False,,Housekeeping,188,2
Motor,3193D698DDA332DDF8447733478827DE,2022-09-28,Recommendation,2022-10-04,2023-01-04,Fleet_Risk_Management,No Plans Agreed,2023-02-03,FBD1E7BA9564863B88D5C43CB833AFAF,24D22E03AFB23EDB45C6C8CFA16A280E,122.0,True,958.0,True,92.0,Other,414,6
Motor,3193D698DDA332DDF8447733478827DE,2022-09-28,Recommendation,2022-10-04,2023-01-04,Fleet_Risk_Management,No Plans Agreed,2023-02-03,FBD1E7BA9564863B88D5C43CB833AFAF,24D22E03AFB23EDB45C6C8CFA16A280E,122.0,True,958.0,True,92.0,Other,414,6
Motor,3193D698DDA332DDF8447733478827DE,2022-09-28,Recommendation,2022-10-04,2023-01-04,Fleet_Risk_Management,No Plans Agreed,2023-02-03,FBD1E7BA9564863B88D5C43CB833AFAF,24D22E03AFB23EDB45C6C8CFA16A280E,122.0,True,958.0,True,92.0,Other,414,6
Motor,3193D698DDA332DDF8447733478827DE,2022-09-28,Recommendation,2022-10-04,2023-01-04,Fleet_Risk_Management,No Plans Agreed,2023-02-03,FBD1E7BA9564863B88D5C43CB833AFAF,24D22E03AFB23EDB45C6C8CFA16A280E,122.0,True,958.0,True,92.0,Other,414,6
Motor,3193D698DDA332DDF8447733478827DE,2022-09-28,Recommendation,2022-10-04,2023-01-04,Fleet_Risk_Management,No Plans Agreed,2023-02-03,FBD1E7BA9564863B88D5C43CB833AFAF,24D22E03AFB23EDB45C6C8CFA16A280E,122.0,True,958.0,True,92.0,Other,414,6
Motor,3193D698DDA332DDF8447733478827DE,2022-09-28,Recommendation,2022-10-04,2023-01-04,Fleet_Risk_Management,No Plans Agreed,2023-02-03,FBD1E7BA9564863B88D5C43CB833AFAF,24D22E03AFB23EDB45C6C8CFA16A280E,122.0,True,958.0,True,92.0,Other,414,6
Motor,1F3AA2CDD2F1343FC62534C5A9033739,2024-02-26,Requirement,2024-02-26,2024-03-01,Fleet_Risk_Management,No Response,,534AC75C2E8AC3E3FE7BC32BB8C6E34A,D7FB95A565D5B96F24FD2A30A7231729,,True,536.0,True,4.0,Other,79,6
Motor,1F3AA2CDD2F1343FC62534C5A9033739,2024-02-26,Requirement,2024-02-26,2024-03-01,Fleet_Risk_Management,No Response,,534AC75C2E8AC3E3FE7BC32BB8C6E34A,D7FB95A565D5B96F24FD2A30A7231729,,True,536.0,True,4.0,Other,79,6
Motor,1F3AA2CDD2F1343FC62534C5A9033739,2024-02-26,Requirement,2024-02-26,2024-04-01,Claims_Defensibility,No Response,,534AC75C2E8AC3E3FE7BC32BB8C6E34A,D7FB95A565D5B96F24FD2A30A7231729,,True,505.0,True,35.0,Other,79,6
Motor,1F3AA2CDD2F1343FC62534C5A9033739,2024-02-26,Requirement,2024-02-26,,Fleet_Risk_Management,No Response,,534AC75C2E8AC3E3FE7BC32BB8C6E34A,D7FB95A565D5B96F24FD2A30A7231729,,True,0.0,False,,Other,79,6
Motor,1F3AA2CDD2F1343FC62534C5A9033739,2024-02-26,Requirement,2024-02-26,2024-03-01,Fleet_Risk_Management,No Response,,534AC75C2E8AC3E3FE7BC32BB8C6E34A,D7FB95A565D5B96F24FD2A30A7231729,,True,536.0,True,4.0,Other,79,6
Motor,1F3AA2CDD2F1343FC62534C5A9033739,2024-02-26,Requirement,2024-02-26,2024-03-01,Fleet_Risk_Management,No Response,,534AC75C2E8AC3E3FE7BC32BB8C6E34A,D7FB95A565D5B96F24FD2A30A7231729,,True,536.0,True,4.0,Other,79,6
Motor,09B2ED0713EC9D6B122BA2812CB725D8,2023-10-11,Recommendation,2023-10-12,2024-04-12,Fleet_Risk_Management,No Response,,534AC75C2E8AC3E3FE7BC32BB8C6E34A,112C61A276D0376F2F6B25DD3A337B1D,,True,494.0,True,183.0,Other,79,4
Motor,09B2ED0713EC9D6B122BA2812CB725D8,2023-10-11,Recommendation,2023-10-12,2024-04-12,Fleet_Risk_Management,No Response,,534AC75C2E8AC3E3FE7BC32BB8C6E34A,112C61A276D0376F2F6B25DD3A337B1D,,True,494.0,True,183.0,Other,79,4
Motor,09B2ED0713EC9D6B122BA2812CB725D8,2023-10-11,Recommendation,2023-10-12,2024-04-12,Fleet_Risk_Management,No Response,,534AC75C2E8AC3E3FE7BC32BB8C6E34A,112C61A276D0376F2F6B25DD3A337B1D,,True,494.0,True,183.0,Other,79,4
Motor,09B2ED0713EC9D6B122BA2812CB725D8,2023-10-11,Recommendation,2023-10-12,2024-04-12,Fleet_Risk_Management,No Response,,534AC75C2E8AC3E3FE7BC32BB8C6E34A,112C61A276D0376F2F6B25DD3A337B1D,,True,494.0,True,183.0,Other,79,4
Motor,1DF5251099199446BC2304C964DE1042,2023-05-17,Recommendation,2023-05-22,,Fleet_Risk_Management,Completed Verified,2023-06-07,534AC75C2E8AC3E3FE7BC32BB8C6E34A,94A990462684A2FBB5DFC7FAB1C8975D,16.0,True,0.0,False,,Other,79,1
Motor,C26CD8943CA2E440CD98434C35CE01A6,2023-05-17,Recommendation,2023-05-22,,Fleet_Risk_Management,Completed Verified,2023-06-07,534AC75C2E8AC3E3FE7BC32BB8C6E34A,94A990462684A2FBB5DFC7FAB1C8975D,16.0,True,0.0,False,,Other,79,1
Motor,0607FC9023829019F5C0491ABE1E27CD,2022-08-08,Recommendation,2022-08-08,2022-12-08,Fleet_Risk_Management,No Plans Agreed,2022-11-24,FBD1E7BA9564863B88D5C43CB833AFAF,4BAEE84AF7A92177C9064DDC2FC010CE,108.0,True,985.0,True,122.0,Other,414,4
Motor,0607FC9023829019F5C0491ABE1E27CD,2022-08-08,Recommendation,2022-08-08,2022-12-08,Fleet_Risk_Management,No Plans Agreed,2022-11-24,FBD1E7BA9564863B88D5C43CB833AFAF,4BAEE84AF7A92177C9064DDC2FC010CE,108.0,True,985.0,True,122.0,Other,414,4
Motor,0607FC9023829019F5C0491ABE1E27CD,2022-08-08,Recommendation,2022-08-08,2022-12-08,Fleet_Risk_Management,No Plans Agreed,2022-11-24,FBD1E7BA9564863B88D5C43CB833AFAF,4BAEE84AF7A92177C9064DDC2FC010CE,108.0,True,985.0,True,122.0,Other,414,4
Motor,0607FC9023829019F5C0491ABE1E27CD,2022-08-08,Recommendation,2022-08-08,2022-12-08,Fleet_Risk_Management,No Plans Agreed,2022-11-24,FBD1E7BA9564863B88D5C43CB833AFAF,4BAEE84AF7A92177C9064DDC2FC010CE,108.0,True,985.0,True,122.0,Other,414,4
Motor,6C19190D073F5A3E7CA37859C980124E,2024-03-28,Recommendation,2024-07-03,2024-11-03,Fleet_Risk_Management,No Response,,24D22E03AFB23EDB45C6C8CFA16A280E,C556331DE98FF0977430DADE00C6C714,,True,289.0,True,123.0,Other,23,4
Motor,6C19190D073F5A3E7CA37859C980124E,2024-03-28,Recommendation,2024-07-03,2024-11-03,Fleet_Risk_Management,No Response,,24D22E03AFB23EDB45C6C8CFA16A280E,C556331DE98FF0977430DADE00C6C714,,True,289.0,True,123.0,Other,23,4
Motor,6C19190D073F5A3E7CA37859C980124E,2024-03-28,Recommendation,2024-07-03,2024-11-03,Fleet_Risk_Management,No Response,,24D22E03AFB23EDB45C6C8CFA16A280E,C556331DE98FF0977430DADE00C6C714,,True,289.0,True,123.0,Other,23,4
Property,ADA4D1DAAD8938568C8AD7E5E25FBCB3,2024-04-24,Requirement,2024-05-28,2024-06-27,Housekeeping,In Process,,47B79BD259E22596FFC4BE2FFBBE5C5A,94A990462684A2FBB5DFC7FAB1C8975D,,True,418.0,True,30.0,Housekeeping,217,214
Property,ADA4D1DAAD8938568C8AD7E5E25FBCB3,2024-04-24,Requirement,2024-05-28,2024-06-27,Compartmentation,In Process,,47B79BD259E22596FFC4BE2FFBBE5C5A,94A990462684A2FBB5DFC7FAB1C8975D,,True,418.0,True,30.0,Other,217,214
Property,ADA4D1DAAD8938568C8AD7E5E25FBCB3,2024-04-24,Requirement,2024-05-28,2024-06-27,Compartmentation,In Process,,47B79BD259E22596FFC4BE2FFBBE5C5A,94A990462684A2FBB5DFC7FAB1C8975D,,True,418.0,True,30.0,Other,217,214
Property,ADA4D1DAAD8938568C8AD7E5E25FBCB3,2024-04-24,Requirement,2024-05-28,2024-06-27,Construction,In Process,,47B79BD259E22596FFC4BE2FFBBE5C5A,94A990462684A2FBB5DFC7FAB1C8975D,,True,418.0,True,30.0,Other,217,214
Property,ADA4D1DAAD8938568C8AD7E5E25FBCB3,2024-04-24,Requirement,2024-05-28,2024-06-27,Emergency_Response,In Process,,47B79BD259E22596FFC4BE2FFBBE5C5A,94A990462684A2FBB5DFC7FAB1C8975D,,True,418.0,True,30.0,Other,217,214
Property,ADA4D1DAAD8938568C8AD7E5E25FBCB3,2024-04-24,Requirement,2024-05-28,2024-06-27,Electrical_Maintenance,In Process,,47B79BD259E22596FFC4BE2FFBBE5C5A,94A990462684A2FBB5DFC7FAB1C8975D,,True,418.0,True,30.0,Other,217,214
Property,ADA4D1DAAD8938568C8AD7E5E25FBCB3,2024-04-24,Requirement,2024-05-28,2024-06-27,Automatic_Fire_Detection,In Process,,47B79BD259E22596FFC4BE2FFBBE5C5A,94A990462684A2FBB5DFC7FAB1C8975D,,True,418.0,True,30.0,Other,217,214
Property,ADA4D1DAAD8938568C8AD7E5E25FBCB3,2024-04-24,Requirement,2024-05-29,2024-06-28,Housekeeping,In Process,,8D8FCC1ABD550C5F25DBFAA57D59CB67,94A990462684A2FBB5DFC7FAB1C8975D,,True,417.0,True,30.0,Housekeeping,208,214
Property,ADA4D1DAAD8938568C8AD7E5E25FBCB3,2024-04-24,Requirement,2024-05-29,2024-06-28,Utilities,In Process,,8D8FCC1ABD550C5F25DBFAA57D59CB67,94A990462684A2FBB5DFC7FAB1C8975D,,True,417.0,True,30.0,Other,208,214
Property,ADA4D1DAAD8938568C8AD7E5E25FBCB3,2024-04-24,Requirement,2024-05-29,2024-06-28,Construction,In Process,,8D8FCC1ABD550C5F25DBFAA57D59CB67,94A990462684A2FBB5DFC7FAB1C8975D,,True,417.0,True,30.0,Other,208,214
Property,ADA4D1DAAD8938568C8AD7E5E25FBCB3,2024-04-24,Requirement,2024-05-29,2024-06-28,Emergency_Response,In Process,,8D8FCC1ABD550C5F25DBFAA57D59CB67,94A990462684A2FBB5DFC7FAB1C8975D,,True,417.0,True,30.0,Other,208,214
Property,ADA4D1DAAD8938568C8AD7E5E25FBCB3,2024-04-24,Requirement,2024-05-29,2024-06-28,Electrical_Maintenance,In Process,,8D8FCC1ABD550C5F25DBFAA57D59CB67,94A990462684A2FBB5DFC7FAB1C8975D,,True,417.0,True,30.0,Other,208,214
Property,ADA4D1DAAD8938568C8AD7E5E25FBCB3,2024-05-22,Requirement,2024-06-05,2024-07-03,Housekeeping,In Process,,8D8FCC1ABD550C5F25DBFAA57D59CB67,94A990462684A2FBB5DFC7FAB1C8975D,,True,412.0,True,28.0,Housekeeping,208,214
Property,ADA4D1DAAD8938568C8AD7E5E25FBCB3,2024-05-22,Requirement,2024-06-05,2024-07-03,Utilities,In Process,,8D8FCC1ABD550C5F25DBFAA57D59CB67,94A990462684A2FBB5DFC7FAB1C8975D,,True,412.0,True,28.0,Other,208,214
Property,ADA4D1DAAD8938568C8AD7E5E25FBCB3,2024-05-22,Requirement,2024-06-05,2024-07-03,Fire_Safety_Management,In Process,,8D8FCC1ABD550C5F25DBFAA57D59CB67,94A990462684A2FBB5DFC7FAB1C8975D,,True,412.0,True,28.0,Other,208,214
Property,ADA4D1DAAD8938568C8AD7E5E25FBCB3,2024-05-22,Requirement,2024-06-05,2024-07-03,Compartmentation,In Process,,8D8FCC1ABD550C5F25DBFAA57D59CB67,94A990462684A2FBB5DFC7FAB1C8975D,,True,412.0,True,28.0,Other,208,214
Property,ADA4D1DAAD8938568C8AD7E5E25FBCB3,2024-05-22,Requirement,2024-06-05,2024-07-03,Security,In Process,,8D8FCC1ABD550C5F25DBFAA57D59CB67,94A990462684A2FBB5DFC7FAB1C8975D,,True,412.0,True,28.0,Security,208,214
Property,ADA4D1DAAD8938568C8AD7E5E25FBCB3,2024-05-22,Requirement,2024-06-05,2024-07-03,Compartmentation,In Process,,8D8FCC1ABD550C5F25DBFAA57D59CB67,94A990462684A2FBB5DFC7FAB1C8975D,,True,412.0,True,28.0,Other,208,214
Property,ADA4D1DAAD8938568C8AD7E5E25FBCB3,2024-05-22,Requirement,2024-06-05,2024-07-03,Security,In Process,,8D8FCC1ABD550C5F25DBFAA57D59CB67,94A990462684A2FBB5DFC7FAB1C8975D,,True,412.0,True,28.0,Security,208,214
Property,ADA4D1DAAD8938568C8AD7E5E25FBCB3,2024-05-22,Requirement,2024-06-05,2024-07-03,Maintenance,In Process,,8D8FCC1ABD550C5F25DBFAA57D59CB67,94A990462684A2FBB5DFC7FAB1C8975D,,True,412.0,True,28.0,Maintenance,208,214
Property,ADA4D1DAAD8938568C8AD7E5E25FBCB3,2024-05-22,Requirement,2024-06-05,2024-07-03,Security,In Process,,8D8FCC1ABD550C5F25DBFAA57D59CB67,94A990462684A2FBB5DFC7FAB1C8975D,,True,412.0,True,28.0,Security,208,214
Property,ADA4D1DAAD8938568C8AD7E5E25FBCB3,2024-05-22,Recommendation,2024-06-05,,Maintenance,In Process,,8D8FCC1ABD550C5F25DBFAA57D59CB67,94A990462684A2FBB5DFC7FAB1C8975D,,True,0.0,False,,Maintenance,208,214
Property,ADA4D1DAAD8938568C8AD7E5E25FBCB3,2024-05-22,Recommendation,2024-06-05,,Automatic_Fire_Detection,In Process,,8D8FCC1ABD550C5F25DBFAA57D59CB67,94A990462684A2FBB5DFC7FAB1C8975D,,True,0.0,False,,Other,208,214
Property,ADA4D1DAAD8938568C8AD7E5E25FBCB3,2024-03-20,Requirement,2024-06-05,2024-07-03,Construction,In Process,,8D8FCC1ABD550C5F25DBFAA57D59CB67,94A990462684A2FBB5DFC7FAB1C8975D,,True,412.0,True,28.0,Other,208,214
Property,ADA4D1DAAD8938568C8AD7E5E25FBCB3,2024-03-20,Requirement,2024-06-05,2024-07-03,Construction,In Process,,8D8FCC1ABD550C5F25DBFAA57D59CB67,94A990462684A2FBB5DFC7FAB1C8975D,,True,412.0,True,28.0,Other,208,214
Property,ADA4D1DAAD8938568C8AD7E5E25FBCB3,2024-03-20,Requirement,2024-06-05,2024-07-03,,In Process,,8D8FCC1ABD550C5F25DBFAA57D59CB67,94A990462684A2FBB5DFC7FAB1C8975D,,True,412.0,True,28.0,Other,208,214
Property,ADA4D1DAAD8938568C8AD7E5E25FBCB3,2024-03-20,Requirement,2024-06-05,2024-07-03,Maintenance,In Process,,8D8FCC1ABD550C5F25DBFAA57D59CB67,94A990462684A2FBB5DFC7FAB1C8975D,,True,412.0,True,28.0,Maintenance,208,214
Property,ADA4D1DAAD8938568C8AD7E5E25FBCB3,2024-03-20,Requirement,2024-06-05,2024-07-03,Compartmentation,In Process,,8D8FCC1ABD550C5F25DBFAA57D59CB67,94A990462684A2FBB5DFC7FAB1C8975D,,True,412.0,True,28.0,Other,208,214
Property,ADA4D1DAAD8938568C8AD7E5E25FBCB3,2024-03-20,Requirement,2024-06-05,2024-07-03,Fire_Service_and_Water_Supplies,In Process,,8D8FCC1ABD550C5F25DBFAA57D59CB67,94A990462684A2FBB5DFC7FAB1C8975D,,True,412.0,True,28.0,Other,208,214
Property,ADA4D1DAAD8938568C8AD7E5E25FBCB3,2024-03-20,Requirement,2024-06-05,2024-07-03,Housekeeping,In Process,,8D8FCC1ABD550C5F25DBFAA57D59CB67,94A990462684A2FBB5DFC7FAB1C8975D,,True,412.0,True,28.0,Housekeeping,208,214
Property,ADA4D1DAAD8938568C8AD7E5E25FBCB3,2024-03-20,Requirement,2024-06-05,2024-07-03,Maintenance,In Process,,8D8FCC1ABD550C5F25DBFAA57D59CB67,94A990462684A2FBB5DFC7FAB1C8975D,,True,412.0,True,28.0,Maintenance,208,214
Property,ADA4D1DAAD8938568C8AD7E5E25FBCB3,2024-03-20,Requirement,2024-06-05,2024-07-03,Fire_Safety_Management,In Process,,8D8FCC1ABD550C5F25DBFAA57D59CB67,94A990462684A2FBB5DFC7FAB1C8975D,,True,412.0,True,28.0,Other,208,214
Property,ADA4D1DAAD8938568C8AD7E5E25FBCB3,2024-03-20,Requirement,2024-06-05,2024-07-03,Housekeeping,In Process,,8D8FCC1ABD550C5F25DBFAA57D59CB67,94A990462684A2FBB5DFC7FAB1C8975D,,True,412.0,True,28.0,Housekeeping,208,214
Property,ADA4D1DAAD8938568C8AD7E5E25FBCB3,2024-03-20,Requirement,2024-06-05,2024-07-03,Storage_Hazards,In Process,,8D8FCC1ABD550C5F25DBFAA57D59CB67,94A990462684A2FBB5DFC7FAB1C8975D,,True,412.0,True,28.0,Other,208,214
Property,ADA4D1DAAD8938568C8AD7E5E25FBCB3,2024-03-20,Requirement,2024-06-05,2024-07-03,Security,In Process,,8D8FCC1ABD550C5F25DBFAA57D59CB67,94A990462684A2FBB5DFC7FAB1C8975D,,True,412.0,True,28.0,Security,208,214
Property,ADA4D1DAAD8938568C8AD7E5E25FBCB3,2024-03-20,Requirement,2024-06-05,2024-07-03,Security,In Process,,8D8FCC1ABD550C5F25DBFAA57D59CB67,94A990462684A2FBB5DFC7FAB1C8975D,,True,412.0,True,28.0,Security,208,214
Property,ADA4D1DAAD8938568C8AD7E5E25FBCB3,2024-03-20,Requirement,2024-06-05,2024-07-03,Security,In Process,,8D8FCC1ABD550C5F25DBFAA57D59CB67,94A990462684A2FBB5DFC7FAB1C8975D,,True,412.0,True,28.0,Security,208,214
Property,ADA4D1DAAD8938568C8AD7E5E25FBCB3,2024-03-20,Requirement,2024-06-05,2024-07-03,Housekeeping,In Process,,8D8FCC1ABD550C5F25DBFAA57D59CB67,94A990462684A2FBB5DFC7FAB1C8975D,,True,412.0,True,28.0,Housekeeping,208,214
Property,ADA4D1DAAD8938568C8AD7E5E25FBCB3,2024-03-20,Requirement,2024-06-05,2024-07-03,Fire_Safety_Management,In Process,,8D8FCC1ABD550C5F25DBFAA57D59CB67,94A990462684A2FBB5DFC7FAB1C8975D,,True,412.0,True,28.0,Other,208,214
Property,ADA4D1DAAD8938568C8AD7E5E25FBCB3,2024-03-20,Requirement,2024-06-05,2024-07-03,Emergency_Response,In Process,,8D8FCC1ABD550C5F25DBFAA57D59CB67,94A990462684A2FBB5DFC7FAB1C8975D,,True,412.0,True,28.0,Other,208,214
Property,ADA4D1DAAD8938568C8AD7E5E25FBCB3,2024-03-20,Requirement,2024-06-05,2024-07-03,Fire_Service_and_Water_Supplies,In Process,,8D8FCC1ABD550C5F25DBFAA57D59CB67,94A990462684A2FBB5DFC7FAB1C8975D,,True,412.0,True,28.0,Other,208,214
Property,ADA4D1DAAD8938568C8AD7E5E25FBCB3,2024-03-20,Requirement,2024-06-05,2024-07-03,Fire_Safety_Management,In Process,,8D8FCC1ABD550C5F25DBFAA57D59CB67,94A990462684A2FBB5DFC7FAB1C8975D,,True,412.0,True,28.0,Other,208,214
Property,ADA4D1DAAD8938568C8AD7E5E25FBCB3,2024-03-20,Requirement,2024-06-05,2024-07-03,Fire_Safety_Management,In Process,,8D8FCC1ABD550C5F25DBFAA57D59CB67,94A990462684A2FBB5DFC7FAB1C8975D,,True,412.0,True,28.0,Other,208,214
Property,ADA4D1DAAD8938568C8AD7E5E25FBCB3,2024-03-20,Requirement,2024-06-05,2024-07-03,Security,In Process,,8D8FCC1ABD550C5F25DBFAA57D59CB67,94A990462684A2FBB5DFC7FAB1C8975D,,True,412.0,True,28.0,Security,208,214
Property,ADA4D1DAAD8938568C8AD7E5E25FBCB3,2024-03-20,Recommendation,2024-06-05,,Compartmentation,In Process,,8D8FCC1ABD550C5F25DBFAA57D59CB67,94A990462684A2FBB5DFC7FAB1C8975D,,True,0.0,False,,Other,208,214
Property,ADA4D1DAAD8938568C8AD7E5E25FBCB3,2024-03-20,Recommendation,2024-06-05,,Electrical_Maintenance,In Process,,8D8FCC1ABD550C5F25DBFAA57D59CB67,94A990462684A2FBB5DFC7FAB1C8975D,,True,0.0,False,,Other,208,214
Property,ADA4D1DAAD8938568C8AD7E5E25FBCB3,2024-03-20,Recommendation,2024-06-05,,Fire_Safety_Management,In Process,,8D8FCC1ABD550C5F25DBFAA57D59CB67,94A990462684A2FBB5DFC7FAB1C8975D,,True,0.0,False,,Other,208,214
Property,ADA4D1DAAD8938568C8AD7E5E25FBCB3,2024-05-22,Requirement,2024-06-14,,General_Maintenance,In Process,,8D8FCC1ABD550C5F25DBFAA57D59CB67,94A990462684A2FBB5DFC7FAB1C8975D,,True,0.0,False,,Other,208,214
Property,ADA4D1DAAD8938568C8AD7E5E25FBCB3,2024-05-22,Requirement,2024-06-14,,Construction,In Process,,8D8FCC1ABD550C5F25DBFAA57D59CB67,94A990462684A2FBB5DFC7FAB1C8975D,,True,0.0,False,,Other,208,214
Property,ADA4D1DAAD8938568C8AD7E5E25FBCB3,2024-05-22,Requirement,2024-06-14,,Security,In Process,,8D8FCC1ABD550C5F25DBFAA57D59CB67,94A990462684A2FBB5DFC7FAB1C8975D,,True,0.0,False,,Security,208,214
Property,ADA4D1DAAD8938568C8AD7E5E25FBCB3,2024-05-22,Recommendation,2024-06-14,,Construction,In Process,,8D8FCC1ABD550C5F25DBFAA57D59CB67,94A990462684A2FBB5DFC7FAB1C8975D,,True,0.0,False,,Other,208,214
Property,ADA4D1DAAD8938568C8AD7E5E25FBCB3,2024-05-30,Requirement,2024-06-14,2024-07-12,Construction,In Process,,8D8FCC1ABD550C5F25DBFAA57D59CB67,94A990462684A2FBB5DFC7FAB1C8975D,,True,403.0,True,28.0,Other,208,214
Property,ADA4D1DAAD8938568C8AD7E5E25FBCB3,2024-05-30,Requirement,2024-06-14,2024-07-12,Emergency_Response,In Process,,8D8FCC1ABD550C5F25DBFAA57D59CB67,94A990462684A2FBB5DFC7FAB1C8975D,,True,403.0,True,28.0,Other,208,214
Property,ADA4D1DAAD8938568C8AD7E5E25FBCB3,2024-05-30,Requirement,2024-06-14,2024-07-12,Security,In Process,,8D8FCC1ABD550C5F25DBFAA57D59CB67,94A990462684A2FBB5DFC7FAB1C8975D,,True,403.0,True,28.0,Security,208,214
Property,ADA4D1DAAD8938568C8AD7E5E25FBCB3,2024-05-30,Requirement,2024-06-14,2024-07-12,Fire_Safety_Management,In Process,,8D8FCC1ABD550C5F25DBFAA57D59CB67,94A990462684A2FBB5DFC7FAB1C8975D,,True,403.0,True,28.0,Other,208,214
Property,ADA4D1DAAD8938568C8AD7E5E25FBCB3,2024-05-30,Requirement,2024-06-14,2024-07-12,Fire_Safety_Management,In Process,,8D8FCC1ABD550C5F25DBFAA57D59CB67,94A990462684A2FBB5DFC7FAB1C8975D,,True,403.0,True,28.0,Other,208,214
Property,ADA4D1DAAD8938568C8AD7E5E25FBCB3,2024-05-30,Requirement,2024-06-14,2024-07-12,Automatic_Fire_Detection,In Process,,8D8FCC1ABD550C5F25DBFAA57D59CB67,94A990462684A2FBB5DFC7FAB1C8975D,,True,403.0,True,28.0,Other,208,214
Property,ADA4D1DAAD8938568C8AD7E5E25FBCB3,2024-05-30,Requirement,2024-06-14,2024-07-12,Compartmentation,In Process,,8D8FCC1ABD550C5F25DBFAA57D59CB67,94A990462684A2FBB5DFC7FAB1C8975D,,True,403.0,True,28.0,Other,208,214
Property,ADA4D1DAAD8938568C8AD7E5E25FBCB3,2024-05-30,Requirement,2024-06-14,2024-07-12,Housekeeping,In Process,,8D8FCC1ABD550C5F25DBFAA57D59CB67,94A990462684A2FBB5DFC7FAB1C8975D,,True,403.0,True,28.0,Housekeeping,208,214
Property,ADA4D1DAAD8938568C8AD7E5E25FBCB3,2024-05-30,Requirement,2024-06-14,2024-07-12,Automatic_Fire_Detection,In Process,,8D8FCC1ABD550C5F25DBFAA57D59CB67,94A990462684A2FBB5DFC7FAB1C8975D,,True,403.0,True,28.0,Other,208,214
Property,ADA4D1DAAD8938568C8AD7E5E25FBCB3,2024-05-30,Recommendation,2024-06-14,2024-07-12,Compartmentation,In Process,,8D8FCC1ABD550C5F25DBFAA57D59CB67,94A990462684A2FBB5DFC7FAB1C8975D,,True,403.0,True,28.0,Other,208,214
Property,ADA4D1DAAD8938568C8AD7E5E25FBCB3,2024-05-30,Recommendation,2024-06-14,,Compartmentation,In Process,,8D8FCC1ABD550C5F25DBFAA57D59CB67,94A990462684A2FBB5DFC7FAB1C8975D,,True,0.0,False,,Other,208,214
Property,ADA4D1DAAD8938568C8AD7E5E25FBCB3,2024-05-30,Recommendation,2024-06-14,,Compartmentation,In Process,,8D8FCC1ABD550C5F25DBFAA57D59CB67,94A990462684A2FBB5DFC7FAB1C8975D,,True,0.0,False,,Other,208,214
Property,ADA4D1DAAD8938568C8AD7E5E25FBCB3,2024-05-30,Recommendation,2024-06-14,,Housekeeping,In Process,,8D8FCC1ABD550C5F25DBFAA57D59CB67,94A990462684A2FBB5DFC7FAB1C8975D,,True,0.0,False,,Housekeeping,208,214
Property,A08CC6BF226F3D284B6E2BD3FE4D7539,2024-07-11,Requirement,2024-07-15,2024-10-15,Construction,In Process,,47B79BD259E22596FFC4BE2FFBBE5C5A,3529EDE45DAEEC7141E93EEF3FFC0638,,True,308.0,True,92.0,Other,217,5
Property,A08CC6BF226F3D284B6E2BD3FE4D7539,2024-07-11,Requirement,2024-07-15,2024-10-15,Fire_Safety_Management,In Process,,47B79BD259E22596FFC4BE2FFBBE5C5A,3529EDE45DAEEC7141E93EEF3FFC0638,,True,308.0,True,92.0,Other,217,5
Property,A08CC6BF226F3D284B6E2BD3FE4D7539,2024-07-11,Requirement,2024-07-15,2024-10-15,Permits_to_Work,In Process,,47B79BD259E22596FFC4BE2FFBBE5C5A,3529EDE45DAEEC7141E93EEF3FFC0638,,True,308.0,True,92.0,Other,217,5
Property,A08CC6BF226F3D284B6E2BD3FE4D7539,2024-07-11,Requirement,2024-07-15,2024-10-15,Process_Hazards,In Process,,47B79BD259E22596FFC4BE2FFBBE5C5A,3529EDE45DAEEC7141E93EEF3FFC0638,,True,308.0,True,92.0,Other,217,5
Property,A08CC6BF226F3D284B6E2BD3FE4D7539,2024-07-11,Recommendation,2024-07-15,,Construction,In Process,,47B79BD259E22596FFC4BE2FFBBE5C5A,3529EDE45DAEEC7141E93EEF3FFC0638,,True,0.0,False,,Other,217,5
Property,9BE913CB6F013CE2D69A4B026901C26D,2024-06-10,Requirement,2024-06-11,2024-07-10,Housekeeping,In Process,,8D8FCC1ABD550C5F25DBFAA57D59CB67,0F4BDA3A8E49E714C26EF610E2893454,,True,405.0,True,29.0,Housekeeping,208,6
Property,9BE913CB6F013CE2D69A4B026901C26D,2024-06-10,Requirement,2024-06-11,2024-07-10,Fire_Safety_Management,In Process,,8D8FCC1ABD550C5F25DBFAA57D59CB67,0F4BDA3A8E49E714C26EF610E2893454,,True,405.0,True,29.0,Other,208,6
Property,9BE913CB6F013CE2D69A4B026901C26D,2024-06-10,Requirement,2024-06-11,2024-07-10,Housekeeping,In Process,,8D8FCC1ABD550C5F25DBFAA57D59CB67,0F4BDA3A8E49E714C26EF610E2893454,,True,405.0,True,29.0,Housekeeping,208,6
Property,9BE913CB6F013CE2D69A4B026901C26D,2024-06-10,Requirement,2024-06-11,2024-07-10,Housekeeping,In Process,,8D8FCC1ABD550C5F25DBFAA57D59CB67,0F4BDA3A8E49E714C26EF610E2893454,,True,405.0,True,29.0,Housekeeping,208,6
Property,9BE913CB6F013CE2D69A4B026901C26D,2024-06-10,Recommendation,2024-06-11,2024-07-10,Construction,In Process,,8D8FCC1ABD550C5F25DBFAA57D59CB67,0F4BDA3A8E49E714C26EF610E2893454,,True,405.0,True,29.0,Other,208,6
Property,9BE913CB6F013CE2D69A4B026901C26D,2024-06-10,Recommendation,2024-06-11,2024-07-10,Housekeeping,In Process,,8D8FCC1ABD550C5F25DBFAA57D59CB67,0F4BDA3A8E49E714C26EF610E2893454,,True,405.0,True,29.0,Housekeeping,208,6
Liability,633F2D50C9666E9F120A34B576D9D96A,2024-07-08,Requirement,2024-07-10,2024-09-10,Risk_Assessment,In Process,,47B79BD259E22596FFC4BE2FFBBE5C5A,08AD08F6491037714D09263A79BEBFBA,,True,343.0,True,62.0,Other,217,8
Liability,633F2D50C9666E9F120A34B576D9D96A,2024-07-08,Requirement,2024-07-10,2024-10-10,Manual_Handling,In Process,,47B79BD259E22596FFC4BE2FFBBE5C5A,08AD08F6491037714D09263A79BEBFBA,,True,313.0,True,92.0,Other,217,8
Liability,633F2D50C9666E9F120A34B576D9D96A,2024-07-08,Requirement,2024-07-10,2024-10-10,Risk_Assessment,In Process,,47B79BD259E22596FFC4BE2FFBBE5C5A,08AD08F6491037714D09263A79BEBFBA,,True,313.0,True,92.0,Other,217,8
Liability,633F2D50C9666E9F120A34B576D9D96A,2024-07-08,Requirement,2024-07-10,2024-10-10,Accident_Investigation,In Process,,47B79BD259E22596FFC4BE2FFBBE5C5A,08AD08F6491037714D09263A79BEBFBA,,True,313.0,True,92.0,Other,217,8
Liability,633F2D50C9666E9F120A34B576D9D96A,2024-07-08,Requirement,2024-07-10,2024-10-10,Construction,In Process,,47B79BD259E22596FFC4BE2FFBBE5C5A,08AD08F6491037714D09263A79BEBFBA,,True,313.0,True,92.0,Other,217,8
Liability,633F2D50C9666E9F120A34B576D9D96A,2024-07-08,Recommendation,2024-07-10,,Process_Hazards,In Process,,47B79BD259E22596FFC4BE2FFBBE5C5A,08AD08F6491037714D09263A79BEBFBA,,True,0.0,False,,Other,217,8
Liability,633F2D50C9666E9F120A34B576D9D96A,2024-07-08,Recommendation,2024-07-10,,Personal_Protective_Equipment,In Process,,47B79BD259E22596FFC4BE2FFBBE5C5A,08AD08F6491037714D09263A79BEBFBA,,True,0.0,False,,Other,217,8
Liability,633F2D50C9666E9F120A34B576D9D96A,2024-07-08,Recommendation,2024-07-10,,Safe_Operating_Procedures,In Process,,47B79BD259E22596FFC4BE2FFBBE5C5A,08AD08F6491037714D09263A79BEBFBA,,True,0.0,False,,Other,217,8
Property,6867FDA02E2A443452E2B9EF9D5E320D,2024-07-17,Requirement,2024-07-22,2024-08-19,Construction,No Response,,8D8FCC1ABD550C5F25DBFAA57D59CB67,A8522B770693A6C14A26F3AEEEC134A9,,True,365.0,True,28.0,Other,208,4
Property,6867FDA02E2A443452E2B9EF9D5E320D,2024-07-17,Requirement,2024-07-22,2024-08-19,Other_Perils,No Response,,8D8FCC1ABD550C5F25DBFAA57D59CB67,A8522B770693A6C14A26F3AEEEC134A9,,True,365.0,True,28.0,Other,208,4
Property,6867FDA02E2A443452E2B9EF9D5E320D,2024-07-17,Requirement,2024-07-22,2024-08-19,Fire_Service_and_Water_Supplies,No Response,,8D8FCC1ABD550C5F25DBFAA57D59CB67,A8522B770693A6C14A26F3AEEEC134A9,,True,365.0,True,28.0,Other,208,4
Property,6867FDA02E2A443452E2B9EF9D5E320D,2024-07-17,Recommendation,2024-07-22,2024-08-19,Construction,No Response,,8D8FCC1ABD550C5F25DBFAA57D59CB67,A8522B770693A6C14A26F3AEEEC134A9,,True,365.0,True,28.0,Other,208,4
Property,F3C287FF679413FEA0B35428DD73DB91,2024-07-17,Requirement,2024-07-26,2024-08-23,Compartmentation,No Response,,8D8FCC1ABD550C5F25DBFAA57D59CB67,5BC06F5800D415CC95E1349EDBACA425,,True,361.0,True,28.0,Other,208,5
Property,F3C287FF679413FEA0B35428DD73DB91,2024-07-17,Requirement,2024-07-26,2024-08-23,Housekeeping,No Response,,8D8FCC1ABD550C5F25DBFAA57D59CB67,5BC06F5800D415CC95E1349EDBACA425,,True,361.0,True,28.0,Housekeeping,208,5
Property,F3C287FF679413FEA0B35428DD73DB91,2024-07-17,Requirement,2024-07-26,2024-08-23,Other_Perils,No Response,,8D8FCC1ABD550C5F25DBFAA57D59CB67,5BC06F5800D415CC95E1349EDBACA425,,True,361.0,True,28.0,Other,208,5
Property,F3C287FF679413FEA0B35428DD73DB91,2024-07-17,Requirement,2024-07-26,2024-08-23,Other_Perils,No Response,,8D8FCC1ABD550C5F25DBFAA57D59CB67,5BC06F5800D415CC95E1349EDBACA425,,True,361.0,True,28.0,Other,208,5
Property,F3C287FF679413FEA0B35428DD73DB91,2024-07-17,Recommendation,2024-07-26,,Housekeeping,No Response,,8D8FCC1ABD550C5F25DBFAA57D59CB67,5BC06F5800D415CC95E1349EDBACA425,,True,0.0,False,,Housekeeping,208,5
Liability,7FE24D62A3CB27C850CA6A48BDBD6782,,Requirement,,2024-11-26,Management_of_Change,No Response,,47B79BD259E22596FFC4BE2FFBBE5C5A,88183B946CC5F0E8C96B2E66E1C74A7E,,True,266.0,True,,Other,217,6
Liability,7FE24D62A3CB27C850CA6A48BDBD6782,,Requirement,,2024-09-26,Fire_Safety_Management,No Response,,47B79BD259E22596FFC4BE2FFBBE5C5A,88183B946CC5F0E8C96B2E66E1C74A7E,,True,327.0,True,,Other,217,6
Liability,7FE24D62A3CB27C850CA6A48BDBD6782,,Requirement,,2024-10-26,Compartmentation,No Response,,47B79BD259E22596FFC4BE2FFBBE5C5A,88183B946CC5F0E8C96B2E66E1C74A7E,,True,297.0,True,,Other,217,6
Liability,7FE24D62A3CB27C850CA6A48BDBD6782,,Requirement,,2024-11-26,General_Maintenance,No Response,,47B79BD259E22596FFC4BE2FFBBE5C5A,88183B946CC5F0E8C96B2E66E1C74A7E,,True,266.0,True,,Other,217,6
Liability,7FE24D62A3CB27C850CA6A48BDBD6782,,Requirement,,2024-08-26,Flammable_Liquids,No Response,,47B79BD259E22596FFC4BE2FFBBE5C5A,88183B946CC5F0E8C96B2E66E1C74A7E,,True,358.0,True,,Other,217,6
Liability,7FE24D62A3CB27C850CA6A48BDBD6782,,Recommendation,,,Electrical_Maintenance,No Response,,47B79BD259E22596FFC4BE2FFBBE5C5A,88183B946CC5F0E8C96B2E66E1C74A7E,,True,0.0,False,,Other,217,6
Liability,0F0080471477661BD13797739985BD85,,,2024-08-23,2024-10-23,,In Process,,47B79BD259E22596FFC4BE2FFBBE5C5A,08AD08F6491037714D09263A79BEBFBA,,True,300.0,True,61.0,Other,217,3
Liability,0F0080471477661BD13797739985BD85,,,2024-08-23,2024-10-23,,In Process,,47B79BD259E22596FFC4BE2FFBBE5C5A,08AD08F6491037714D09263A79BEBFBA,,True,300.0,True,61.0,Other,217,3
Liability,0F0080471477661BD13797739985BD85,,,2024-08-23,2024-10-23,,In Process,,47B79BD259E22596FFC4BE2FFBBE5C5A,08AD08F6491037714D09263A79BEBFBA,,True,300.0,True,61.0,Other,217,3
Property,0443B7F145B83436DD8A87A821903543,2024-04-03,Requirement,2024-07-10,2024-10-10,Special_Fixed_Fire_Protection,In Process,,47B79BD259E22596FFC4BE2FFBBE5C5A,F4A5F77DBC261A64BD853D05F8410365,,True,313.0,True,92.0,Other,217,13
Property,0443B7F145B83436DD8A87A821903543,2024-04-03,Requirement,2024-07-10,2024-09-10,Compartmentation,In Process,,47B79BD259E22596FFC4BE2FFBBE5C5A,F4A5F77DBC261A64BD853D05F8410365,,True,343.0,True,62.0,Other,217,13
Property,0443B7F145B83436DD8A87A821903543,2024-04-03,Requirement,2024-07-10,2024-09-10,Utilities,In Process,,47B79BD259E22596FFC4BE2FFBBE5C5A,F4A5F77DBC261A64BD853D05F8410365,,True,343.0,True,62.0,Other,217,13
Property,0443B7F145B83436DD8A87A821903543,2024-04-03,Requirement,2024-07-10,2024-09-10,Risk_Assessment,In Process,,47B79BD259E22596FFC4BE2FFBBE5C5A,F4A5F77DBC261A64BD853D05F8410365,,True,343.0,True,62.0,Other,217,13
Property,0443B7F145B83436DD8A87A821903543,2024-04-03,Requirement,2024-07-10,2024-09-10,Sprinkler_Protection,In Process,,47B79BD259E22596FFC4BE2FFBBE5C5A,F4A5F77DBC261A64BD853D05F8410365,,True,343.0,True,62.0,Other,217,13
Property,0443B7F145B83436DD8A87A821903543,2024-04-03,Requirement,2024-07-10,2024-10-10,Business_Continuity,In Process,,47B79BD259E22596FFC4BE2FFBBE5C5A,F4A5F77DBC261A64BD853D05F8410365,,True,313.0,True,92.0,Other,217,13
Property,0443B7F145B83436DD8A87A821903543,2024-04-03,Recommendation,2024-07-10,2024-09-10,Storage_Hazards,In Process,,47B79BD259E22596FFC4BE2FFBBE5C5A,F4A5F77DBC261A64BD853D05F8410365,,True,343.0,True,62.0,Other,217,13
Property,0443B7F145B83436DD8A87A821903543,2024-04-03,Recommendation,2024-07-10,,Business_Continuity,In Process,,47B79BD259E22596FFC4BE2FFBBE5C5A,F4A5F77DBC261A64BD853D05F8410365,,True,0.0,False,,Other,217,13
Property,0443B7F145B83436DD8A87A821903543,2024-04-03,Requirement,2024-07-10,,Fire_Service_and_Water_Supplies,In Process,,47B79BD259E22596FFC4BE2FFBBE5C5A,F4A5F77DBC261A64BD853D05F8410365,,True,0.0,False,,Other,217,13
Property,0443B7F145B83436DD8A87A821903543,2024-04-03,Requirement,2024-07-10,,Sprinkler_Protection,In Process,,47B79BD259E22596FFC4BE2FFBBE5C5A,F4A5F77DBC261A64BD853D05F8410365,,True,0.0,False,,Other,217,13
Property,0443B7F145B83436DD8A87A821903543,2024-04-03,Recommendation,2024-07-10,,Special_Fixed_Fire_Protection,In Process,,47B79BD259E22596FFC4BE2FFBBE5C5A,F4A5F77DBC261A64BD853D05F8410365,,True,0.0,False,,Other,217,13
Property,0443B7F145B83436DD8A87A821903543,2024-04-03,Requirement,2024-07-03,2024-09-03,Compartmentation,In Process,,47B79BD259E22596FFC4BE2FFBBE5C5A,F4A5F77DBC261A64BD853D05F8410365,,True,350.0,True,62.0,Other,217,13
Property,0443B7F145B83436DD8A87A821903543,2024-04-03,Requirement,2024-07-03,2024-09-03,Emergency_Response,In Process,,47B79BD259E22596FFC4BE2FFBBE5C5A,F4A5F77DBC261A64BD853D05F8410365,,True,350.0,True,62.0,Other,217,13
